code,name,category,configuration_type,status,priority,parameter_count,reference_range_required,reference_range_count,qualitative_config_required,analyzer_mapping_required,analyzer_mapping_count,method,specimen,active_rate,action_reason
"ALG-0049","Food Allergy Panel","Allergy","PROFILE_PANEL","ACTION_REQUIRED","P0",0,"FALSE",0,"FALSE","FALSE",0,"Multiplex/Specific IgE panel","Serum","RATE_PENDING","NO_PARAMETERS; RATE_MISSING"
"ALG-0050","Inhalant Allergy Panel","Allergy","PROFILE_PANEL","ACTION_REQUIRED","P0",0,"FALSE",0,"FALSE","FALSE",0,"Multiplex/Specific IgE panel","Serum","RATE_PENDING","NO_PARAMETERS; RATE_MISSING"
"ALG-0051","Pediatric Allergy Panel","Allergy","PROFILE_PANEL","ACTION_REQUIRED","P0",0,"FALSE",0,"FALSE","FALSE",0,"Multiplex/Specific IgE panel","Serum","RATE_PENDING","NO_PARAMETERS; RATE_MISSING"
"ALG-0052","Atopy Screen","Allergy","IMMUNOASSAY","ACTION_REQUIRED","P0",0,"TRUE",0,"FALSE","FALSE",0,"Multiplex/Specific IgE panel","Serum","RATE_PENDING","NO_PARAMETERS; RATE_MISSING"
"BIO-0141","Cystatin C","Clinical Biochemistry","ANALYZER_CHEMISTRY","ACTION_REQUIRED","P0",0,"TRUE",0,"FALSE","FALSE",0,"Method Pending Clinical Validation","Specimen Pending Validation","1200.00","NO_PARAMETERS"
"END-0056","Oral Glucose Tolerance Test (75 g)","Endocrinology","IMMUNOASSAY","ACTION_REQUIRED","P0",0,"TRUE",0,"FALSE","FALSE",0,"Protocol-based timed testing","Serum/Plasma at timed intervals","RATE_PENDING","NO_PARAMETERS; RATE_MISSING"
"END-0057","Gestational OGTT 75 g","Endocrinology","IMMUNOASSAY","ACTION_REQUIRED","P0",0,"TRUE",0,"FALSE","FALSE",0,"Protocol-based timed testing","Serum/Plasma at timed intervals","RATE_PENDING","NO_PARAMETERS; RATE_MISSING"
"END-0058","Glucose Challenge Test 50 g","Endocrinology","IMMUNOASSAY","ACTION_REQUIRED","P0",0,"TRUE",0,"FALSE","FALSE",0,"Protocol-based timed testing","Serum/Plasma at timed intervals","RATE_PENDING","NO_PARAMETERS; RATE_MISSING"
"END-0059","Dexamethasone Suppression Test - Overnight","Endocrinology","IMMUNOASSAY","ACTION_REQUIRED","P0",0,"TRUE",0,"FALSE","FALSE",0,"Protocol-based timed testing","Serum/Plasma at timed intervals","RATE_PENDING","NO_PARAMETERS; RATE_MISSING"
"END-0060","Low Dose Dexamethasone Suppression Test","Endocrinology","IMMUNOASSAY","ACTION_REQUIRED","P0",0,"TRUE",0,"FALSE","FALSE",0,"Protocol-based timed testing","Serum/Plasma at timed intervals","RATE_PENDING","NO_PARAMETERS; RATE_MISSING"
"END-0061","High Dose Dexamethasone Suppression Test","Endocrinology","IMMUNOASSAY","ACTION_REQUIRED","P0",0,"TRUE",0,"FALSE","FALSE",0,"Protocol-based timed testing","Serum/Plasma at timed intervals","RATE_PENDING","NO_PARAMETERS; RATE_MISSING"
"END-0062","ACTH Stimulation Test","Endocrinology","IMMUNOASSAY","ACTION_REQUIRED","P0",0,"TRUE",0,"FALSE","FALSE",0,"Protocol-based timed testing","Serum/Plasma at timed intervals","RATE_PENDING","NO_PARAMETERS; RATE_MISSING"
"END-0063","Growth Hormone Suppression Test","Endocrinology","IMMUNOASSAY","ACTION_REQUIRED","P0",0,"TRUE",0,"FALSE","FALSE",0,"Protocol-based timed testing","Serum/Plasma at timed intervals","RATE_PENDING","NO_PARAMETERS; RATE_MISSING"
"END-0064","Growth Hormone Stimulation Test","Endocrinology","IMMUNOASSAY","ACTION_REQUIRED","P0",0,"TRUE",0,"FALSE","FALSE",0,"Protocol-based timed testing","Serum/Plasma at timed intervals","RATE_PENDING","NO_PARAMETERS; RATE_MISSING"
"END-0065","Water Deprivation Test","Endocrinology","IMMUNOASSAY","ACTION_REQUIRED","P0",0,"TRUE",0,"FALSE","FALSE",0,"Protocol-based timed testing","Serum/Plasma at timed intervals","RATE_PENDING","NO_PARAMETERS; RATE_MISSING"
"IMM-0027","Lupus Anticoagulant Panel","Immunology","PROFILE_PANEL","ACTION_REQUIRED","P0",0,"FALSE",0,"FALSE","FALSE",0,"ELISA/IFA/Immunoassay as validated","Serum","RATE_PENDING","NO_PARAMETERS; RATE_MISSING"
"POC-0002","Venous Blood Gas (VBG)","Point of Care / Blood Gas","ANALYZER_CHEMISTRY","ACTION_REQUIRED","P0",0,"TRUE",0,"FALSE","FALSE",0,"Blood gas analyzer","Heparinized arterial/venous whole blood","RATE_PENDING","NO_PARAMETERS; RATE_MISSING"
"PRO-0010","Fertility Female Profile","Profiles / Packages","PROFILE_PANEL","ACTION_REQUIRED","P0",0,"FALSE",0,"FALSE","FALSE",0,"Composite panel","Multiple specimens as applicable","RATE_PENDING","NO_PARAMETERS; RATE_MISSING"
"PRO-0011","Fertility Male Profile","Profiles / Packages","PROFILE_PANEL","ACTION_REQUIRED","P0",0,"FALSE",0,"FALSE","FALSE",0,"Composite panel","Multiple specimens as applicable","RATE_PENDING","NO_PARAMETERS; RATE_MISSING"
"PRO-0012","PCOS Profile","Profiles / Packages","PROFILE_PANEL","ACTION_REQUIRED","P0",0,"FALSE",0,"FALSE","FALSE",0,"Composite panel","Multiple specimens as applicable","RATE_PENDING","NO_PARAMETERS; RATE_MISSING"
"PRO-0013","Anemia Profile","Profiles / Packages","PROFILE_PANEL","ACTION_REQUIRED","P0",0,"FALSE",0,"FALSE","FALSE",0,"Composite panel","Multiple specimens as applicable","RATE_PENDING","NO_PARAMETERS; RATE_MISSING"
"PRO-0015","Thrombophilia Profile","Profiles / Packages","PROFILE_PANEL","ACTION_REQUIRED","P0",0,"FALSE",0,"FALSE","FALSE",0,"Composite panel","Multiple specimens as applicable","RATE_PENDING","NO_PARAMETERS; RATE_MISSING"
"PRO-0016","TORCH Profile","Profiles / Packages","PROFILE_PANEL","ACTION_REQUIRED","P0",0,"FALSE",0,"FALSE","FALSE",0,"Composite panel","Multiple specimens as applicable","RATE_PENDING","NO_PARAMETERS; RATE_MISSING"
"PRO-0017","Hepatitis B Profile","Profiles / Packages","PROFILE_PANEL","ACTION_REQUIRED","P0",0,"FALSE",0,"FALSE","FALSE",0,"Composite panel","Multiple specimens as applicable","RATE_PENDING","NO_PARAMETERS; RATE_MISSING"
"PRO-0018","Autoimmune Screen","Profiles / Packages","PROFILE_PANEL","ACTION_REQUIRED","P0",0,"FALSE",0,"FALSE","FALSE",0,"Composite panel","Multiple specimens as applicable","RATE_PENDING","NO_PARAMETERS; RATE_MISSING"
"PRO-0019","Rheumatology Profile","Profiles / Packages","PROFILE_PANEL","ACTION_REQUIRED","P0",0,"FALSE",0,"FALSE","FALSE",0,"Composite panel","Multiple specimens as applicable","RATE_PENDING","NO_PARAMETERS; RATE_MISSING"
"PRO-0020","Multiple Myeloma Screen","Profiles / Packages","PROFILE_PANEL","ACTION_REQUIRED","P0",0,"FALSE",0,"FALSE","FALSE",0,"Composite panel","Multiple specimens as applicable","RATE_PENDING","NO_PARAMETERS; RATE_MISSING"
"PRO-0021","Antenatal Basic Profile","Profiles / Packages","PROFILE_PANEL","ACTION_REQUIRED","P0",0,"FALSE",0,"FALSE","FALSE",0,"Composite panel","Multiple specimens as applicable","RATE_PENDING","NO_PARAMETERS; RATE_MISSING"
"PRO-0022","Preoperative Basic Profile","Profiles / Packages","PROFILE_PANEL","ACTION_REQUIRED","P0",0,"FALSE",0,"FALSE","FALSE",0,"Composite panel","Multiple specimens as applicable","RATE_PENDING","NO_PARAMETERS; RATE_MISSING"
"PRO-0023","Fever Panel - Basic","Profiles / Packages","PROFILE_PANEL","ACTION_REQUIRED","P0",0,"FALSE",0,"FALSE","FALSE",0,"Composite panel","Multiple specimens as applicable","RATE_PENDING","NO_PARAMETERS; RATE_MISSING"
"PRO-0024","Hypertension Secondary Screen","Profiles / Packages","PROFILE_PANEL","ACTION_REQUIRED","P0",0,"FALSE",0,"FALSE","FALSE",0,"Composite panel","Multiple specimens as applicable","RATE_PENDING","NO_PARAMETERS; RATE_MISSING"
"PRO-0025","Pituitary Profile","Profiles / Packages","PROFILE_PANEL","ACTION_REQUIRED","P0",0,"FALSE",0,"FALSE","FALSE",0,"Composite panel","Multiple specimens as applicable","RATE_PENDING","NO_PARAMETERS; RATE_MISSING"
"IMM-0093","Interleukin-6 (IL-6)","Serology & Immunology","IMMUNOASSAY","ACTION_REQUIRED","P0",0,"TRUE",0,"FALSE","FALSE",0,"Method Pending Clinical Validation","Specimen Pending Validation","3000.00","NO_PARAMETERS"
"SER-0089","Scrub Typhus (FIA IgM/IgG)","Serology & Immunology","IMMUNOASSAY","ACTION_REQUIRED","P0",0,"TRUE",0,"FALSE","FALSE",0,"Fluorescence Immunoassay (FIA)","Specimen Pending Validation","1000.00","NO_PARAMETERS"
"SPC-0005","Amino Acid Profile, Plasma","Special Chemistry","PROFILE_PANEL","ACTION_REQUIRED","P0",0,"FALSE",0,"FALSE","FALSE",0,"Validated screening/LC-MS/MS method","Blood/DBS/Urine/Sweat as specified","RATE_PENDING","NO_PARAMETERS; RATE_MISSING"
"SPC-0006","Acylcarnitine Profile","Special Chemistry","PROFILE_PANEL","ACTION_REQUIRED","P0",0,"FALSE",0,"FALSE","FALSE",0,"Validated screening/LC-MS/MS method","Blood/DBS/Urine/Sweat as specified","RATE_PENDING","NO_PARAMETERS; RATE_MISSING"
"SPC-0007","Organic Acids, Urine","Special Chemistry","ANALYZER_CHEMISTRY","ACTION_REQUIRED","P0",0,"TRUE",0,"FALSE","FALSE",0,"Validated screening/LC-MS/MS method","Blood/DBS/Urine/Sweat as specified","RATE_PENDING","NO_PARAMETERS; RATE_MISSING"
"ALG-0001","Specific IgE - House Dust Mite D. pteronyssinus","Allergy","IMMUNOASSAY","LAB_SPECIFICATION_REQUIRED","P1",1,"TRUE",0,"FALSE","FALSE",0,"ImmunoCAP/Validated specific IgE assay","Serum","RATE_PENDING","NUMERIC_RANGE_MISSING; RATE_MISSING"
"ALG-0002","Specific IgE - House Dust Mite D. farinae","Allergy","IMMUNOASSAY","LAB_SPECIFICATION_REQUIRED","P1",1,"TRUE",0,"FALSE","FALSE",0,"ImmunoCAP/Validated specific IgE assay","Serum","RATE_PENDING","NUMERIC_RANGE_MISSING; RATE_MISSING"
"ALG-0003","Specific IgE - Cockroach","Allergy","IMMUNOASSAY","LAB_SPECIFICATION_REQUIRED","P1",1,"TRUE",0,"FALSE","FALSE",0,"ImmunoCAP/Validated specific IgE assay","Serum","RATE_PENDING","NUMERIC_RANGE_MISSING; RATE_MISSING"
"ALG-0004","Specific IgE - Cat Dander","Allergy","IMMUNOASSAY","LAB_SPECIFICATION_REQUIRED","P1",1,"TRUE",0,"FALSE","FALSE",0,"ImmunoCAP/Validated specific IgE assay","Serum","RATE_PENDING","NUMERIC_RANGE_MISSING; RATE_MISSING"
"ALG-0005","Specific IgE - Dog Dander","Allergy","IMMUNOASSAY","LAB_SPECIFICATION_REQUIRED","P1",1,"TRUE",0,"FALSE","FALSE",0,"ImmunoCAP/Validated specific IgE assay","Serum","RATE_PENDING","NUMERIC_RANGE_MISSING; RATE_MISSING"
"ALG-0006","Specific IgE - Alternaria alternata","Allergy","IMMUNOASSAY","LAB_SPECIFICATION_REQUIRED","P1",1,"TRUE",0,"FALSE","FALSE",0,"ImmunoCAP/Validated specific IgE assay","Serum","RATE_PENDING","NUMERIC_RANGE_MISSING; RATE_MISSING"
"ALG-0007","Specific IgE - Aspergillus fumigatus","Allergy","IMMUNOASSAY","LAB_SPECIFICATION_REQUIRED","P1",1,"TRUE",0,"FALSE","FALSE",0,"ImmunoCAP/Validated specific IgE assay","Serum","RATE_PENDING","NUMERIC_RANGE_MISSING; RATE_MISSING"
"ALG-0008","Specific IgE - Cladosporium herbarum","Allergy","IMMUNOASSAY","LAB_SPECIFICATION_REQUIRED","P1",1,"TRUE",0,"FALSE","FALSE",0,"ImmunoCAP/Validated specific IgE assay","Serum","RATE_PENDING","NUMERIC_RANGE_MISSING; RATE_MISSING"
"ALG-0009","Specific IgE - Penicillium chrysogenum","Allergy","IMMUNOASSAY","LAB_SPECIFICATION_REQUIRED","P1",1,"TRUE",0,"FALSE","FALSE",0,"ImmunoCAP/Validated specific IgE assay","Serum","RATE_PENDING","NUMERIC_RANGE_MISSING; RATE_MISSING"
"ALG-0010","Specific IgE - Bermuda Grass","Allergy","IMMUNOASSAY","LAB_SPECIFICATION_REQUIRED","P1",1,"TRUE",0,"FALSE","FALSE",0,"ImmunoCAP/Validated specific IgE assay","Serum","RATE_PENDING","NUMERIC_RANGE_MISSING; RATE_MISSING"
"ALG-0011","Specific IgE - Timothy Grass","Allergy","IMMUNOASSAY","LAB_SPECIFICATION_REQUIRED","P1",1,"TRUE",0,"FALSE","FALSE",0,"ImmunoCAP/Validated specific IgE assay","Serum","RATE_PENDING","NUMERIC_RANGE_MISSING; RATE_MISSING"
"ALG-0012","Specific IgE - Rye Grass","Allergy","IMMUNOASSAY","LAB_SPECIFICATION_REQUIRED","P1",1,"TRUE",0,"FALSE","FALSE",0,"ImmunoCAP/Validated specific IgE assay","Serum","RATE_PENDING","NUMERIC_RANGE_MISSING; RATE_MISSING"
"ALG-0013","Specific IgE - Johnson Grass","Allergy","IMMUNOASSAY","LAB_SPECIFICATION_REQUIRED","P1",1,"TRUE",0,"FALSE","FALSE",0,"ImmunoCAP/Validated specific IgE assay","Serum","RATE_PENDING","NUMERIC_RANGE_MISSING; RATE_MISSING"
"ALG-0014","Specific IgE - Common Ragweed","Allergy","IMMUNOASSAY","LAB_SPECIFICATION_REQUIRED","P1",1,"TRUE",0,"FALSE","FALSE",0,"ImmunoCAP/Validated specific IgE assay","Serum","RATE_PENDING","NUMERIC_RANGE_MISSING; RATE_MISSING"
"ALG-0015","Specific IgE - Mugwort","Allergy","IMMUNOASSAY","LAB_SPECIFICATION_REQUIRED","P1",1,"TRUE",0,"FALSE","FALSE",0,"ImmunoCAP/Validated specific IgE assay","Serum","RATE_PENDING","NUMERIC_RANGE_MISSING; RATE_MISSING"
"ALG-0016","Specific IgE - Birch","Allergy","IMMUNOASSAY","LAB_SPECIFICATION_REQUIRED","P1",1,"TRUE",0,"FALSE","FALSE",0,"ImmunoCAP/Validated specific IgE assay","Serum","RATE_PENDING","NUMERIC_RANGE_MISSING; RATE_MISSING"
"ALG-0017","Specific IgE - Oak","Allergy","IMMUNOASSAY","LAB_SPECIFICATION_REQUIRED","P1",1,"TRUE",0,"FALSE","FALSE",0,"ImmunoCAP/Validated specific IgE assay","Serum","RATE_PENDING","NUMERIC_RANGE_MISSING; RATE_MISSING"
"ALG-0018","Specific IgE - Olive Tree","Allergy","IMMUNOASSAY","LAB_SPECIFICATION_REQUIRED","P1",1,"TRUE",0,"FALSE","FALSE",0,"ImmunoCAP/Validated specific IgE assay","Serum","RATE_PENDING","NUMERIC_RANGE_MISSING; RATE_MISSING"
"ALG-0019","Specific IgE - Cow's Milk","Allergy","IMMUNOASSAY","LAB_SPECIFICATION_REQUIRED","P1",1,"TRUE",0,"FALSE","FALSE",0,"ImmunoCAP/Validated specific IgE assay","Serum","RATE_PENDING","NUMERIC_RANGE_MISSING; RATE_MISSING"
"ALG-0020","Specific IgE - Egg White","Allergy","IMMUNOASSAY","LAB_SPECIFICATION_REQUIRED","P1",1,"TRUE",0,"FALSE","FALSE",0,"ImmunoCAP/Validated specific IgE assay","Serum","RATE_PENDING","NUMERIC_RANGE_MISSING; RATE_MISSING"
"ALG-0021","Specific IgE - Egg Yolk","Allergy","IMMUNOASSAY","LAB_SPECIFICATION_REQUIRED","P1",1,"TRUE",0,"FALSE","FALSE",0,"ImmunoCAP/Validated specific IgE assay","Serum","RATE_PENDING","NUMERIC_RANGE_MISSING; RATE_MISSING"
"ALG-0022","Specific IgE - Peanut","Allergy","IMMUNOASSAY","LAB_SPECIFICATION_REQUIRED","P1",1,"TRUE",0,"FALSE","FALSE",0,"ImmunoCAP/Validated specific IgE assay","Serum","RATE_PENDING","NUMERIC_RANGE_MISSING; RATE_MISSING"
"ALG-0023","Specific IgE - Soybean","Allergy","IMMUNOASSAY","LAB_SPECIFICATION_REQUIRED","P1",1,"TRUE",0,"FALSE","FALSE",0,"ImmunoCAP/Validated specific IgE assay","Serum","RATE_PENDING","NUMERIC_RANGE_MISSING; RATE_MISSING"
"ALG-0024","Specific IgE - Wheat","Allergy","IMMUNOASSAY","LAB_SPECIFICATION_REQUIRED","P1",1,"TRUE",0,"FALSE","FALSE",0,"ImmunoCAP/Validated specific IgE assay","Serum","RATE_PENDING","NUMERIC_RANGE_MISSING; RATE_MISSING"
"ALG-0025","Specific IgE - Rice","Allergy","IMMUNOASSAY","LAB_SPECIFICATION_REQUIRED","P1",1,"TRUE",0,"FALSE","FALSE",0,"ImmunoCAP/Validated specific IgE assay","Serum","RATE_PENDING","NUMERIC_RANGE_MISSING; RATE_MISSING"
"ALG-0026","Specific IgE - Maize/Corn","Allergy","IMMUNOASSAY","LAB_SPECIFICATION_REQUIRED","P1",1,"TRUE",0,"FALSE","FALSE",0,"ImmunoCAP/Validated specific IgE assay","Serum","RATE_PENDING","NUMERIC_RANGE_MISSING; RATE_MISSING"
"ALG-0027","Specific IgE - Sesame","Allergy","IMMUNOASSAY","LAB_SPECIFICATION_REQUIRED","P1",1,"TRUE",0,"FALSE","FALSE",0,"ImmunoCAP/Validated specific IgE assay","Serum","RATE_PENDING","NUMERIC_RANGE_MISSING; RATE_MISSING"
"ALG-0028","Specific IgE - Walnut","Allergy","IMMUNOASSAY","LAB_SPECIFICATION_REQUIRED","P1",1,"TRUE",0,"FALSE","FALSE",0,"ImmunoCAP/Validated specific IgE assay","Serum","RATE_PENDING","NUMERIC_RANGE_MISSING; RATE_MISSING"
"ALG-0029","Specific IgE - Cashew","Allergy","IMMUNOASSAY","LAB_SPECIFICATION_REQUIRED","P1",1,"TRUE",0,"FALSE","FALSE",0,"ImmunoCAP/Validated specific IgE assay","Serum","RATE_PENDING","NUMERIC_RANGE_MISSING; RATE_MISSING"
"ALG-0030","Specific IgE - Almond","Allergy","IMMUNOASSAY","LAB_SPECIFICATION_REQUIRED","P1",1,"TRUE",0,"FALSE","FALSE",0,"ImmunoCAP/Validated specific IgE assay","Serum","RATE_PENDING","NUMERIC_RANGE_MISSING; RATE_MISSING"
"ALG-0031","Specific IgE - Hazelnut","Allergy","IMMUNOASSAY","LAB_SPECIFICATION_REQUIRED","P1",1,"TRUE",0,"FALSE","FALSE",0,"ImmunoCAP/Validated specific IgE assay","Serum","RATE_PENDING","NUMERIC_RANGE_MISSING; RATE_MISSING"
"ALG-0032","Specific IgE - Shrimp","Allergy","IMMUNOASSAY","LAB_SPECIFICATION_REQUIRED","P1",1,"TRUE",0,"FALSE","FALSE",0,"ImmunoCAP/Validated specific IgE assay","Serum","RATE_PENDING","NUMERIC_RANGE_MISSING; RATE_MISSING"
"ALG-0033","Specific IgE - Crab","Allergy","IMMUNOASSAY","LAB_SPECIFICATION_REQUIRED","P1",1,"TRUE",0,"FALSE","FALSE",0,"ImmunoCAP/Validated specific IgE assay","Serum","RATE_PENDING","NUMERIC_RANGE_MISSING; RATE_MISSING"
"ALG-0034","Specific IgE - Lobster","Allergy","IMMUNOASSAY","LAB_SPECIFICATION_REQUIRED","P1",1,"TRUE",0,"FALSE","FALSE",0,"ImmunoCAP/Validated specific IgE assay","Serum","RATE_PENDING","NUMERIC_RANGE_MISSING; RATE_MISSING"
"ALG-0035","Specific IgE - Tuna","Allergy","IMMUNOASSAY","LAB_SPECIFICATION_REQUIRED","P1",1,"TRUE",0,"FALSE","FALSE",0,"ImmunoCAP/Validated specific IgE assay","Serum","RATE_PENDING","NUMERIC_RANGE_MISSING; RATE_MISSING"
"ALG-0036","Specific IgE - Salmon","Allergy","IMMUNOASSAY","LAB_SPECIFICATION_REQUIRED","P1",1,"TRUE",0,"FALSE","FALSE",0,"ImmunoCAP/Validated specific IgE assay","Serum","RATE_PENDING","NUMERIC_RANGE_MISSING; RATE_MISSING"
"ALG-0037","Specific IgE - Codfish","Allergy","GENETICS_RESULT","WORKFLOW_REQUIRED","P1",1,"FALSE",0,"TRUE","FALSE",0,"ImmunoCAP/Validated specific IgE assay","Serum","RATE_PENDING","NARRATIVE_TEMPLATE_MISSING; RATE_MISSING"
"ALG-0038","Specific IgE - Beef","Allergy","IMMUNOASSAY","LAB_SPECIFICATION_REQUIRED","P1",1,"TRUE",0,"FALSE","FALSE",0,"ImmunoCAP/Validated specific IgE assay","Serum","RATE_PENDING","NUMERIC_RANGE_MISSING; RATE_MISSING"
"ALG-0039","Specific IgE - Chicken Meat","Allergy","IMMUNOASSAY","LAB_SPECIFICATION_REQUIRED","P1",1,"TRUE",0,"FALSE","FALSE",0,"ImmunoCAP/Validated specific IgE assay","Serum","RATE_PENDING","NUMERIC_RANGE_MISSING; RATE_MISSING"
"ALG-0040","Specific IgE - Pork","Allergy","IMMUNOASSAY","LAB_SPECIFICATION_REQUIRED","P1",1,"TRUE",0,"FALSE","FALSE",0,"ImmunoCAP/Validated specific IgE assay","Serum","RATE_PENDING","NUMERIC_RANGE_MISSING; RATE_MISSING"
"ALG-0041","Specific IgE - Mustard","Allergy","IMMUNOASSAY","LAB_SPECIFICATION_REQUIRED","P1",1,"TRUE",0,"FALSE","FALSE",0,"ImmunoCAP/Validated specific IgE assay","Serum","RATE_PENDING","NUMERIC_RANGE_MISSING; RATE_MISSING"
"ALG-0042","Specific IgE - Latex","Allergy","IMMUNOASSAY","LAB_SPECIFICATION_REQUIRED","P1",1,"TRUE",0,"FALSE","FALSE",0,"ImmunoCAP/Validated specific IgE assay","Serum","RATE_PENDING","NUMERIC_RANGE_MISSING; RATE_MISSING"
"ALG-0043","Specific IgE - Honey Bee Venom","Allergy","IMMUNOASSAY","LAB_SPECIFICATION_REQUIRED","P1",1,"TRUE",0,"FALSE","FALSE",0,"ImmunoCAP/Validated specific IgE assay","Serum","RATE_PENDING","NUMERIC_RANGE_MISSING; RATE_MISSING"
"ALG-0044","Specific IgE - Wasp Venom","Allergy","IMMUNOASSAY","LAB_SPECIFICATION_REQUIRED","P1",1,"TRUE",0,"FALSE","FALSE",0,"ImmunoCAP/Validated specific IgE assay","Serum","RATE_PENDING","NUMERIC_RANGE_MISSING; RATE_MISSING"
"ALG-0045","Specific IgE - Mosquito","Allergy","IMMUNOASSAY","LAB_SPECIFICATION_REQUIRED","P1",1,"TRUE",0,"FALSE","FALSE",0,"ImmunoCAP/Validated specific IgE assay","Serum","RATE_PENDING","NUMERIC_RANGE_MISSING; RATE_MISSING"
"ALG-0046","Specific IgE - Penicillin G","Allergy","IMMUNOASSAY","LAB_SPECIFICATION_REQUIRED","P1",1,"TRUE",0,"FALSE","FALSE",0,"ImmunoCAP/Validated specific IgE assay","Serum","RATE_PENDING","NUMERIC_RANGE_MISSING; RATE_MISSING"
"ALG-0047","Specific IgE - Penicillin V","Allergy","IMMUNOASSAY","LAB_SPECIFICATION_REQUIRED","P1",1,"TRUE",0,"FALSE","FALSE",0,"ImmunoCAP/Validated specific IgE assay","Serum","RATE_PENDING","NUMERIC_RANGE_MISSING; RATE_MISSING"
"ALG-0048","Specific IgE - Amoxicillin","Allergy","IMMUNOASSAY","LAB_SPECIFICATION_REQUIRED","P1",1,"TRUE",0,"FALSE","FALSE",0,"ImmunoCAP/Validated specific IgE assay","Serum","RATE_PENDING","NUMERIC_RANGE_MISSING; RATE_MISSING"
"BIO-0004","Glucose, 1 hr Post Glucose","Clinical Biochemistry","ANALYZER_CHEMISTRY","LAB_SPECIFICATION_REQUIRED","P1",1,"TRUE",0,"FALSE","FALSE",0,"Hexokinase/GOD-POD","Serum / Plasma","RATE_PENDING","NUMERIC_RANGE_MISSING; RATE_MISSING"
"BIO-0005","Glucose, 2 hr Post Glucose","Clinical Biochemistry","ANALYZER_CHEMISTRY","LAB_SPECIFICATION_REQUIRED","P1",1,"TRUE",0,"FALSE","FALSE",0,"Hexokinase/GOD-POD","Serum / Plasma","RATE_PENDING","NUMERIC_RANGE_MISSING; RATE_MISSING"
"BIO-0007","Fructosamine","Clinical Biochemistry","ANALYZER_CHEMISTRY","LAB_SPECIFICATION_REQUIRED","P1",1,"TRUE",0,"FALSE","FALSE",0,"Colorimetric","Serum / Plasma","RATE_PENDING","NUMERIC_RANGE_MISSING; RATE_MISSING"
"BIO-0011","eGFR","Clinical Biochemistry","ANALYZER_CHEMISTRY","LAB_SPECIFICATION_REQUIRED","P1",1,"TRUE",0,"FALSE","FALSE",0,"CKD-EPI 2021 Equation","Serum / Plasma","RATE_PENDING","NUMERIC_RANGE_MISSING; RATE_MISSING"
"BIO-0025","Cholinesterase","Clinical Biochemistry","ANALYZER_CHEMISTRY","LAB_SPECIFICATION_REQUIRED","P1",1,"TRUE",0,"FALSE","FALSE",0,"Diazo Photometric","Serum / Plasma","RATE_PENDING","NUMERIC_RANGE_MISSING; RATE_MISSING"
"BIO-0026","Ammonia","Clinical Biochemistry","ANALYZER_CHEMISTRY","LAB_SPECIFICATION_REQUIRED","P1",1,"TRUE",0,"FALSE","FALSE",0,"Calculated (Total Bilirubin - Direct Bilirubin)","Serum / Plasma","RATE_PENDING","NUMERIC_RANGE_MISSING; RATE_MISSING"
"BIO-0033","Non-HDL Cholesterol","Clinical Biochemistry","ANALYZER_CHEMISTRY","LAB_SPECIFICATION_REQUIRED","P1",1,"TRUE",0,"FALSE","FALSE",0,"Direct Clearance / Enzymatic Immunoinhibition","Serum / Plasma","RATE_PENDING","NUMERIC_RANGE_MISSING; RATE_MISSING"
"BIO-0034","Apolipoprotein A1","Clinical Biochemistry","ANALYZER_CHEMISTRY","LAB_SPECIFICATION_REQUIRED","P1",1,"TRUE",0,"FALSE","FALSE",0,"Direct Enzymatic / Friedewald Calculation","Serum / Plasma","RATE_PENDING","NUMERIC_RANGE_MISSING; RATE_MISSING"
"BIO-0035","Apolipoprotein B","Clinical Biochemistry","ANALYZER_CHEMISTRY","LAB_SPECIFICATION_REQUIRED","P1",1,"TRUE",0,"FALSE","FALSE",0,"Calculated (Triglycerides / 5)","Serum / Plasma","RATE_PENDING","NUMERIC_RANGE_MISSING; RATE_MISSING"
"BIO-0036","Lipoprotein(a)","Clinical Biochemistry","ANALYZER_CHEMISTRY","LAB_SPECIFICATION_REQUIRED","P1",1,"TRUE",0,"FALSE","FALSE",0,"CNPG3 / IFCC Kinetic Photometric","Serum / Plasma","RATE_PENDING","NUMERIC_RANGE_MISSING; RATE_MISSING"
"BIO-0040","Bicarbonate / Total CO2","Clinical Biochemistry","ANALYZER_CHEMISTRY","LAB_SPECIFICATION_REQUIRED","P1",1,"TRUE",0,"FALSE","FALSE",0,"Enzymatic/ISE","Serum / Plasma","RATE_PENDING","NUMERIC_RANGE_MISSING; RATE_MISSING"
"BIO-0042","Calcium, Ionized","Clinical Biochemistry","ANALYZER_CHEMISTRY","LAB_SPECIFICATION_REQUIRED","P1",1,"TRUE",0,"FALSE","FALSE",0,"ISE","Serum / Plasma","RATE_PENDING","NUMERIC_RANGE_MISSING; RATE_MISSING"
"BIO-0045","Iron","Clinical Biochemistry","ANALYZER_CHEMISTRY","LAB_SPECIFICATION_REQUIRED","P1",1,"TRUE",0,"FALSE","FALSE",0,"Ferrozine","Serum / Plasma","RATE_PENDING","NUMERIC_RANGE_MISSING; RATE_MISSING"
"BIO-0046","TIBC","Clinical Biochemistry","ANALYZER_CHEMISTRY","LAB_SPECIFICATION_REQUIRED","P1",1,"TRUE",0,"FALSE","FALSE",0,"Colorimetric/Calculated","Serum / Plasma","RATE_PENDING","NUMERIC_RANGE_MISSING; RATE_MISSING"
"BIO-0047","UIBC","Clinical Biochemistry","ANALYZER_CHEMISTRY","LAB_SPECIFICATION_REQUIRED","P1",1,"TRUE",0,"FALSE","FALSE",0,"Colorimetric","Serum / Plasma","RATE_PENDING","NUMERIC_RANGE_MISSING; RATE_MISSING"
"BIO-0048","Transferrin","Clinical Biochemistry","ANALYZER_CHEMISTRY","LAB_SPECIFICATION_REQUIRED","P1",1,"TRUE",0,"FALSE","FALSE",0,"Immunoturbidimetry","Serum / Plasma","RATE_PENDING","NUMERIC_RANGE_MISSING; RATE_MISSING"
"BIO-0049","Transferrin Saturation","Clinical Biochemistry","ANALYZER_CHEMISTRY","LAB_SPECIFICATION_REQUIRED","P1",1,"TRUE",0,"FALSE","FALSE",0,"Calculated","Serum / Plasma","RATE_PENDING","NUMERIC_RANGE_MISSING; RATE_MISSING"
"BIO-0052","Folate","Clinical Biochemistry","IMMUNOASSAY","LAB_SPECIFICATION_REQUIRED","P1",1,"TRUE",0,"FALSE","FALSE",0,"CLIA/ECLIA","Serum / Plasma","2000.00","NUMERIC_RANGE_MISSING"
"BIO-0054","Vitamin D, 1,25-dihydroxy","Clinical Biochemistry","ANALYZER_CHEMISTRY","LAB_SPECIFICATION_REQUIRED","P1",1,"TRUE",0,"FALSE","FALSE",0,"Immunoassay/LC-MS","Serum / Plasma","RATE_PENDING","NUMERIC_RANGE_MISSING; RATE_MISSING"
"BIO-0055","Zinc","Clinical Biochemistry","ANALYZER_CHEMISTRY","LAB_SPECIFICATION_REQUIRED","P1",1,"TRUE",0,"FALSE","FALSE",0,"Colorimetric/AAS/ICP-MS","Serum / Plasma","RATE_PENDING","NUMERIC_RANGE_MISSING; RATE_MISSING"
"BIO-0056","Copper","Clinical Biochemistry","ANALYZER_CHEMISTRY","LAB_SPECIFICATION_REQUIRED","P1",1,"TRUE",0,"FALSE","FALSE",0,"AAS/ICP-MS","Serum / Plasma","RATE_PENDING","NUMERIC_RANGE_MISSING; RATE_MISSING"
"BIO-0057","Ceruloplasmin","Clinical Biochemistry","ANALYZER_CHEMISTRY","LAB_SPECIFICATION_REQUIRED","P1",1,"TRUE",0,"FALSE","FALSE",0,"Immunoturbidimetry","Serum / Plasma","RATE_PENDING","NUMERIC_RANGE_MISSING; RATE_MISSING"
"BIO-0064","Troponin T, High Sensitivity","Clinical Biochemistry","ANALYZER_CHEMISTRY","LAB_SPECIFICATION_REQUIRED","P1",1,"TRUE",0,"FALSE","FALSE",0,"High-sensitivity immunoassay","Serum / Plasma","1800.00","NUMERIC_RANGE_MISSING"
"BIO-0066","BNP","Clinical Biochemistry","ANALYZER_CHEMISTRY","LAB_SPECIFICATION_REQUIRED","P1",1,"TRUE",0,"FALSE","FALSE",0,"Immunoassay","Serum / Plasma","RATE_PENDING","NUMERIC_RANGE_MISSING; RATE_MISSING"
"BIO-0069","Lactate","Clinical Biochemistry","ANALYZER_CHEMISTRY","LAB_SPECIFICATION_REQUIRED","P1",1,"TRUE",0,"FALSE","FALSE",0,"Enzymatic","Serum / Plasma","RATE_PENDING","NUMERIC_RANGE_MISSING; RATE_MISSING"
"BIO-0070","Pyruvate","Clinical Biochemistry","ANALYZER_CHEMISTRY","LAB_SPECIFICATION_REQUIRED","P1",1,"TRUE",0,"FALSE","FALSE",0,"Enzymatic","Serum / Plasma","RATE_PENDING","NUMERIC_RANGE_MISSING; RATE_MISSING"
"BIO-0071","Homocysteine","Clinical Biochemistry","ANALYZER_CHEMISTRY","LAB_SPECIFICATION_REQUIRED","P1",1,"TRUE",0,"FALSE","FALSE",0,"Immunoassay/Enzymatic","Serum / Plasma","RATE_PENDING","NUMERIC_RANGE_MISSING; RATE_MISSING"
"BIO-0072","Osmolality, Serum","Clinical Biochemistry","ANALYZER_CHEMISTRY","LAB_SPECIFICATION_REQUIRED","P1",1,"TRUE",0,"FALSE","FALSE",0,"Freezing point osmometry","Serum / Plasma","RATE_PENDING","NUMERIC_RANGE_MISSING; RATE_MISSING"
"BIO-0073","Anion Gap","Clinical Biochemistry","ANALYZER_CHEMISTRY","LAB_SPECIFICATION_REQUIRED","P1",1,"TRUE",0,"FALSE","FALSE",0,"Calculated","Serum / Plasma","RATE_PENDING","NUMERIC_RANGE_MISSING; RATE_MISSING"
"BIO-0074","Beta-Hydroxybutyrate","Clinical Biochemistry","ANALYZER_CHEMISTRY","LAB_SPECIFICATION_REQUIRED","P1",1,"TRUE",0,"FALSE","FALSE",0,"Enzymatic","Serum / Plasma","RATE_PENDING","NUMERIC_RANGE_MISSING; RATE_MISSING"
"BIO-0075","Acetone, Blood","Clinical Biochemistry","ANALYZER_CHEMISTRY","LAB_SPECIFICATION_REQUIRED","P1",1,"TRUE",0,"FALSE","FALSE",0,"Chemical/GC","Serum / Plasma","RATE_PENDING","NUMERIC_RANGE_MISSING; RATE_MISSING"
"BIO-0076","Prealbumin","Clinical Biochemistry","ANALYZER_CHEMISTRY","LAB_SPECIFICATION_REQUIRED","P1",1,"TRUE",0,"FALSE","FALSE",0,"Immunoturbidimetry","Serum / Plasma","RATE_PENDING","NUMERIC_RANGE_MISSING; RATE_MISSING"
"BIO-0077","Haptoglobin","Clinical Biochemistry","ANALYZER_CHEMISTRY","LAB_SPECIFICATION_REQUIRED","P1",1,"TRUE",0,"FALSE","FALSE",0,"Immunoturbidimetry","Serum / Plasma","RATE_PENDING","NUMERIC_RANGE_MISSING; RATE_MISSING"
"BIO-0078","Alpha-1 Antitrypsin","Clinical Biochemistry","ANALYZER_CHEMISTRY","LAB_SPECIFICATION_REQUIRED","P1",1,"TRUE",0,"FALSE","FALSE",0,"Immunoturbidimetry","Serum / Plasma","RATE_PENDING","NUMERIC_RANGE_MISSING; RATE_MISSING"
"BIO-0079","Bile Acids, Total","Clinical Biochemistry","ANALYZER_CHEMISTRY","LAB_SPECIFICATION_REQUIRED","P1",1,"TRUE",0,"FALSE","FALSE",0,"Enzymatic","Serum / Plasma","RATE_PENDING","NUMERIC_RANGE_MISSING; RATE_MISSING"
"BIO-0080","ALP Isoenzymes","Clinical Biochemistry","ANALYZER_CHEMISTRY","LAB_SPECIFICATION_REQUIRED","P1",1,"TRUE",0,"FALSE","FALSE",0,"Electrophoresis","Serum / Plasma","RATE_PENDING","NUMERIC_RANGE_MISSING; RATE_MISSING"
"BIO-0081","LDH Isoenzymes","Clinical Biochemistry","ANALYZER_CHEMISTRY","LAB_SPECIFICATION_REQUIRED","P1",1,"TRUE",0,"FALSE","FALSE",0,"Electrophoresis","Serum / Plasma","RATE_PENDING","NUMERIC_RANGE_MISSING; RATE_MISSING"
"BIO-0082","Urine Protein, Random","Clinical Biochemistry","ANALYZER_CHEMISTRY","LAB_SPECIFICATION_REQUIRED","P1",1,"TRUE",0,"FALSE","FALSE",0,"Analyzer/Validated chemistry method","Urine (random or timed as specified)","RATE_PENDING","NUMERIC_RANGE_MISSING; RATE_MISSING"
"BIO-0083","Urine Protein, 24 Hour","Clinical Biochemistry","ANALYZER_CHEMISTRY","LAB_SPECIFICATION_REQUIRED","P1",1,"TRUE",0,"FALSE","FALSE",0,"Analyzer/Validated chemistry method","Urine (random or timed as specified)","RATE_PENDING","NUMERIC_RANGE_MISSING; RATE_MISSING"
"BIO-0084","Urine Albumin, Random","Clinical Biochemistry","ANALYZER_CHEMISTRY","LAB_SPECIFICATION_REQUIRED","P1",1,"TRUE",0,"FALSE","FALSE",0,"Analyzer/Validated chemistry method","Urine (random or timed as specified)","RATE_PENDING","NUMERIC_RANGE_MISSING; RATE_MISSING"
"BIO-0085","Urine Microalbumin","Clinical Biochemistry","ANALYZER_CHEMISTRY","LAB_SPECIFICATION_REQUIRED","P1",1,"TRUE",0,"FALSE","FALSE",0,"Analyzer/Validated chemistry method","Urine (random or timed as specified)","800.00","NUMERIC_RANGE_MISSING"
"BIO-0086","Urine Albumin/Creatinine Ratio","Clinical Biochemistry","ANALYZER_CHEMISTRY","LAB_SPECIFICATION_REQUIRED","P1",1,"TRUE",0,"FALSE","FALSE",0,"Analyzer/Validated chemistry method","Urine (random or timed as specified)","RATE_PENDING","NUMERIC_RANGE_MISSING; RATE_MISSING"
"BIO-0087","Urine Creatinine, Random","Clinical Biochemistry","ANALYZER_CHEMISTRY","LAB_SPECIFICATION_REQUIRED","P1",1,"TRUE",0,"FALSE","FALSE",0,"Analyzer/Validated chemistry method","Urine (random or timed as specified)","RATE_PENDING","NUMERIC_RANGE_MISSING; RATE_MISSING"
"BIO-0088","Urine Creatinine, 24 Hour","Clinical Biochemistry","ANALYZER_CHEMISTRY","LAB_SPECIFICATION_REQUIRED","P1",1,"TRUE",0,"FALSE","FALSE",0,"Analyzer/Validated chemistry method","Urine (random or timed as specified)","RATE_PENDING","NUMERIC_RANGE_MISSING; RATE_MISSING"
"BIO-0089","Creatinine Clearance","Clinical Biochemistry","ANALYZER_CHEMISTRY","LAB_SPECIFICATION_REQUIRED","P1",1,"TRUE",0,"FALSE","FALSE",0,"Analyzer/Validated chemistry method","Urine (random or timed as specified)","RATE_PENDING","NUMERIC_RANGE_MISSING; RATE_MISSING"
"BIO-0090","Urine Urea, 24 Hour","Clinical Biochemistry","ANALYZER_CHEMISTRY","LAB_SPECIFICATION_REQUIRED","P1",1,"TRUE",0,"FALSE","FALSE",0,"Analyzer/Validated chemistry method","Urine (random or timed as specified)","RATE_PENDING","NUMERIC_RANGE_MISSING; RATE_MISSING"
"BIO-0091","Urine Sodium, Random","Clinical Biochemistry","ANALYZER_CHEMISTRY","LAB_SPECIFICATION_REQUIRED","P1",1,"TRUE",0,"FALSE","FALSE",0,"Analyzer/Validated chemistry method","Urine (random or timed as specified)","RATE_PENDING","NUMERIC_RANGE_MISSING; RATE_MISSING"
"BIO-0092","Urine Sodium, 24 Hour","Clinical Biochemistry","ANALYZER_CHEMISTRY","LAB_SPECIFICATION_REQUIRED","P1",1,"TRUE",0,"FALSE","FALSE",0,"Analyzer/Validated chemistry method","Urine (random or timed as specified)","RATE_PENDING","NUMERIC_RANGE_MISSING; RATE_MISSING"
"BIO-0093","Urine Potassium, Random","Clinical Biochemistry","ANALYZER_CHEMISTRY","LAB_SPECIFICATION_REQUIRED","P1",1,"TRUE",0,"FALSE","FALSE",0,"Analyzer/Validated chemistry method","Urine (random or timed as specified)","RATE_PENDING","NUMERIC_RANGE_MISSING; RATE_MISSING"
"BIO-0094","Urine Potassium, 24 Hour","Clinical Biochemistry","ANALYZER_CHEMISTRY","LAB_SPECIFICATION_REQUIRED","P1",1,"TRUE",0,"FALSE","FALSE",0,"Analyzer/Validated chemistry method","Urine (random or timed as specified)","RATE_PENDING","NUMERIC_RANGE_MISSING; RATE_MISSING"
"BIO-0095","Urine Chloride, Random","Clinical Biochemistry","ANALYZER_CHEMISTRY","LAB_SPECIFICATION_REQUIRED","P1",1,"TRUE",0,"FALSE","FALSE",0,"Analyzer/Validated chemistry method","Urine (random or timed as specified)","RATE_PENDING","NUMERIC_RANGE_MISSING; RATE_MISSING"
"BIO-0096","Urine Chloride, 24 Hour","Clinical Biochemistry","ANALYZER_CHEMISTRY","LAB_SPECIFICATION_REQUIRED","P1",1,"TRUE",0,"FALSE","FALSE",0,"Analyzer/Validated chemistry method","Urine (random or timed as specified)","RATE_PENDING","NUMERIC_RANGE_MISSING; RATE_MISSING"
"BIO-0097","Urine Calcium, Random","Clinical Biochemistry","ANALYZER_CHEMISTRY","LAB_SPECIFICATION_REQUIRED","P1",1,"TRUE",0,"FALSE","FALSE",0,"Analyzer/Validated chemistry method","Urine (random or timed as specified)","RATE_PENDING","NUMERIC_RANGE_MISSING; RATE_MISSING"
"BIO-0098","Urine Calcium, 24 Hour","Clinical Biochemistry","ANALYZER_CHEMISTRY","LAB_SPECIFICATION_REQUIRED","P1",1,"TRUE",0,"FALSE","FALSE",0,"Analyzer/Validated chemistry method","Urine (random or timed as specified)","RATE_PENDING","NUMERIC_RANGE_MISSING; RATE_MISSING"
"BIO-0099","Urine Phosphorus, 24 Hour","Clinical Biochemistry","ANALYZER_CHEMISTRY","LAB_SPECIFICATION_REQUIRED","P1",1,"TRUE",0,"FALSE","FALSE",0,"Analyzer/Validated chemistry method","Urine (random or timed as specified)","RATE_PENDING","NUMERIC_RANGE_MISSING; RATE_MISSING"
"BIO-0100","Urine Magnesium, 24 Hour","Clinical Biochemistry","ANALYZER_CHEMISTRY","LAB_SPECIFICATION_REQUIRED","P1",1,"TRUE",0,"FALSE","FALSE",0,"Analyzer/Validated chemistry method","Urine (random or timed as specified)","RATE_PENDING","NUMERIC_RANGE_MISSING; RATE_MISSING"
"BIO-0101","Urine Uric Acid, 24 Hour","Clinical Biochemistry","ANALYZER_CHEMISTRY","LAB_SPECIFICATION_REQUIRED","P1",1,"TRUE",0,"FALSE","FALSE",0,"Analyzer/Validated chemistry method","Urine (random or timed as specified)","RATE_PENDING","NUMERIC_RANGE_MISSING; RATE_MISSING"
"BIO-0102","Urine Glucose, Quantitative","Clinical Biochemistry","ANALYZER_CHEMISTRY","LAB_SPECIFICATION_REQUIRED","P1",1,"TRUE",0,"FALSE","FALSE",0,"Analyzer/Validated chemistry method","Urine (random or timed as specified)","RATE_PENDING","NUMERIC_RANGE_MISSING; RATE_MISSING"
"BIO-0103","Urine Osmolality","Clinical Biochemistry","ANALYZER_CHEMISTRY","LAB_SPECIFICATION_REQUIRED","P1",1,"TRUE",0,"FALSE","FALSE",0,"Analyzer/Validated chemistry method","Urine (random or timed as specified)","RATE_PENDING","NUMERIC_RANGE_MISSING; RATE_MISSING"
"BIO-0104","Urine Citrate, 24 Hour","Clinical Biochemistry","ANALYZER_CHEMISTRY","LAB_SPECIFICATION_REQUIRED","P1",1,"TRUE",0,"FALSE","FALSE",0,"Analyzer/Validated chemistry method","Urine (random or timed as specified)","RATE_PENDING","NUMERIC_RANGE_MISSING; RATE_MISSING"
"BIO-0105","Urine Oxalate, 24 Hour","Clinical Biochemistry","ANALYZER_CHEMISTRY","LAB_SPECIFICATION_REQUIRED","P1",1,"TRUE",0,"FALSE","FALSE",0,"Analyzer/Validated chemistry method","Urine (random or timed as specified)","RATE_PENDING","NUMERIC_RANGE_MISSING; RATE_MISSING"
"BIO-0106","Urine Copper, 24 Hour","Clinical Biochemistry","ANALYZER_CHEMISTRY","LAB_SPECIFICATION_REQUIRED","P1",1,"TRUE",0,"FALSE","FALSE",0,"Analyzer/Validated chemistry method","Urine (random or timed as specified)","RATE_PENDING","NUMERIC_RANGE_MISSING; RATE_MISSING"
"BIO-0107","Urine Free Cortisol, 24 Hour","Clinical Biochemistry","ANALYZER_CHEMISTRY","LAB_SPECIFICATION_REQUIRED","P1",1,"TRUE",0,"FALSE","FALSE",0,"Analyzer/Validated chemistry method","Urine (random or timed as specified)","RATE_PENDING","NUMERIC_RANGE_MISSING; RATE_MISSING"
"BIO-0108","Urine Metanephrine, 24 Hour","Clinical Biochemistry","ANALYZER_CHEMISTRY","LAB_SPECIFICATION_REQUIRED","P1",1,"TRUE",0,"FALSE","FALSE",0,"Analyzer/Validated chemistry method","Urine (random or timed as specified)","RATE_PENDING","NUMERIC_RANGE_MISSING; RATE_MISSING"
"BIO-0109","Urine Normetanephrine, 24 Hour","Clinical Biochemistry","ANALYZER_CHEMISTRY","LAB_SPECIFICATION_REQUIRED","P1",1,"TRUE",0,"FALSE","FALSE",0,"Analyzer/Validated chemistry method","Urine (random or timed as specified)","RATE_PENDING","NUMERIC_RANGE_MISSING; RATE_MISSING"
"BIO-0110","Urine VMA, 24 Hour","Clinical Biochemistry","ANALYZER_CHEMISTRY","LAB_SPECIFICATION_REQUIRED","P1",1,"TRUE",0,"FALSE","FALSE",0,"Analyzer/Validated chemistry method","Urine (random or timed as specified)","RATE_PENDING","NUMERIC_RANGE_MISSING; RATE_MISSING"
"BIO-0111","Urine 5-HIAA, 24 Hour","Clinical Biochemistry","ANALYZER_CHEMISTRY","LAB_SPECIFICATION_REQUIRED","P1",1,"TRUE",0,"FALSE","FALSE",0,"Analyzer/Validated chemistry method","Urine (random or timed as specified)","RATE_PENDING","NUMERIC_RANGE_MISSING; RATE_MISSING"
"BIO-0112","Urine Catecholamines, 24 Hour","Clinical Biochemistry","ANALYZER_CHEMISTRY","LAB_SPECIFICATION_REQUIRED","P1",1,"TRUE",0,"FALSE","FALSE",0,"Analyzer/Validated chemistry method","Urine (random or timed as specified)","RATE_PENDING","NUMERIC_RANGE_MISSING; RATE_MISSING"
"BIO-0113","Urine Amino Acid Screen","Clinical Biochemistry","ANALYZER_CHEMISTRY","LAB_SPECIFICATION_REQUIRED","P1",1,"TRUE",0,"FALSE","FALSE",0,"Analyzer/Validated chemistry method","Urine (random or timed as specified)","RATE_PENDING","NUMERIC_RANGE_MISSING; RATE_MISSING"
"BIO-0114","Urine Porphobilinogen","Clinical Biochemistry","ANALYZER_CHEMISTRY","LAB_SPECIFICATION_REQUIRED","P1",1,"TRUE",0,"FALSE","FALSE",0,"Analyzer/Validated chemistry method","Urine (random or timed as specified)","RATE_PENDING","NUMERIC_RANGE_MISSING; RATE_MISSING"
"BIO-0115","Urine Porphyrins","Clinical Biochemistry","ANALYZER_CHEMISTRY","LAB_SPECIFICATION_REQUIRED","P1",1,"TRUE",0,"FALSE","FALSE",0,"Analyzer/Validated chemistry method","Urine (random or timed as specified)","RATE_PENDING","NUMERIC_RANGE_MISSING; RATE_MISSING"
"BIO-0116","Urine Cystine","Clinical Biochemistry","ANALYZER_CHEMISTRY","LAB_SPECIFICATION_REQUIRED","P1",1,"TRUE",0,"FALSE","FALSE",0,"Analyzer/Validated chemistry method","Urine (random or timed as specified)","RATE_PENDING","NUMERIC_RANGE_MISSING; RATE_MISSING"
"BIO-0117","CSF Protein","Clinical Biochemistry","ANALYZER_CHEMISTRY","LAB_SPECIFICATION_REQUIRED","P1",1,"TRUE",0,"FALSE","FALSE",0,"Validated chemistry method","CSF","RATE_PENDING","NUMERIC_RANGE_MISSING; RATE_MISSING"
"BIO-0118","CSF Glucose","Clinical Biochemistry","ANALYZER_CHEMISTRY","LAB_SPECIFICATION_REQUIRED","P1",1,"TRUE",0,"FALSE","FALSE",0,"Validated chemistry method","CSF","RATE_PENDING","NUMERIC_RANGE_MISSING; RATE_MISSING"
"BIO-0119","CSF LDH","Clinical Biochemistry","ANALYZER_CHEMISTRY","LAB_SPECIFICATION_REQUIRED","P1",1,"TRUE",0,"FALSE","FALSE",0,"Validated chemistry method","CSF","RATE_PENDING","NUMERIC_RANGE_MISSING; RATE_MISSING"
"BIO-0120","Pleural Fluid Protein","Clinical Biochemistry","ANALYZER_CHEMISTRY","LAB_SPECIFICATION_REQUIRED","P1",1,"TRUE",0,"FALSE","FALSE",0,"Validated chemistry method","Pleural Fluid","RATE_PENDING","NUMERIC_RANGE_MISSING; RATE_MISSING"
"BIO-0121","Pleural Fluid Glucose","Clinical Biochemistry","ANALYZER_CHEMISTRY","LAB_SPECIFICATION_REQUIRED","P1",1,"TRUE",0,"FALSE","FALSE",0,"Validated chemistry method","Pleural Fluid","RATE_PENDING","NUMERIC_RANGE_MISSING; RATE_MISSING"
"BIO-0122","Pleural Fluid LDH","Clinical Biochemistry","ANALYZER_CHEMISTRY","LAB_SPECIFICATION_REQUIRED","P1",1,"TRUE",0,"FALSE","FALSE",0,"Validated chemistry method","Pleural Fluid","RATE_PENDING","NUMERIC_RANGE_MISSING; RATE_MISSING"
"BIO-0123","Ascitic Fluid Protein","Clinical Biochemistry","ANALYZER_CHEMISTRY","LAB_SPECIFICATION_REQUIRED","P1",1,"TRUE",0,"FALSE","FALSE",0,"Validated chemistry method","Ascitic Fluid","RATE_PENDING","NUMERIC_RANGE_MISSING; RATE_MISSING"
"BIO-0124","Ascitic Fluid Glucose","Clinical Biochemistry","ANALYZER_CHEMISTRY","LAB_SPECIFICATION_REQUIRED","P1",1,"TRUE",0,"FALSE","FALSE",0,"Validated chemistry method","Ascitic Fluid","RATE_PENDING","NUMERIC_RANGE_MISSING; RATE_MISSING"
"BIO-0125","Ascitic Fluid LDH","Clinical Biochemistry","ANALYZER_CHEMISTRY","LAB_SPECIFICATION_REQUIRED","P1",1,"TRUE",0,"FALSE","FALSE",0,"Validated chemistry method","Ascitic Fluid","RATE_PENDING","NUMERIC_RANGE_MISSING; RATE_MISSING"
"BIO-0126","Pericardial Fluid Protein","Clinical Biochemistry","ANALYZER_CHEMISTRY","LAB_SPECIFICATION_REQUIRED","P1",1,"TRUE",0,"FALSE","FALSE",0,"Validated chemistry method","Pericardial Fluid","RATE_PENDING","NUMERIC_RANGE_MISSING; RATE_MISSING"
"BIO-0127","Pericardial Fluid Glucose","Clinical Biochemistry","ANALYZER_CHEMISTRY","LAB_SPECIFICATION_REQUIRED","P1",1,"TRUE",0,"FALSE","FALSE",0,"Validated chemistry method","Pericardial Fluid","RATE_PENDING","NUMERIC_RANGE_MISSING; RATE_MISSING"
"BIO-0128","Pericardial Fluid LDH","Clinical Biochemistry","ANALYZER_CHEMISTRY","LAB_SPECIFICATION_REQUIRED","P1",1,"TRUE",0,"FALSE","FALSE",0,"Validated chemistry method","Pericardial Fluid","RATE_PENDING","NUMERIC_RANGE_MISSING; RATE_MISSING"
"BIO-0129","Synovial Fluid Protein","Clinical Biochemistry","ANALYZER_CHEMISTRY","LAB_SPECIFICATION_REQUIRED","P1",1,"TRUE",0,"FALSE","FALSE",0,"Validated chemistry method","Synovial Fluid","RATE_PENDING","NUMERIC_RANGE_MISSING; RATE_MISSING"
"BIO-0130","Synovial Fluid Glucose","Clinical Biochemistry","ANALYZER_CHEMISTRY","LAB_SPECIFICATION_REQUIRED","P1",1,"TRUE",0,"FALSE","FALSE",0,"Validated chemistry method","Synovial Fluid","RATE_PENDING","NUMERIC_RANGE_MISSING; RATE_MISSING"
"BIO-0131","Synovial Fluid LDH","Clinical Biochemistry","ANALYZER_CHEMISTRY","LAB_SPECIFICATION_REQUIRED","P1",1,"TRUE",0,"FALSE","FALSE",0,"Validated chemistry method","Synovial Fluid","RATE_PENDING","NUMERIC_RANGE_MISSING; RATE_MISSING"
"BIO-0132","Pleural Fluid ADA","Clinical Biochemistry","ANALYZER_CHEMISTRY","LAB_SPECIFICATION_REQUIRED","P1",1,"TRUE",0,"FALSE","FALSE",0,"Validated chemistry method","Specified body fluid","1000.00","NUMERIC_RANGE_MISSING"
"BIO-0133","Ascitic Fluid Albumin","Clinical Biochemistry","ANALYZER_CHEMISTRY","LAB_SPECIFICATION_REQUIRED","P1",1,"TRUE",0,"FALSE","FALSE",0,"Validated chemistry method","Specified body fluid","RATE_PENDING","NUMERIC_RANGE_MISSING; RATE_MISSING"
"BIO-0134","Serum-Ascites Albumin Gradient (SAAG)","Clinical Biochemistry","ANALYZER_CHEMISTRY","LAB_SPECIFICATION_REQUIRED","P1",1,"TRUE",0,"FALSE","FALSE",0,"Validated chemistry method","Specified body fluid","RATE_PENDING","NUMERIC_RANGE_MISSING; RATE_MISSING"
"BIO-0135","CSF Chloride","Clinical Biochemistry","ANALYZER_CHEMISTRY","LAB_SPECIFICATION_REQUIRED","P1",1,"TRUE",0,"FALSE","FALSE",0,"Validated chemistry method","Specified body fluid","RATE_PENDING","NUMERIC_RANGE_MISSING; RATE_MISSING"
"BIO-0136","CSF Lactate","Clinical Biochemistry","ANALYZER_CHEMISTRY","LAB_SPECIFICATION_REQUIRED","P1",1,"TRUE",0,"FALSE","FALSE",0,"Validated chemistry method","Specified body fluid","RATE_PENDING","NUMERIC_RANGE_MISSING; RATE_MISSING"
"BIO-0137","Synovial Fluid Uric Acid","Clinical Biochemistry","ANALYZER_CHEMISTRY","LAB_SPECIFICATION_REQUIRED","P1",1,"TRUE",0,"FALSE","FALSE",0,"Validated chemistry method","Specified body fluid","RATE_PENDING","NUMERIC_RANGE_MISSING; RATE_MISSING"
"BIO-0138","Drain Fluid Creatinine","Clinical Biochemistry","ANALYZER_CHEMISTRY","LAB_SPECIFICATION_REQUIRED","P1",1,"TRUE",0,"FALSE","FALSE",0,"Validated chemistry method","Specified body fluid","RATE_PENDING","NUMERIC_RANGE_MISSING; RATE_MISSING"
"BIO-0139","Drain Fluid Amylase","Clinical Biochemistry","ANALYZER_CHEMISTRY","LAB_SPECIFICATION_REQUIRED","P1",1,"TRUE",0,"FALSE","FALSE",0,"Validated chemistry method","Specified body fluid","RATE_PENDING","NUMERIC_RANGE_MISSING; RATE_MISSING"
"BIO-0140","Body Fluid Triglyceride","Clinical Biochemistry","ANALYZER_CHEMISTRY","LAB_SPECIFICATION_REQUIRED","P1",1,"TRUE",0,"FALSE","FALSE",0,"Validated chemistry method","Specified body fluid","RATE_PENDING","NUMERIC_RANGE_MISSING; RATE_MISSING"
"CLP-0002","Urine Color","Clinical Pathology","NUMERIC_ANALYTE","LAB_SPECIFICATION_REQUIRED","P1",1,"TRUE",0,"FALSE","FALSE",0,"Dipstick + microscopy / automated urinalysis","Fresh Midstream Urine","RATE_PENDING","NUMERIC_RANGE_MISSING; RATE_MISSING"
"CLP-0003","Urine Appearance","Clinical Pathology","NUMERIC_ANALYTE","LAB_SPECIFICATION_REQUIRED","P1",1,"TRUE",0,"FALSE","FALSE",0,"Dipstick + microscopy / automated urinalysis","Fresh Midstream Urine","RATE_PENDING","NUMERIC_RANGE_MISSING; RATE_MISSING"
"CLP-0004","Urine Specific Gravity","Clinical Pathology","NUMERIC_ANALYTE","LAB_SPECIFICATION_REQUIRED","P1",1,"TRUE",0,"FALSE","FALSE",0,"Dipstick + microscopy / automated urinalysis","Fresh Midstream Urine","RATE_PENDING","NUMERIC_RANGE_MISSING; RATE_MISSING"
"CLP-0005","Urine pH","Clinical Pathology","NUMERIC_ANALYTE","LAB_SPECIFICATION_REQUIRED","P1",1,"TRUE",0,"FALSE","FALSE",0,"Dipstick + microscopy / automated urinalysis","Fresh Midstream Urine","RATE_PENDING","NUMERIC_RANGE_MISSING; RATE_MISSING"
"CLP-0006","Urine Protein, Dipstick","Clinical Pathology","NUMERIC_ANALYTE","LAB_SPECIFICATION_REQUIRED","P1",1,"TRUE",0,"FALSE","FALSE",0,"Dipstick + microscopy / automated urinalysis","Fresh Midstream Urine","RATE_PENDING","NUMERIC_RANGE_MISSING; RATE_MISSING"
"CLP-0007","Urine Glucose, Dipstick","Clinical Pathology","NUMERIC_ANALYTE","LAB_SPECIFICATION_REQUIRED","P1",1,"TRUE",0,"FALSE","FALSE",0,"Dipstick + microscopy / automated urinalysis","Fresh Midstream Urine","RATE_PENDING","NUMERIC_RANGE_MISSING; RATE_MISSING"
"CLP-0008","Urine Ketone","Clinical Pathology","NUMERIC_ANALYTE","LAB_SPECIFICATION_REQUIRED","P1",1,"TRUE",0,"FALSE","FALSE",0,"Dipstick + microscopy / automated urinalysis","Fresh Midstream Urine","200.00","NUMERIC_RANGE_MISSING"
"CLP-0009","Urine Blood/Hemoglobin","Clinical Pathology","NUMERIC_ANALYTE","LAB_SPECIFICATION_REQUIRED","P1",1,"TRUE",0,"FALSE","FALSE",0,"Dipstick + microscopy / automated urinalysis","Fresh Midstream Urine","RATE_PENDING","NUMERIC_RANGE_MISSING; RATE_MISSING"
"CLP-0010","Urine Bilirubin","Clinical Pathology","NUMERIC_ANALYTE","LAB_SPECIFICATION_REQUIRED","P1",1,"TRUE",0,"FALSE","FALSE",0,"Dipstick + microscopy / automated urinalysis","Fresh Midstream Urine","RATE_PENDING","NUMERIC_RANGE_MISSING; RATE_MISSING"
"CLP-0011","Urine Urobilinogen","Clinical Pathology","NUMERIC_ANALYTE","LAB_SPECIFICATION_REQUIRED","P1",1,"TRUE",0,"FALSE","FALSE",0,"Dipstick + microscopy / automated urinalysis","Fresh Midstream Urine","RATE_PENDING","NUMERIC_RANGE_MISSING; RATE_MISSING"
"CLP-0012","Urine Nitrite","Clinical Pathology","NUMERIC_ANALYTE","LAB_SPECIFICATION_REQUIRED","P1",1,"TRUE",0,"FALSE","FALSE",0,"Dipstick + microscopy / automated urinalysis","Fresh Midstream Urine","RATE_PENDING","NUMERIC_RANGE_MISSING; RATE_MISSING"
"CLP-0013","Urine Leukocyte Esterase","Clinical Pathology","NUMERIC_ANALYTE","LAB_SPECIFICATION_REQUIRED","P1",1,"TRUE",0,"FALSE","FALSE",0,"Dipstick + microscopy / automated urinalysis","Fresh Midstream Urine","RATE_PENDING","NUMERIC_RANGE_MISSING; RATE_MISSING"
"CLP-0014","Urine RBC Microscopy","Clinical Pathology","MANUAL_MICROSCOPY","LAB_SPECIFICATION_REQUIRED","P1",1,"FALSE",0,"TRUE","FALSE",0,"Dipstick + microscopy / automated urinalysis","Fresh Midstream Urine","RATE_PENDING","QUALITATIVE_OPTIONS_MISSING; RATE_MISSING"
"CLP-0015","Urine WBC/Pus Cells","Clinical Pathology","NUMERIC_ANALYTE","LAB_SPECIFICATION_REQUIRED","P1",1,"TRUE",0,"FALSE","FALSE",0,"Dipstick + microscopy / automated urinalysis","Fresh Midstream Urine","RATE_PENDING","NUMERIC_RANGE_MISSING; RATE_MISSING"
"CLP-0016","Urine Epithelial Cells","Clinical Pathology","NUMERIC_ANALYTE","LAB_SPECIFICATION_REQUIRED","P1",1,"TRUE",0,"FALSE","FALSE",0,"Dipstick + microscopy / automated urinalysis","Fresh Midstream Urine","RATE_PENDING","NUMERIC_RANGE_MISSING; RATE_MISSING"
"CLP-0017","Urine Casts","Clinical Pathology","NUMERIC_ANALYTE","LAB_SPECIFICATION_REQUIRED","P1",1,"TRUE",0,"FALSE","FALSE",0,"Dipstick + microscopy / automated urinalysis","Fresh Midstream Urine","RATE_PENDING","NUMERIC_RANGE_MISSING; RATE_MISSING"
"CLP-0018","Urine Crystals","Clinical Pathology","NUMERIC_ANALYTE","LAB_SPECIFICATION_REQUIRED","P1",1,"TRUE",0,"FALSE","FALSE",0,"Dipstick + microscopy / automated urinalysis","Fresh Midstream Urine","RATE_PENDING","NUMERIC_RANGE_MISSING; RATE_MISSING"
"CLP-0019","Urine Bacteria","Clinical Pathology","NUMERIC_ANALYTE","LAB_SPECIFICATION_REQUIRED","P1",1,"TRUE",0,"FALSE","FALSE",0,"Dipstick + microscopy / automated urinalysis","Fresh Midstream Urine","RATE_PENDING","NUMERIC_RANGE_MISSING; RATE_MISSING"
"CLP-0020","Urine Yeast","Clinical Pathology","NUMERIC_ANALYTE","LAB_SPECIFICATION_REQUIRED","P1",1,"TRUE",0,"FALSE","FALSE",0,"Dipstick + microscopy / automated urinalysis","Fresh Midstream Urine","RATE_PENDING","NUMERIC_RANGE_MISSING; RATE_MISSING"
"CLP-0022","Stool Color","Clinical Pathology","NUMERIC_ANALYTE","LAB_SPECIFICATION_REQUIRED","P1",1,"TRUE",0,"FALSE","FALSE",0,"Microscopy/Chemical/Immunoassay as applicable","Fresh Stool","RATE_PENDING","NUMERIC_RANGE_MISSING; RATE_MISSING"
"CLP-0023","Stool Consistency","Clinical Pathology","NUMERIC_ANALYTE","LAB_SPECIFICATION_REQUIRED","P1",1,"TRUE",0,"FALSE","FALSE",0,"Microscopy/Chemical/Immunoassay as applicable","Fresh Stool","RATE_PENDING","NUMERIC_RANGE_MISSING; RATE_MISSING"
"CLP-0024","Stool Mucus","Clinical Pathology","NUMERIC_ANALYTE","LAB_SPECIFICATION_REQUIRED","P1",1,"TRUE",0,"FALSE","FALSE",0,"Microscopy/Chemical/Immunoassay as applicable","Fresh Stool","RATE_PENDING","NUMERIC_RANGE_MISSING; RATE_MISSING"
"CLP-0027","Fecal Immunochemical Test (FIT)","Clinical Pathology","NUMERIC_ANALYTE","LAB_SPECIFICATION_REQUIRED","P1",1,"TRUE",0,"FALSE","FALSE",0,"Microscopy/Chemical/Immunoassay as applicable","Fresh Stool","RATE_PENDING","NUMERIC_RANGE_MISSING; RATE_MISSING"
"CLP-0028","Stool Reducing Substance","Clinical Pathology","NUMERIC_ANALYTE","LAB_SPECIFICATION_REQUIRED","P1",1,"TRUE",0,"FALSE","FALSE",0,"Microscopy/Chemical/Immunoassay as applicable","Fresh Stool","RATE_PENDING","NUMERIC_RANGE_MISSING; RATE_MISSING"
"CLP-0029","Stool pH","Clinical Pathology","NUMERIC_ANALYTE","LAB_SPECIFICATION_REQUIRED","P1",1,"TRUE",0,"FALSE","FALSE",0,"Microscopy/Chemical/Immunoassay as applicable","Fresh Stool","RATE_PENDING","NUMERIC_RANGE_MISSING; RATE_MISSING"
"CLP-0030","Stool Fat, Qualitative","Clinical Pathology","NUMERIC_ANALYTE","LAB_SPECIFICATION_REQUIRED","P1",1,"TRUE",0,"FALSE","FALSE",0,"Microscopy/Chemical/Immunoassay as applicable","Fresh Stool","RATE_PENDING","NUMERIC_RANGE_MISSING; RATE_MISSING"
"CLP-0031","Stool Fat, Quantitative 72 hr","Clinical Pathology","NUMERIC_ANALYTE","LAB_SPECIFICATION_REQUIRED","P1",1,"TRUE",0,"FALSE","FALSE",0,"Microscopy/Chemical/Immunoassay as applicable","Fresh Stool","RATE_PENDING","NUMERIC_RANGE_MISSING; RATE_MISSING"
"CLP-0032","Stool Ova & Parasite Examination","Clinical Pathology","NUMERIC_ANALYTE","LAB_SPECIFICATION_REQUIRED","P1",1,"TRUE",0,"FALSE","FALSE",0,"Microscopy/Chemical/Immunoassay as applicable","Fresh Stool","RATE_PENDING","NUMERIC_RANGE_MISSING; RATE_MISSING"
"CLP-0033","Stool RBC","Clinical Pathology","NUMERIC_ANALYTE","LAB_SPECIFICATION_REQUIRED","P1",1,"TRUE",0,"FALSE","FALSE",0,"Microscopy/Chemical/Immunoassay as applicable","Fresh Stool","RATE_PENDING","NUMERIC_RANGE_MISSING; RATE_MISSING"
"CLP-0034","Stool WBC/Pus Cells","Clinical Pathology","NUMERIC_ANALYTE","LAB_SPECIFICATION_REQUIRED","P1",1,"TRUE",0,"FALSE","FALSE",0,"Microscopy/Chemical/Immunoassay as applicable","Fresh Stool","RATE_PENDING","NUMERIC_RANGE_MISSING; RATE_MISSING"
"CLP-0035","Fecal Calprotectin","Clinical Pathology","NUMERIC_ANALYTE","LAB_SPECIFICATION_REQUIRED","P1",1,"TRUE",0,"FALSE","FALSE",0,"Microscopy/Chemical/Immunoassay as applicable","Fresh Stool","RATE_PENDING","NUMERIC_RANGE_MISSING; RATE_MISSING"
"CLP-0036","Fecal Lactoferrin","Clinical Pathology","NUMERIC_ANALYTE","LAB_SPECIFICATION_REQUIRED","P1",1,"TRUE",0,"FALSE","FALSE",0,"Microscopy/Chemical/Immunoassay as applicable","Fresh Stool","RATE_PENDING","NUMERIC_RANGE_MISSING; RATE_MISSING"
"CLP-0037","Pancreatic Elastase, Stool","Clinical Pathology","NUMERIC_ANALYTE","LAB_SPECIFICATION_REQUIRED","P1",1,"TRUE",0,"FALSE","FALSE",0,"Microscopy/Chemical/Immunoassay as applicable","Fresh Stool","RATE_PENDING","NUMERIC_RANGE_MISSING; RATE_MISSING"
"CLP-0039","Semen Volume","Clinical Pathology","NUMERIC_ANALYTE","LAB_SPECIFICATION_REQUIRED","P1",1,"TRUE",0,"FALSE","FALSE",0,"WHO-based semen analysis / validated SOP","Semen","RATE_PENDING","NUMERIC_RANGE_MISSING; RATE_MISSING"
"CLP-0040","Semen pH","Clinical Pathology","NUMERIC_ANALYTE","LAB_SPECIFICATION_REQUIRED","P1",1,"TRUE",0,"FALSE","FALSE",0,"WHO-based semen analysis / validated SOP","Semen","RATE_PENDING","NUMERIC_RANGE_MISSING; RATE_MISSING"
"CLP-0041","Sperm Concentration","Clinical Pathology","NUMERIC_ANALYTE","LAB_SPECIFICATION_REQUIRED","P1",1,"TRUE",0,"FALSE","FALSE",0,"WHO-based semen analysis / validated SOP","Semen","RATE_PENDING","NUMERIC_RANGE_MISSING; RATE_MISSING"
"CLP-0042","Total Sperm Count","Clinical Pathology","NUMERIC_ANALYTE","LAB_SPECIFICATION_REQUIRED","P1",1,"TRUE",0,"FALSE","FALSE",0,"Governed Mathematical Calculation","Semen","RATE_PENDING","NUMERIC_RANGE_MISSING; RATE_MISSING"
"CLP-0043","Progressive Motility","Clinical Pathology","NUMERIC_ANALYTE","LAB_SPECIFICATION_REQUIRED","P1",1,"TRUE",0,"FALSE","FALSE",0,"WHO-based semen analysis / validated SOP","Semen","RATE_PENDING","NUMERIC_RANGE_MISSING; RATE_MISSING"
"CLP-0044","Non-progressive Motility","Clinical Pathology","NUMERIC_ANALYTE","LAB_SPECIFICATION_REQUIRED","P1",1,"TRUE",0,"FALSE","FALSE",0,"WHO-based semen analysis / validated SOP","Semen","RATE_PENDING","NUMERIC_RANGE_MISSING; RATE_MISSING"
"CLP-0045","Immotile Sperm","Clinical Pathology","NUMERIC_ANALYTE","LAB_SPECIFICATION_REQUIRED","P1",1,"TRUE",0,"FALSE","FALSE",0,"WHO-based semen analysis / validated SOP","Semen","RATE_PENDING","NUMERIC_RANGE_MISSING; RATE_MISSING"
"CLP-0046","Normal Morphology","Clinical Pathology","NUMERIC_ANALYTE","LAB_SPECIFICATION_REQUIRED","P1",1,"TRUE",0,"FALSE","FALSE",0,"WHO-based semen analysis / validated SOP","Semen","RATE_PENDING","NUMERIC_RANGE_MISSING; RATE_MISSING"
"CLP-0047","Sperm Vitality","Clinical Pathology","NUMERIC_ANALYTE","LAB_SPECIFICATION_REQUIRED","P1",1,"TRUE",0,"FALSE","FALSE",0,"WHO-based semen analysis / validated SOP","Semen","RATE_PENDING","NUMERIC_RANGE_MISSING; RATE_MISSING"
"CLP-0048","Round Cells","Clinical Pathology","NUMERIC_ANALYTE","LAB_SPECIFICATION_REQUIRED","P1",1,"TRUE",0,"FALSE","FALSE",0,"WHO-based semen analysis / validated SOP","Semen","RATE_PENDING","NUMERIC_RANGE_MISSING; RATE_MISSING"
"CLP-0049","Semen Fructose","Clinical Pathology","NUMERIC_ANALYTE","LAB_SPECIFICATION_REQUIRED","P1",1,"TRUE",0,"FALSE","FALSE",0,"WHO-based semen analysis / validated SOP","Semen","RATE_PENDING","NUMERIC_RANGE_MISSING; RATE_MISSING"
"CLP-0050","Antisperm Antibody","Clinical Pathology","IMMUNOASSAY","LAB_SPECIFICATION_REQUIRED","P1",1,"TRUE",0,"FALSE","FALSE",0,"WHO-based semen analysis / validated SOP","Semen","RATE_PENDING","NUMERIC_RANGE_MISSING; RATE_MISSING"
"CLP-0051","CSF Total Cell Count","Clinical Pathology","NUMERIC_ANALYTE","LAB_SPECIFICATION_REQUIRED","P1",1,"TRUE",0,"FALSE","FALSE",0,"Manual/Automated microscopy","CSF","RATE_PENDING","NUMERIC_RANGE_MISSING; RATE_MISSING"
"CLP-0052","CSF RBC Count","Clinical Pathology","NUMERIC_ANALYTE","LAB_SPECIFICATION_REQUIRED","P1",1,"TRUE",0,"FALSE","FALSE",0,"Manual/Automated microscopy","CSF","RATE_PENDING","NUMERIC_RANGE_MISSING; RATE_MISSING"
"CLP-0053","CSF Differential Count","Clinical Pathology","NUMERIC_ANALYTE","LAB_SPECIFICATION_REQUIRED","P1",1,"TRUE",0,"FALSE","FALSE",0,"Manual/Automated microscopy","CSF","RATE_PENDING","NUMERIC_RANGE_MISSING; RATE_MISSING"
"CLP-0054","CSF Appearance","Clinical Pathology","NUMERIC_ANALYTE","LAB_SPECIFICATION_REQUIRED","P1",1,"TRUE",0,"FALSE","FALSE",0,"Manual/Automated microscopy","CSF","RATE_PENDING","NUMERIC_RANGE_MISSING; RATE_MISSING"
"CLP-0055","Pleural Fluid Total Cell Count","Clinical Pathology","NUMERIC_ANALYTE","LAB_SPECIFICATION_REQUIRED","P1",1,"TRUE",0,"FALSE","FALSE",0,"Manual/Automated microscopy","Pleural Fluid","RATE_PENDING","NUMERIC_RANGE_MISSING; RATE_MISSING"
"CLP-0056","Pleural Fluid RBC Count","Clinical Pathology","NUMERIC_ANALYTE","LAB_SPECIFICATION_REQUIRED","P1",1,"TRUE",0,"FALSE","FALSE",0,"Manual/Automated microscopy","Pleural Fluid","RATE_PENDING","NUMERIC_RANGE_MISSING; RATE_MISSING"
"CLP-0057","Pleural Fluid Differential Count","Clinical Pathology","NUMERIC_ANALYTE","LAB_SPECIFICATION_REQUIRED","P1",1,"TRUE",0,"FALSE","FALSE",0,"Manual/Automated microscopy","Pleural Fluid","RATE_PENDING","NUMERIC_RANGE_MISSING; RATE_MISSING"
"CLP-0058","Pleural Fluid Appearance","Clinical Pathology","NUMERIC_ANALYTE","LAB_SPECIFICATION_REQUIRED","P1",1,"TRUE",0,"FALSE","FALSE",0,"Manual/Automated microscopy","Pleural Fluid","RATE_PENDING","NUMERIC_RANGE_MISSING; RATE_MISSING"
"CLP-0059","Ascitic Fluid Total Cell Count","Clinical Pathology","NUMERIC_ANALYTE","LAB_SPECIFICATION_REQUIRED","P1",1,"TRUE",0,"FALSE","FALSE",0,"Manual/Automated microscopy","Ascitic Fluid","RATE_PENDING","NUMERIC_RANGE_MISSING; RATE_MISSING"
"CLP-0060","Ascitic Fluid RBC Count","Clinical Pathology","NUMERIC_ANALYTE","LAB_SPECIFICATION_REQUIRED","P1",1,"TRUE",0,"FALSE","FALSE",0,"Manual/Automated microscopy","Ascitic Fluid","RATE_PENDING","NUMERIC_RANGE_MISSING; RATE_MISSING"
"CLP-0061","Ascitic Fluid Differential Count","Clinical Pathology","NUMERIC_ANALYTE","LAB_SPECIFICATION_REQUIRED","P1",1,"TRUE",0,"FALSE","FALSE",0,"Manual/Automated microscopy","Ascitic Fluid","RATE_PENDING","NUMERIC_RANGE_MISSING; RATE_MISSING"
"CLP-0062","Ascitic Fluid Appearance","Clinical Pathology","NUMERIC_ANALYTE","LAB_SPECIFICATION_REQUIRED","P1",1,"TRUE",0,"FALSE","FALSE",0,"Manual/Automated microscopy","Ascitic Fluid","RATE_PENDING","NUMERIC_RANGE_MISSING; RATE_MISSING"
"CLP-0063","Pericardial Fluid Total Cell Count","Clinical Pathology","NUMERIC_ANALYTE","LAB_SPECIFICATION_REQUIRED","P1",1,"TRUE",0,"FALSE","FALSE",0,"Manual/Automated microscopy","Pericardial Fluid","RATE_PENDING","NUMERIC_RANGE_MISSING; RATE_MISSING"
"CLP-0064","Pericardial Fluid RBC Count","Clinical Pathology","NUMERIC_ANALYTE","LAB_SPECIFICATION_REQUIRED","P1",1,"TRUE",0,"FALSE","FALSE",0,"Manual/Automated microscopy","Pericardial Fluid","RATE_PENDING","NUMERIC_RANGE_MISSING; RATE_MISSING"
"CLP-0065","Pericardial Fluid Differential Count","Clinical Pathology","NUMERIC_ANALYTE","LAB_SPECIFICATION_REQUIRED","P1",1,"TRUE",0,"FALSE","FALSE",0,"Manual/Automated microscopy","Pericardial Fluid","RATE_PENDING","NUMERIC_RANGE_MISSING; RATE_MISSING"
"CLP-0066","Pericardial Fluid Appearance","Clinical Pathology","NUMERIC_ANALYTE","LAB_SPECIFICATION_REQUIRED","P1",1,"TRUE",0,"FALSE","FALSE",0,"Manual/Automated microscopy","Pericardial Fluid","RATE_PENDING","NUMERIC_RANGE_MISSING; RATE_MISSING"
"CLP-0067","Synovial Fluid Total Cell Count","Clinical Pathology","NUMERIC_ANALYTE","LAB_SPECIFICATION_REQUIRED","P1",1,"TRUE",0,"FALSE","FALSE",0,"Manual/Automated microscopy","Synovial Fluid","RATE_PENDING","NUMERIC_RANGE_MISSING; RATE_MISSING"
"CLP-0068","Synovial Fluid RBC Count","Clinical Pathology","NUMERIC_ANALYTE","LAB_SPECIFICATION_REQUIRED","P1",1,"TRUE",0,"FALSE","FALSE",0,"Manual/Automated microscopy","Synovial Fluid","RATE_PENDING","NUMERIC_RANGE_MISSING; RATE_MISSING"
"CLP-0069","Synovial Fluid Differential Count","Clinical Pathology","NUMERIC_ANALYTE","LAB_SPECIFICATION_REQUIRED","P1",1,"TRUE",0,"FALSE","FALSE",0,"Manual/Automated microscopy","Synovial Fluid","RATE_PENDING","NUMERIC_RANGE_MISSING; RATE_MISSING"
"CLP-0070","Synovial Fluid Appearance","Clinical Pathology","NUMERIC_ANALYTE","LAB_SPECIFICATION_REQUIRED","P1",1,"TRUE",0,"FALSE","FALSE",0,"Manual/Automated microscopy","Synovial Fluid","RATE_PENDING","NUMERIC_RANGE_MISSING; RATE_MISSING"
"CLP-0071","Synovial Fluid Crystal Analysis","Clinical Pathology","NUMERIC_ANALYTE","LAB_SPECIFICATION_REQUIRED","P1",1,"TRUE",0,"FALSE","FALSE",0,"Microscopy/validated method","Specified body fluid","RATE_PENDING","NUMERIC_RANGE_MISSING; RATE_MISSING"
"CLP-0072","CSF Xanthochromia","Clinical Pathology","NUMERIC_ANALYTE","LAB_SPECIFICATION_REQUIRED","P1",1,"TRUE",0,"FALSE","FALSE",0,"Microscopy/validated method","Specified body fluid","RATE_PENDING","NUMERIC_RANGE_MISSING; RATE_MISSING"
"CLP-0073","Pleural Fluid Hematocrit","Clinical Pathology","NUMERIC_ANALYTE","LAB_SPECIFICATION_REQUIRED","P1",1,"TRUE",0,"FALSE","FALSE",0,"Microscopy/validated method","Specified body fluid","RATE_PENDING","NUMERIC_RANGE_MISSING; RATE_MISSING"
"CLP-0074","Ascitic Fluid Cell Count & Differential","Clinical Pathology","NUMERIC_ANALYTE","LAB_SPECIFICATION_REQUIRED","P1",1,"TRUE",0,"FALSE","FALSE",0,"Microscopy/validated method","Specified body fluid","RATE_PENDING","NUMERIC_RANGE_MISSING; RATE_MISSING"
"COA-0004","Thrombin Time (TT)","Coagulation","COAGULATION","LAB_SPECIFICATION_REQUIRED","P1",1,"TRUE",0,"FALSE","FALSE",0,"Clauss Method","Citrated Plasma","RATE_PENDING","NUMERIC_RANGE_MISSING; RATE_MISSING"
"COA-0005","Fibrinogen (Clauss)","Coagulation","COAGULATION","LAB_SPECIFICATION_REQUIRED","P1",1,"TRUE",0,"FALSE","FALSE",0,"Quantitative Immunoturbidimetry","Citrated Plasma","RATE_PENDING","NUMERIC_RANGE_MISSING; RATE_MISSING"
"COA-0009","Factor VIII Activity","Coagulation","COAGULATION","LAB_SPECIFICATION_REQUIRED","P1",1,"TRUE",0,"FALSE","FALSE",0,"One-stage clot assay","Citrated Plasma","RATE_PENDING","NUMERIC_RANGE_MISSING; RATE_MISSING"
"COA-0010","Factor IX Activity","Coagulation","COAGULATION","LAB_SPECIFICATION_REQUIRED","P1",1,"TRUE",0,"FALSE","FALSE",0,"One-stage clot assay","Citrated Plasma","RATE_PENDING","NUMERIC_RANGE_MISSING; RATE_MISSING"
"COA-0011","Factor XI Activity","Coagulation","COAGULATION","LAB_SPECIFICATION_REQUIRED","P1",1,"TRUE",0,"FALSE","FALSE",0,"Clot assay","Citrated Plasma","RATE_PENDING","NUMERIC_RANGE_MISSING; RATE_MISSING"
"COA-0012","Factor XII Activity","Coagulation","COAGULATION","LAB_SPECIFICATION_REQUIRED","P1",1,"TRUE",0,"FALSE","FALSE",0,"Clot assay","Citrated Plasma","RATE_PENDING","NUMERIC_RANGE_MISSING; RATE_MISSING"
"COA-0013","Factor VII Activity","Coagulation","COAGULATION","LAB_SPECIFICATION_REQUIRED","P1",1,"TRUE",0,"FALSE","FALSE",0,"Clot assay","Citrated Plasma","RATE_PENDING","NUMERIC_RANGE_MISSING; RATE_MISSING"
"COA-0014","Factor V Activity","Coagulation","COAGULATION","LAB_SPECIFICATION_REQUIRED","P1",1,"TRUE",0,"FALSE","FALSE",0,"Clot assay","Citrated Plasma","RATE_PENDING","NUMERIC_RANGE_MISSING; RATE_MISSING"
"COA-0015","Factor X Activity","Coagulation","COAGULATION","LAB_SPECIFICATION_REQUIRED","P1",1,"TRUE",0,"FALSE","FALSE",0,"Clot assay","Citrated Plasma","RATE_PENDING","NUMERIC_RANGE_MISSING; RATE_MISSING"
"COA-0016","Factor XIII Activity","Coagulation","COAGULATION","LAB_SPECIFICATION_REQUIRED","P1",1,"TRUE",0,"FALSE","FALSE",0,"Functional assay","Citrated Plasma","RATE_PENDING","NUMERIC_RANGE_MISSING; RATE_MISSING"
"COA-0017","Von Willebrand Factor Antigen","Coagulation","COAGULATION","LAB_SPECIFICATION_REQUIRED","P1",1,"TRUE",0,"FALSE","FALSE",0,"Immunoassay","Citrated Plasma","RATE_PENDING","NUMERIC_RANGE_MISSING; RATE_MISSING"
"COA-0018","Von Willebrand Factor Activity","Coagulation","COAGULATION","LAB_SPECIFICATION_REQUIRED","P1",1,"TRUE",0,"FALSE","FALSE",0,"Activity assay","Citrated Plasma","RATE_PENDING","NUMERIC_RANGE_MISSING; RATE_MISSING"
"COA-0019","Protein C Activity","Coagulation","COAGULATION","LAB_SPECIFICATION_REQUIRED","P1",1,"TRUE",0,"FALSE","FALSE",0,"Chromogenic/Clot assay","Citrated Plasma","RATE_PENDING","NUMERIC_RANGE_MISSING; RATE_MISSING"
"COA-0020","Protein S Activity","Coagulation","COAGULATION","LAB_SPECIFICATION_REQUIRED","P1",1,"TRUE",0,"FALSE","FALSE",0,"Clot/Immunoassay","Citrated Plasma","RATE_PENDING","NUMERIC_RANGE_MISSING; RATE_MISSING"
"COA-0021","Antithrombin III Activity","Coagulation","COAGULATION","LAB_SPECIFICATION_REQUIRED","P1",1,"TRUE",0,"FALSE","FALSE",0,"Chromogenic","Citrated Plasma","RATE_PENDING","NUMERIC_RANGE_MISSING; RATE_MISSING"
"COA-0022","Lupus Anticoagulant Screen","Coagulation","COAGULATION","LAB_SPECIFICATION_REQUIRED","P1",1,"TRUE",0,"FALSE","FALSE",0,"dRVVT/LA-sensitive APTT","Citrated Plasma","RATE_PENDING","NUMERIC_RANGE_MISSING; RATE_MISSING"
"COA-0023","dRVVT Screen","Coagulation","COAGULATION","LAB_SPECIFICATION_REQUIRED","P1",1,"TRUE",0,"FALSE","FALSE",0,"dRVVT","Citrated Plasma","RATE_PENDING","NUMERIC_RANGE_MISSING; RATE_MISSING"
"COA-0024","dRVVT Confirm","Coagulation","COAGULATION","LAB_SPECIFICATION_REQUIRED","P1",1,"TRUE",0,"FALSE","FALSE",0,"dRVVT","Citrated Plasma","RATE_PENDING","NUMERIC_RANGE_MISSING; RATE_MISSING"
"COA-0025","Mixing Study PT","Coagulation","COAGULATION","LAB_SPECIFICATION_REQUIRED","P1",1,"TRUE",0,"FALSE","FALSE",0,"Mixing study","Citrated Plasma","RATE_PENDING","NUMERIC_RANGE_MISSING; RATE_MISSING"
"COA-0026","Mixing Study APTT","Coagulation","COAGULATION","LAB_SPECIFICATION_REQUIRED","P1",1,"TRUE",0,"FALSE","FALSE",0,"Mixing study","Citrated Plasma","RATE_PENDING","NUMERIC_RANGE_MISSING; RATE_MISSING"
"COA-0027","Anti-Xa Heparin Assay","Coagulation","COAGULATION","LAB_SPECIFICATION_REQUIRED","P1",1,"TRUE",0,"FALSE","FALSE",0,"Chromogenic","Citrated Plasma","RATE_PENDING","NUMERIC_RANGE_MISSING; RATE_MISSING"
"COA-0028","Fibrin Degradation Products","Coagulation","COAGULATION","LAB_SPECIFICATION_REQUIRED","P1",1,"TRUE",0,"FALSE","FALSE",0,"Latex/Immunoassay","Plasma","RATE_PENDING","NUMERIC_RANGE_MISSING; RATE_MISSING"
"COA-0029","Platelet Function Screen","Coagulation","COAGULATION","LAB_SPECIFICATION_REQUIRED","P1",1,"TRUE",0,"FALSE","FALSE",0,"PFA/aggregation platform","Citrated Whole Blood","RATE_PENDING","NUMERIC_RANGE_MISSING; RATE_MISSING"
"COA-0030","Platelet Aggregation Studies","Coagulation","COAGULATION","LAB_SPECIFICATION_REQUIRED","P1",1,"TRUE",0,"FALSE","FALSE",0,"Light transmission aggregometry","Citrated Platelet Rich Plasma","RATE_PENDING","NUMERIC_RANGE_MISSING; RATE_MISSING"
"CYT-0001","FNAC - Thyroid","Cytology","CYTOLOGY_NARRATIVE","WORKFLOW_REQUIRED","P1",1,"FALSE",0,"FALSE","FALSE",0,"Cytology microscopy","Cytology specimen","RATE_PENDING","NARRATIVE_TEMPLATE_MISSING; RATE_MISSING"
"CYT-0002","FNAC - Breast","Cytology","CYTOLOGY_NARRATIVE","WORKFLOW_REQUIRED","P1",1,"FALSE",0,"FALSE","FALSE",0,"Cytology microscopy","Cytology specimen","RATE_PENDING","NARRATIVE_TEMPLATE_MISSING; RATE_MISSING"
"CYT-0003","FNAC - Lymph Node","Cytology","CYTOLOGY_NARRATIVE","WORKFLOW_REQUIRED","P1",1,"FALSE",0,"FALSE","FALSE",0,"Cytology microscopy","Cytology specimen","RATE_PENDING","NARRATIVE_TEMPLATE_MISSING; RATE_MISSING"
"CYT-0004","FNAC - Salivary Gland","Cytology","CYTOLOGY_NARRATIVE","WORKFLOW_REQUIRED","P1",1,"FALSE",0,"FALSE","FALSE",0,"Cytology microscopy","Cytology specimen","RATE_PENDING","NARRATIVE_TEMPLATE_MISSING; RATE_MISSING"
"CYT-0005","FNAC - Soft Tissue","Cytology","CYTOLOGY_NARRATIVE","WORKFLOW_REQUIRED","P1",1,"FALSE",0,"FALSE","FALSE",0,"Cytology microscopy","Cytology specimen","RATE_PENDING","NARRATIVE_TEMPLATE_MISSING; RATE_MISSING"
"CYT-0006","FNAC - Other Site","Cytology","CYTOLOGY_NARRATIVE","WORKFLOW_REQUIRED","P1",1,"FALSE",0,"FALSE","FALSE",0,"Cytology microscopy","Cytology specimen","RATE_PENDING","NARRATIVE_TEMPLATE_MISSING; RATE_MISSING"
"CYT-0007","Pap Smear - Conventional","Cytology","CYTOLOGY_NARRATIVE","WORKFLOW_REQUIRED","P1",1,"FALSE",0,"FALSE","FALSE",0,"Cytology microscopy","Cytology specimen","RATE_PENDING","NARRATIVE_TEMPLATE_MISSING; RATE_MISSING"
"CYT-0008","Pap Smear - Liquid Based Cytology","Cytology","CYTOLOGY_NARRATIVE","WORKFLOW_REQUIRED","P1",1,"FALSE",0,"FALSE","FALSE",0,"Cytology microscopy","Cytology specimen","RATE_PENDING","NARRATIVE_TEMPLATE_MISSING; RATE_MISSING"
"CYT-0009","Pleural Fluid Cytology","Cytology","CYTOLOGY_NARRATIVE","WORKFLOW_REQUIRED","P1",1,"FALSE",0,"FALSE","FALSE",0,"Cytology microscopy","Cytology specimen","RATE_PENDING","NARRATIVE_TEMPLATE_MISSING; RATE_MISSING"
"CYT-0010","Ascitic Fluid Cytology","Cytology","CYTOLOGY_NARRATIVE","WORKFLOW_REQUIRED","P1",1,"FALSE",0,"FALSE","FALSE",0,"Cytology microscopy","Cytology specimen","RATE_PENDING","NARRATIVE_TEMPLATE_MISSING; RATE_MISSING"
"CYT-0011","Pericardial Fluid Cytology","Cytology","CYTOLOGY_NARRATIVE","WORKFLOW_REQUIRED","P1",1,"FALSE",0,"FALSE","FALSE",0,"Cytology microscopy","Cytology specimen","RATE_PENDING","NARRATIVE_TEMPLATE_MISSING; RATE_MISSING"
"CYT-0012","CSF Cytology","Cytology","CYTOLOGY_NARRATIVE","WORKFLOW_REQUIRED","P1",1,"FALSE",0,"FALSE","FALSE",0,"Cytology microscopy","Cytology specimen","RATE_PENDING","NARRATIVE_TEMPLATE_MISSING; RATE_MISSING"
"CYT-0013","Urine Cytology","Cytology","CYTOLOGY_NARRATIVE","WORKFLOW_REQUIRED","P1",1,"FALSE",0,"FALSE","FALSE",0,"Cytology microscopy","Cytology specimen","RATE_PENDING","NARRATIVE_TEMPLATE_MISSING; RATE_MISSING"
"CYT-0014","Sputum Cytology","Cytology","CYTOLOGY_NARRATIVE","WORKFLOW_REQUIRED","P1",1,"FALSE",0,"FALSE","FALSE",0,"Cytology microscopy","Cytology specimen","RATE_PENDING","NARRATIVE_TEMPLATE_MISSING; RATE_MISSING"
"CYT-0015","BAL Cytology","Cytology","CYTOLOGY_NARRATIVE","WORKFLOW_REQUIRED","P1",1,"FALSE",0,"FALSE","FALSE",0,"Cytology microscopy","Cytology specimen","RATE_PENDING","NARRATIVE_TEMPLATE_MISSING; RATE_MISSING"
"CYT-0016","Brush Cytology","Cytology","CYTOLOGY_NARRATIVE","WORKFLOW_REQUIRED","P1",1,"FALSE",0,"FALSE","FALSE",0,"Cytology microscopy","Cytology specimen","RATE_PENDING","NARRATIVE_TEMPLATE_MISSING; RATE_MISSING"
"CYT-0017","Imprint Cytology","Cytology","CYTOLOGY_NARRATIVE","WORKFLOW_REQUIRED","P1",1,"FALSE",0,"FALSE","FALSE",0,"Cytology microscopy","Cytology specimen","RATE_PENDING","NARRATIVE_TEMPLATE_MISSING; RATE_MISSING"
"CYT-0018","Cell Block Preparation","Cytology","CYTOLOGY_NARRATIVE","WORKFLOW_REQUIRED","P1",1,"FALSE",0,"FALSE","FALSE",0,"Cytology microscopy","Cytology specimen","RATE_PENDING","NARRATIVE_TEMPLATE_MISSING; RATE_MISSING"
"END-0006","Anti-TPO Antibody","Endocrinology","IMMUNOASSAY","LAB_SPECIFICATION_REQUIRED","P1",1,"TRUE",0,"FALSE","FALSE",0,"Chemiluminescent Immunoassay (CLIA)","Serum / Plasma","2000.00","NUMERIC_RANGE_MISSING"
"END-0007","Anti-Thyroglobulin Antibody","Endocrinology","IMMUNOASSAY","LAB_SPECIFICATION_REQUIRED","P1",1,"TRUE",0,"FALSE","FALSE",0,"Chemiluminescent Immunoassay (CLIA)","Serum / Plasma","RATE_PENDING","NUMERIC_RANGE_MISSING; RATE_MISSING"
"END-0008","Thyroglobulin","Endocrinology","IMMUNOASSAY","LAB_SPECIFICATION_REQUIRED","P1",1,"TRUE",0,"FALSE","FALSE",0,"Chemiluminescent Immunoassay (CLIA)","Serum / Plasma","RATE_PENDING","NUMERIC_RANGE_MISSING; RATE_MISSING"
"END-0009","TSH Receptor Antibody (TRAb)","Endocrinology","IMMUNOASSAY","LAB_SPECIFICATION_REQUIRED","P1",1,"TRUE",0,"FALSE","FALSE",0,"Chemiluminescent Immunoassay (CLIA)","Serum / Plasma","RATE_PENDING","NUMERIC_RANGE_MISSING; RATE_MISSING"
"END-0010","Thyroid Stimulating Immunoglobulin (TSI)","Endocrinology","IMMUNOASSAY","LAB_SPECIFICATION_REQUIRED","P1",1,"TRUE",0,"FALSE","FALSE",0,"Chemiluminescent Immunoassay (CLIA / LC-MS)","Serum / Plasma","RATE_PENDING","NUMERIC_RANGE_MISSING; RATE_MISSING"
"END-0011","PTH, Intact","Endocrinology","IMMUNOASSAY","LAB_SPECIFICATION_REQUIRED","P1",1,"TRUE",0,"FALSE","FALSE",0,"Chemiluminescent Immunoassay (CLIA)","Serum / Plasma","3000.00","NUMERIC_RANGE_MISSING"
"END-0012","Calcitonin","Endocrinology","IMMUNOASSAY","LAB_SPECIFICATION_REQUIRED","P1",1,"TRUE",0,"FALSE","FALSE",0,"CLIA/ECLIA/Validated immunoassay","Serum / Plasma","RATE_PENDING","NUMERIC_RANGE_MISSING; RATE_MISSING"
"END-0013","Cortisol, 8 AM","Endocrinology","IMMUNOASSAY","LAB_SPECIFICATION_REQUIRED","P1",1,"TRUE",0,"FALSE","FALSE",0,"CLIA/ECLIA/Validated immunoassay","Serum / Plasma","2500.00","NUMERIC_RANGE_MISSING"
"END-0014","Cortisol, 4 PM","Endocrinology","IMMUNOASSAY","LAB_SPECIFICATION_REQUIRED","P1",1,"TRUE",0,"FALSE","FALSE",0,"CLIA/ECLIA/Validated immunoassay","Serum / Plasma","RATE_PENDING","NUMERIC_RANGE_MISSING; RATE_MISSING"
"END-0015","ACTH","Endocrinology","IMMUNOASSAY","LAB_SPECIFICATION_REQUIRED","P1",1,"TRUE",0,"FALSE","FALSE",0,"CLIA/ECLIA/Validated immunoassay","EDTA Plasma (chilled)","RATE_PENDING","NUMERIC_RANGE_MISSING; RATE_MISSING"
"END-0016","DHEA-S","Endocrinology","IMMUNOASSAY","LAB_SPECIFICATION_REQUIRED","P1",1,"TRUE",0,"FALSE","FALSE",0,"CLIA/ECLIA/Validated immunoassay","Serum / Plasma","RATE_PENDING","NUMERIC_RANGE_MISSING; RATE_MISSING"
"END-0017","DHEA","Endocrinology","IMMUNOASSAY","LAB_SPECIFICATION_REQUIRED","P1",1,"TRUE",0,"FALSE","FALSE",0,"CLIA/ECLIA/Validated immunoassay","Serum / Plasma","RATE_PENDING","NUMERIC_RANGE_MISSING; RATE_MISSING"
"END-0018","Aldosterone","Endocrinology","IMMUNOASSAY","LAB_SPECIFICATION_REQUIRED","P1",1,"TRUE",0,"FALSE","FALSE",0,"CLIA/ECLIA/Validated immunoassay","Serum / Plasma","RATE_PENDING","NUMERIC_RANGE_MISSING; RATE_MISSING"
"END-0019","Plasma Renin Activity","Endocrinology","IMMUNOASSAY","LAB_SPECIFICATION_REQUIRED","P1",1,"TRUE",0,"FALSE","FALSE",0,"CLIA/ECLIA/Validated immunoassay","Serum / Plasma","RATE_PENDING","NUMERIC_RANGE_MISSING; RATE_MISSING"
"END-0020","Direct Renin","Endocrinology","IMMUNOASSAY","LAB_SPECIFICATION_REQUIRED","P1",1,"TRUE",0,"FALSE","FALSE",0,"CLIA/ECLIA/Validated immunoassay","Serum / Plasma","RATE_PENDING","NUMERIC_RANGE_MISSING; RATE_MISSING"
"END-0021","Aldosterone/Renin Ratio","Endocrinology","IMMUNOASSAY","LAB_SPECIFICATION_REQUIRED","P1",1,"TRUE",0,"FALSE","FALSE",0,"CLIA/ECLIA/Validated immunoassay","Serum / Plasma","RATE_PENDING","NUMERIC_RANGE_MISSING; RATE_MISSING"
"END-0022","Growth Hormone (GH)","Endocrinology","IMMUNOASSAY","LAB_SPECIFICATION_REQUIRED","P1",1,"TRUE",0,"FALSE","FALSE",0,"CLIA/ECLIA/Validated immunoassay","Serum / Plasma","2000.00","NUMERIC_RANGE_MISSING"
"END-0023","IGF-1","Endocrinology","IMMUNOASSAY","LAB_SPECIFICATION_REQUIRED","P1",1,"TRUE",0,"FALSE","FALSE",0,"CLIA/ECLIA/Validated immunoassay","Serum / Plasma","RATE_PENDING","NUMERIC_RANGE_MISSING; RATE_MISSING"
"END-0024","IGFBP-3","Endocrinology","IMMUNOASSAY","LAB_SPECIFICATION_REQUIRED","P1",1,"TRUE",0,"FALSE","FALSE",0,"CLIA/ECLIA/Validated immunoassay","Serum / Plasma","RATE_PENDING","NUMERIC_RANGE_MISSING; RATE_MISSING"
"END-0025","Prolactin","Endocrinology","IMMUNOASSAY","LAB_SPECIFICATION_REQUIRED","P1",1,"TRUE",0,"FALSE","FALSE",0,"CLIA/ECLIA/Validated immunoassay","Serum / Plasma","800.00","NUMERIC_RANGE_MISSING"
"END-0026","Macroprolactin","Endocrinology","IMMUNOASSAY","LAB_SPECIFICATION_REQUIRED","P1",1,"TRUE",0,"FALSE","FALSE",0,"CLIA/ECLIA/Validated immunoassay","Serum / Plasma","RATE_PENDING","NUMERIC_RANGE_MISSING; RATE_MISSING"
"END-0027","FSH","Endocrinology","IMMUNOASSAY","LAB_SPECIFICATION_REQUIRED","P1",1,"TRUE",0,"FALSE","FALSE",0,"CLIA/ECLIA/Validated immunoassay","Serum / Plasma","800.00","NUMERIC_RANGE_MISSING"
"END-0028","LH","Endocrinology","IMMUNOASSAY","LAB_SPECIFICATION_REQUIRED","P1",1,"TRUE",0,"FALSE","FALSE",0,"CLIA/ECLIA/Validated immunoassay","Serum / Plasma","800.00","NUMERIC_RANGE_MISSING"
"END-0029","Estradiol (E2)","Endocrinology","IMMUNOASSAY","LAB_SPECIFICATION_REQUIRED","P1",1,"TRUE",0,"FALSE","FALSE",0,"CLIA/ECLIA/Validated immunoassay","Serum / Plasma","RATE_PENDING","NUMERIC_RANGE_MISSING; RATE_MISSING"
"END-0030","Progesterone","Endocrinology","IMMUNOASSAY","LAB_SPECIFICATION_REQUIRED","P1",1,"TRUE",0,"FALSE","FALSE",0,"CLIA/ECLIA/Validated immunoassay","Serum / Plasma","2500.00","NUMERIC_RANGE_MISSING"
"END-0031","Testosterone, Total","Endocrinology","IMMUNOASSAY","LAB_SPECIFICATION_REQUIRED","P1",1,"TRUE",0,"FALSE","FALSE",0,"CLIA/ECLIA/Validated immunoassay","Serum / Plasma","1200.00","NUMERIC_RANGE_MISSING"
"END-0032","Testosterone, Free","Endocrinology","IMMUNOASSAY","LAB_SPECIFICATION_REQUIRED","P1",1,"TRUE",0,"FALSE","FALSE",0,"CLIA/ECLIA/Validated immunoassay","Serum / Plasma","RATE_PENDING","NUMERIC_RANGE_MISSING; RATE_MISSING"
"END-0033","SHBG","Endocrinology","IMMUNOASSAY","LAB_SPECIFICATION_REQUIRED","P1",1,"TRUE",0,"FALSE","FALSE",0,"CLIA/ECLIA/Validated immunoassay","Serum / Plasma","RATE_PENDING","NUMERIC_RANGE_MISSING; RATE_MISSING"
"END-0034","Free Androgen Index","Endocrinology","IMMUNOASSAY","LAB_SPECIFICATION_REQUIRED","P1",1,"TRUE",0,"FALSE","FALSE",0,"CLIA/ECLIA/Validated immunoassay","Serum / Plasma","RATE_PENDING","NUMERIC_RANGE_MISSING; RATE_MISSING"
"END-0035","Androstenedione","Endocrinology","IMMUNOASSAY","LAB_SPECIFICATION_REQUIRED","P1",1,"TRUE",0,"FALSE","FALSE",0,"CLIA/ECLIA/Validated immunoassay","Serum / Plasma","RATE_PENDING","NUMERIC_RANGE_MISSING; RATE_MISSING"
"END-0036","17-OH Progesterone","Endocrinology","IMMUNOASSAY","LAB_SPECIFICATION_REQUIRED","P1",1,"TRUE",0,"FALSE","FALSE",0,"CLIA/ECLIA/Validated immunoassay","Serum / Plasma","RATE_PENDING","NUMERIC_RANGE_MISSING; RATE_MISSING"
"END-0037","AMH","Endocrinology","IMMUNOASSAY","LAB_SPECIFICATION_REQUIRED","P1",1,"TRUE",0,"FALSE","FALSE",0,"CLIA/ECLIA/Validated immunoassay","Serum / Plasma","3500.00","NUMERIC_RANGE_MISSING"
"END-0038","Inhibin B","Endocrinology","IMMUNOASSAY","LAB_SPECIFICATION_REQUIRED","P1",1,"TRUE",0,"FALSE","FALSE",0,"CLIA/ECLIA/Validated immunoassay","Serum / Plasma","RATE_PENDING","NUMERIC_RANGE_MISSING; RATE_MISSING"
"END-0040","Beta-hCG, Qualitative","Endocrinology","IMMUNOASSAY","LAB_SPECIFICATION_REQUIRED","P1",1,"TRUE",0,"FALSE","FALSE",0,"CLIA/ECLIA/Validated immunoassay","Serum / Plasma","RATE_PENDING","NUMERIC_RANGE_MISSING; RATE_MISSING"
"END-0041","Insulin, Fasting","Endocrinology","IMMUNOASSAY","LAB_SPECIFICATION_REQUIRED","P1",1,"TRUE",0,"FALSE","FALSE",0,"CLIA/ECLIA/Validated immunoassay","Serum / Plasma","3000.00","NUMERIC_RANGE_MISSING"
"END-0042","Insulin, Postprandial","Endocrinology","IMMUNOASSAY","LAB_SPECIFICATION_REQUIRED","P1",1,"TRUE",0,"FALSE","FALSE",0,"CLIA/ECLIA/Validated immunoassay","Serum / Plasma","RATE_PENDING","NUMERIC_RANGE_MISSING; RATE_MISSING"
"END-0043","C-Peptide, Fasting","Endocrinology","IMMUNOASSAY","LAB_SPECIFICATION_REQUIRED","P1",1,"TRUE",0,"FALSE","FALSE",0,"CLIA/ECLIA/Validated immunoassay","Serum / Plasma","RATE_PENDING","NUMERIC_RANGE_MISSING; RATE_MISSING"
"END-0044","C-Peptide, Postprandial","Endocrinology","IMMUNOASSAY","LAB_SPECIFICATION_REQUIRED","P1",1,"TRUE",0,"FALSE","FALSE",0,"CLIA/ECLIA/Validated immunoassay","Serum / Plasma","RATE_PENDING","NUMERIC_RANGE_MISSING; RATE_MISSING"
"END-0045","HOMA-IR","Endocrinology","IMMUNOASSAY","LAB_SPECIFICATION_REQUIRED","P1",1,"TRUE",0,"FALSE","FALSE",0,"Governed Mathematical Calculation","Serum / Plasma","RATE_PENDING","NUMERIC_RANGE_MISSING; RATE_MISSING"
"END-0046","Leptin","Endocrinology","IMMUNOASSAY","LAB_SPECIFICATION_REQUIRED","P1",1,"TRUE",0,"FALSE","FALSE",0,"CLIA/ECLIA/Validated immunoassay","Serum / Plasma","RATE_PENDING","NUMERIC_RANGE_MISSING; RATE_MISSING"
"END-0047","Adiponectin","Endocrinology","IMMUNOASSAY","LAB_SPECIFICATION_REQUIRED","P1",1,"TRUE",0,"FALSE","FALSE",0,"CLIA/ECLIA/Validated immunoassay","Serum / Plasma","RATE_PENDING","NUMERIC_RANGE_MISSING; RATE_MISSING"
"END-0048","Erythropoietin","Endocrinology","IMMUNOASSAY","LAB_SPECIFICATION_REQUIRED","P1",1,"TRUE",0,"FALSE","FALSE",0,"CLIA/ECLIA/Validated immunoassay","Serum / Plasma","RATE_PENDING","NUMERIC_RANGE_MISSING; RATE_MISSING"
"END-0049","Gastrin","Endocrinology","IMMUNOASSAY","LAB_SPECIFICATION_REQUIRED","P1",1,"TRUE",0,"FALSE","FALSE",0,"CLIA/ECLIA/Validated immunoassay","Serum / Plasma","RATE_PENDING","NUMERIC_RANGE_MISSING; RATE_MISSING"
"END-0050","Insulin-like Growth Factor 2","Endocrinology","COAGULATION","LAB_SPECIFICATION_REQUIRED","P1",1,"TRUE",0,"FALSE","FALSE",0,"CLIA/ECLIA/Validated immunoassay","Serum / Plasma","RATE_PENDING","NUMERIC_RANGE_MISSING; RATE_MISSING"
"END-0051","Chromogranin A","Endocrinology","IMMUNOASSAY","LAB_SPECIFICATION_REQUIRED","P1",1,"TRUE",0,"FALSE","FALSE",0,"CLIA/ECLIA/Validated immunoassay","Serum / Plasma","RATE_PENDING","NUMERIC_RANGE_MISSING; RATE_MISSING"
"END-0052","Serotonin, Serum","Endocrinology","IMMUNOASSAY","LAB_SPECIFICATION_REQUIRED","P1",1,"TRUE",0,"FALSE","FALSE",0,"CLIA/ECLIA/Validated immunoassay","Serum / Plasma","RATE_PENDING","NUMERIC_RANGE_MISSING; RATE_MISSING"
"END-0053","Melatonin","Endocrinology","IMMUNOASSAY","LAB_SPECIFICATION_REQUIRED","P1",1,"TRUE",0,"FALSE","FALSE",0,"CLIA/ECLIA/Validated immunoassay","Serum / Plasma","RATE_PENDING","NUMERIC_RANGE_MISSING; RATE_MISSING"
"END-0054","ADH / Vasopressin","Endocrinology","IMMUNOASSAY","LAB_SPECIFICATION_REQUIRED","P1",1,"TRUE",0,"FALSE","FALSE",0,"CLIA/ECLIA/Validated immunoassay","EDTA Plasma (chilled)","RATE_PENDING","NUMERIC_RANGE_MISSING; RATE_MISSING"
"END-0055","Copeptin","Endocrinology","IMMUNOASSAY","LAB_SPECIFICATION_REQUIRED","P1",1,"TRUE",0,"FALSE","FALSE",0,"CLIA/ECLIA/Validated immunoassay","Serum / Plasma","RATE_PENDING","NUMERIC_RANGE_MISSING; RATE_MISSING"
"END-0066","Free T4 by Equilibrium Dialysis","Endocrinology","IMMUNOASSAY","LAB_SPECIFICATION_REQUIRED","P1",1,"TRUE",0,"FALSE","FALSE",0,"LC-MS/MS or validated immunoassay","Serum / Plasma / Saliva as specified","RATE_PENDING","NUMERIC_RANGE_MISSING; RATE_MISSING"
"END-0067","Reverse T3","Endocrinology","IMMUNOASSAY","LAB_SPECIFICATION_REQUIRED","P1",1,"TRUE",0,"FALSE","FALSE",0,"LC-MS/MS or validated immunoassay","Serum / Plasma / Saliva as specified","RATE_PENDING","NUMERIC_RANGE_MISSING; RATE_MISSING"
"END-0068","Thyroxine Binding Globulin","Endocrinology","IMMUNOASSAY","LAB_SPECIFICATION_REQUIRED","P1",1,"TRUE",0,"FALSE","FALSE",0,"LC-MS/MS or validated immunoassay","Serum / Plasma / Saliva as specified","RATE_PENDING","NUMERIC_RANGE_MISSING; RATE_MISSING"
"END-0069","IGF Binding Protein 1","Endocrinology","IMMUNOASSAY","LAB_SPECIFICATION_REQUIRED","P1",1,"TRUE",0,"FALSE","FALSE",0,"LC-MS/MS or validated immunoassay","Serum / Plasma / Saliva as specified","RATE_PENDING","NUMERIC_RANGE_MISSING; RATE_MISSING"
"END-0070","Free Cortisol, Serum","Endocrinology","IMMUNOASSAY","LAB_SPECIFICATION_REQUIRED","P1",1,"TRUE",0,"FALSE","FALSE",0,"LC-MS/MS or validated immunoassay","Serum / Plasma / Saliva as specified","RATE_PENDING","NUMERIC_RANGE_MISSING; RATE_MISSING"
"END-0071","Salivary Cortisol, Morning","Endocrinology","IMMUNOASSAY","LAB_SPECIFICATION_REQUIRED","P1",1,"TRUE",0,"FALSE","FALSE",0,"LC-MS/MS or validated immunoassay","Serum / Plasma / Saliva as specified","RATE_PENDING","NUMERIC_RANGE_MISSING; RATE_MISSING"
"END-0072","Salivary Cortisol, Midnight","Endocrinology","IMMUNOASSAY","LAB_SPECIFICATION_REQUIRED","P1",1,"TRUE",0,"FALSE","FALSE",0,"LC-MS/MS or validated immunoassay","Serum / Plasma / Saliva as specified","RATE_PENDING","NUMERIC_RANGE_MISSING; RATE_MISSING"
"END-0073","17-Hydroxypregnenolone","Endocrinology","IMMUNOASSAY","LAB_SPECIFICATION_REQUIRED","P1",1,"TRUE",0,"FALSE","FALSE",0,"LC-MS/MS or validated immunoassay","Serum / Plasma / Saliva as specified","RATE_PENDING","NUMERIC_RANGE_MISSING; RATE_MISSING"
"END-0074","11-Deoxycortisol","Endocrinology","IMMUNOASSAY","LAB_SPECIFICATION_REQUIRED","P1",1,"TRUE",0,"FALSE","FALSE",0,"LC-MS/MS or validated immunoassay","Serum / Plasma / Saliva as specified","RATE_PENDING","NUMERIC_RANGE_MISSING; RATE_MISSING"
"END-0075","Deoxycorticosterone","Endocrinology","IMMUNOASSAY","LAB_SPECIFICATION_REQUIRED","P1",1,"TRUE",0,"FALSE","FALSE",0,"LC-MS/MS or validated immunoassay","Serum / Plasma / Saliva as specified","RATE_PENDING","NUMERIC_RANGE_MISSING; RATE_MISSING"
"END-0076","Pregnenolone","Endocrinology","IMMUNOASSAY","LAB_SPECIFICATION_REQUIRED","P1",1,"TRUE",0,"FALSE","FALSE",0,"LC-MS/MS or validated immunoassay","Serum / Plasma / Saliva as specified","RATE_PENDING","NUMERIC_RANGE_MISSING; RATE_MISSING"
"END-0077","Estrone (E1)","Endocrinology","IMMUNOASSAY","LAB_SPECIFICATION_REQUIRED","P1",1,"TRUE",0,"FALSE","FALSE",0,"LC-MS/MS or validated immunoassay","Serum / Plasma / Saliva as specified","RATE_PENDING","NUMERIC_RANGE_MISSING; RATE_MISSING"
"END-0078","Estriol (E3)","Endocrinology","IMMUNOASSAY","LAB_SPECIFICATION_REQUIRED","P1",1,"TRUE",0,"FALSE","FALSE",0,"LC-MS/MS or validated immunoassay","Serum / Plasma / Saliva as specified","RATE_PENDING","NUMERIC_RANGE_MISSING; RATE_MISSING"
"END-0079","Dihydrotestosterone","Endocrinology","IMMUNOASSAY","LAB_SPECIFICATION_REQUIRED","P1",1,"TRUE",0,"FALSE","FALSE",0,"LC-MS/MS or validated immunoassay","Serum / Plasma / Saliva as specified","RATE_PENDING","NUMERIC_RANGE_MISSING; RATE_MISSING"
"END-0080","Free Testosterone by Equilibrium Dialysis","Endocrinology","IMMUNOASSAY","LAB_SPECIFICATION_REQUIRED","P1",1,"TRUE",0,"FALSE","FALSE",0,"LC-MS/MS or validated immunoassay","Serum / Plasma / Saliva as specified","RATE_PENDING","NUMERIC_RANGE_MISSING; RATE_MISSING"
"END-0081","Inhibin A","Endocrinology","IMMUNOASSAY","LAB_SPECIFICATION_REQUIRED","P1",1,"TRUE",0,"FALSE","FALSE",0,"LC-MS/MS or validated immunoassay","Serum / Plasma / Saliva as specified","RATE_PENDING","NUMERIC_RANGE_MISSING; RATE_MISSING"
"END-0082","Anti-Mullerian Hormone - Pediatric","Endocrinology","IMMUNOASSAY","LAB_SPECIFICATION_REQUIRED","P1",1,"TRUE",0,"FALSE","FALSE",0,"LC-MS/MS or validated immunoassay","Serum / Plasma / Saliva as specified","RATE_PENDING","NUMERIC_RANGE_MISSING; RATE_MISSING"
"END-0083","Proinsulin","Endocrinology","IMMUNOASSAY","LAB_SPECIFICATION_REQUIRED","P1",1,"TRUE",0,"FALSE","FALSE",0,"LC-MS/MS or validated immunoassay","Serum / Plasma / Saliva as specified","RATE_PENDING","NUMERIC_RANGE_MISSING; RATE_MISSING"
"END-0084","Glucagon","Endocrinology","IMMUNOASSAY","LAB_SPECIFICATION_REQUIRED","P1",1,"TRUE",0,"FALSE","FALSE",0,"LC-MS/MS or validated immunoassay","Serum / Plasma / Saliva as specified","RATE_PENDING","NUMERIC_RANGE_MISSING; RATE_MISSING"
"END-0085","Pancreatic Polypeptide","Endocrinology","IMMUNOASSAY","LAB_SPECIFICATION_REQUIRED","P1",1,"TRUE",0,"FALSE","FALSE",0,"LC-MS/MS or validated immunoassay","Serum / Plasma / Saliva as specified","RATE_PENDING","NUMERIC_RANGE_MISSING; RATE_MISSING"
"GEN-0001","Conventional Karyotyping - Peripheral Blood","Genetics / Cytogenetics","GENETICS_RESULT","WORKFLOW_REQUIRED","P1",1,"FALSE",0,"TRUE","FALSE",0,"Karyotype/FISH/PCR/NGS as applicable","EDTA Blood / Bone Marrow / FFPE as applicable","RATE_PENDING","NARRATIVE_TEMPLATE_MISSING; RATE_MISSING"
"GEN-0002","Conventional Karyotyping - Bone Marrow","Genetics / Cytogenetics","GENETICS_RESULT","WORKFLOW_REQUIRED","P1",1,"FALSE",0,"TRUE","FALSE",0,"Karyotype/FISH/PCR/NGS as applicable","EDTA Blood / Bone Marrow / FFPE as applicable","RATE_PENDING","NARRATIVE_TEMPLATE_MISSING; RATE_MISSING"
"GEN-0003","FISH - BCR/ABL1","Genetics / Cytogenetics","GENETICS_RESULT","WORKFLOW_REQUIRED","P1",1,"FALSE",0,"TRUE","FALSE",0,"Karyotype/FISH/PCR/NGS as applicable","EDTA Blood / Bone Marrow / FFPE as applicable","RATE_PENDING","NARRATIVE_TEMPLATE_MISSING; RATE_MISSING"
"GEN-0004","FISH - PML/RARA","Genetics / Cytogenetics","GENETICS_RESULT","WORKFLOW_REQUIRED","P1",1,"FALSE",0,"TRUE","FALSE",0,"Karyotype/FISH/PCR/NGS as applicable","EDTA Blood / Bone Marrow / FFPE as applicable","RATE_PENDING","NARRATIVE_TEMPLATE_MISSING; RATE_MISSING"
"GEN-0005","FISH - HER2","Genetics / Cytogenetics","GENETICS_RESULT","WORKFLOW_REQUIRED","P1",1,"FALSE",0,"TRUE","FALSE",0,"Karyotype/FISH/PCR/NGS as applicable","EDTA Blood / Bone Marrow / FFPE as applicable","RATE_PENDING","NARRATIVE_TEMPLATE_MISSING; RATE_MISSING"
"GEN-0006","FISH - ALK","Genetics / Cytogenetics","GENETICS_RESULT","WORKFLOW_REQUIRED","P1",1,"FALSE",0,"TRUE","FALSE",0,"Karyotype/FISH/PCR/NGS as applicable","EDTA Blood / Bone Marrow / FFPE as applicable","RATE_PENDING","NARRATIVE_TEMPLATE_MISSING; RATE_MISSING"
"GEN-0007","FISH - ROS1","Genetics / Cytogenetics","GENETICS_RESULT","WORKFLOW_REQUIRED","P1",1,"FALSE",0,"TRUE","FALSE",0,"Karyotype/FISH/PCR/NGS as applicable","EDTA Blood / Bone Marrow / FFPE as applicable","RATE_PENDING","NARRATIVE_TEMPLATE_MISSING; RATE_MISSING"
"GEN-0008","FISH - 1p/19q Codeletion","Genetics / Cytogenetics","GENETICS_RESULT","WORKFLOW_REQUIRED","P1",1,"FALSE",0,"TRUE","FALSE",0,"Karyotype/FISH/PCR/NGS as applicable","EDTA Blood / Bone Marrow / FFPE as applicable","RATE_PENDING","NARRATIVE_TEMPLATE_MISSING; RATE_MISSING"
"GEN-0009","FISH - MYC","Genetics / Cytogenetics","GENETICS_RESULT","WORKFLOW_REQUIRED","P1",1,"FALSE",0,"TRUE","FALSE",0,"Karyotype/FISH/PCR/NGS as applicable","EDTA Blood / Bone Marrow / FFPE as applicable","RATE_PENDING","NARRATIVE_TEMPLATE_MISSING; RATE_MISSING"
"GEN-0010","FISH - BCL2","Genetics / Cytogenetics","GENETICS_RESULT","WORKFLOW_REQUIRED","P1",1,"FALSE",0,"TRUE","FALSE",0,"Karyotype/FISH/PCR/NGS as applicable","EDTA Blood / Bone Marrow / FFPE as applicable","RATE_PENDING","NARRATIVE_TEMPLATE_MISSING; RATE_MISSING"
"GEN-0011","FISH - BCL6","Genetics / Cytogenetics","GENETICS_RESULT","WORKFLOW_REQUIRED","P1",1,"FALSE",0,"TRUE","FALSE",0,"Karyotype/FISH/PCR/NGS as applicable","EDTA Blood / Bone Marrow / FFPE as applicable","RATE_PENDING","NARRATIVE_TEMPLATE_MISSING; RATE_MISSING"
"GEN-0012","FISH - EWSR1","Genetics / Cytogenetics","GENETICS_RESULT","WORKFLOW_REQUIRED","P1",1,"FALSE",0,"TRUE","FALSE",0,"Karyotype/FISH/PCR/NGS as applicable","EDTA Blood / Bone Marrow / FFPE as applicable","RATE_PENDING","NARRATIVE_TEMPLATE_MISSING; RATE_MISSING"
"GEN-0013","FISH - SS18","Genetics / Cytogenetics","GENETICS_RESULT","WORKFLOW_REQUIRED","P1",1,"FALSE",0,"TRUE","FALSE",0,"Karyotype/FISH/PCR/NGS as applicable","EDTA Blood / Bone Marrow / FFPE as applicable","RATE_PENDING","NARRATIVE_TEMPLATE_MISSING; RATE_MISSING"
"GEN-0014","FISH - MDM2","Genetics / Cytogenetics","GENETICS_RESULT","WORKFLOW_REQUIRED","P1",1,"FALSE",0,"TRUE","FALSE",0,"Karyotype/FISH/PCR/NGS as applicable","EDTA Blood / Bone Marrow / FFPE as applicable","RATE_PENDING","NARRATIVE_TEMPLATE_MISSING; RATE_MISSING"
"GEN-0015","FISH - DDIT3","Genetics / Cytogenetics","GENETICS_RESULT","WORKFLOW_REQUIRED","P1",1,"FALSE",0,"TRUE","FALSE",0,"Karyotype/FISH/PCR/NGS as applicable","EDTA Blood / Bone Marrow / FFPE as applicable","RATE_PENDING","NARRATIVE_TEMPLATE_MISSING; RATE_MISSING"
"GEN-0016","FISH - RET","Genetics / Cytogenetics","GENETICS_RESULT","WORKFLOW_REQUIRED","P1",1,"FALSE",0,"TRUE","FALSE",0,"Karyotype/FISH/PCR/NGS as applicable","EDTA Blood / Bone Marrow / FFPE as applicable","RATE_PENDING","NARRATIVE_TEMPLATE_MISSING; RATE_MISSING"
"GEN-0017","FISH - NTRK","Genetics / Cytogenetics","GENETICS_RESULT","WORKFLOW_REQUIRED","P1",1,"FALSE",0,"TRUE","FALSE",0,"Karyotype/FISH/PCR/NGS as applicable","EDTA Blood / Bone Marrow / FFPE as applicable","RATE_PENDING","NARRATIVE_TEMPLATE_MISSING; RATE_MISSING"
"GEN-0018","Chromosomal Microarray","Genetics / Cytogenetics","GENETICS_RESULT","WORKFLOW_REQUIRED","P1",1,"FALSE",0,"TRUE","FALSE",0,"Karyotype/FISH/PCR/NGS as applicable","EDTA Blood / Bone Marrow / FFPE as applicable","RATE_PENDING","NARRATIVE_TEMPLATE_MISSING; RATE_MISSING"
"GEN-0019","Whole Exome Sequencing","Genetics / Cytogenetics","GENETICS_RESULT","WORKFLOW_REQUIRED","P1",1,"FALSE",0,"TRUE","FALSE",0,"Karyotype/FISH/PCR/NGS as applicable","EDTA Blood / Bone Marrow / FFPE as applicable","RATE_PENDING","NARRATIVE_TEMPLATE_MISSING; RATE_MISSING"
"GEN-0020","Targeted Clinical Exome","Genetics / Cytogenetics","GENETICS_RESULT","WORKFLOW_REQUIRED","P1",1,"FALSE",0,"TRUE","FALSE",0,"Karyotype/FISH/PCR/NGS as applicable","EDTA Blood / Bone Marrow / FFPE as applicable","RATE_PENDING","NARRATIVE_TEMPLATE_MISSING; RATE_MISSING"
"GEN-0021","Carrier Screening Panel","Genetics / Cytogenetics","GENETICS_RESULT","WORKFLOW_REQUIRED","P1",1,"FALSE",0,"TRUE","FALSE",0,"Karyotype/FISH/PCR/NGS as applicable","EDTA Blood / Bone Marrow / FFPE as applicable","RATE_PENDING","NARRATIVE_TEMPLATE_MISSING; RATE_MISSING"
"GEN-0022","Thalassemia Mutation Analysis","Genetics / Cytogenetics","GENETICS_RESULT","WORKFLOW_REQUIRED","P1",1,"FALSE",0,"TRUE","FALSE",0,"Karyotype/FISH/PCR/NGS as applicable","EDTA Blood / Bone Marrow / FFPE as applicable","RATE_PENDING","NARRATIVE_TEMPLATE_MISSING; RATE_MISSING"
"GEN-0023","HFE Hemochromatosis Mutation","Genetics / Cytogenetics","GENETICS_RESULT","WORKFLOW_REQUIRED","P1",1,"FALSE",0,"TRUE","FALSE",0,"Karyotype/FISH/PCR/NGS as applicable","EDTA Blood / Bone Marrow / FFPE as applicable","RATE_PENDING","NARRATIVE_TEMPLATE_MISSING; RATE_MISSING"
"GEN-0024","Factor V Leiden Mutation","Genetics / Cytogenetics","GENETICS_RESULT","WORKFLOW_REQUIRED","P1",1,"FALSE",0,"TRUE","FALSE",0,"Karyotype/FISH/PCR/NGS as applicable","EDTA Blood / Bone Marrow / FFPE as applicable","RATE_PENDING","NARRATIVE_TEMPLATE_MISSING; RATE_MISSING"
"GEN-0025","Prothrombin G20210A Mutation","Genetics / Cytogenetics","GENETICS_RESULT","WORKFLOW_REQUIRED","P1",1,"FALSE",0,"TRUE","FALSE",0,"Karyotype/FISH/PCR/NGS as applicable","EDTA Blood / Bone Marrow / FFPE as applicable","RATE_PENDING","NARRATIVE_TEMPLATE_MISSING; RATE_MISSING"
"GEN-0026","MTHFR C677T/A1298C","Genetics / Cytogenetics","GENETICS_RESULT","WORKFLOW_REQUIRED","P1",1,"FALSE",0,"TRUE","FALSE",0,"Karyotype/FISH/PCR/NGS as applicable","EDTA Blood / Bone Marrow / FFPE as applicable","RATE_PENDING","NARRATIVE_TEMPLATE_MISSING; RATE_MISSING"
"GEN-0027","HLA-B27 Genotyping","Genetics / Cytogenetics","GENETICS_RESULT","WORKFLOW_REQUIRED","P1",1,"FALSE",0,"TRUE","FALSE",0,"Karyotype/FISH/PCR/NGS as applicable","EDTA Blood / Bone Marrow / FFPE as applicable","RATE_PENDING","NARRATIVE_TEMPLATE_MISSING; RATE_MISSING"
"GEN-0028","HLA-B*57:01","Genetics / Cytogenetics","GENETICS_RESULT","WORKFLOW_REQUIRED","P1",1,"FALSE",0,"TRUE","FALSE",0,"Karyotype/FISH/PCR/NGS as applicable","EDTA Blood / Bone Marrow / FFPE as applicable","RATE_PENDING","NARRATIVE_TEMPLATE_MISSING; RATE_MISSING"
"GEN-0029","HLA-B*15:02","Genetics / Cytogenetics","GENETICS_RESULT","WORKFLOW_REQUIRED","P1",1,"FALSE",0,"TRUE","FALSE",0,"Karyotype/FISH/PCR/NGS as applicable","EDTA Blood / Bone Marrow / FFPE as applicable","RATE_PENDING","NARRATIVE_TEMPLATE_MISSING; RATE_MISSING"
"GEN-0030","HLA Typing Class I","Genetics / Cytogenetics","GENETICS_RESULT","WORKFLOW_REQUIRED","P1",1,"FALSE",0,"TRUE","FALSE",0,"Karyotype/FISH/PCR/NGS as applicable","EDTA Blood / Bone Marrow / FFPE as applicable","RATE_PENDING","NARRATIVE_TEMPLATE_MISSING; RATE_MISSING"
"GEN-0031","HLA Typing Class II","Genetics / Cytogenetics","GENETICS_RESULT","WORKFLOW_REQUIRED","P1",1,"FALSE",0,"TRUE","FALSE",0,"Karyotype/FISH/PCR/NGS as applicable","EDTA Blood / Bone Marrow / FFPE as applicable","RATE_PENDING","NARRATIVE_TEMPLATE_MISSING; RATE_MISSING"
"HEM-0026","Peripheral Blood Smear","Haematology","MANUAL_MICROSCOPY","LAB_SPECIFICATION_REQUIRED","P1",1,"FALSE",0,"TRUE","FALSE",0,"Microscopy","EDTA Whole Blood","300.00","QUALITATIVE_OPTIONS_MISSING"
"HEM-0003","Hematocrit (HCT/PCV)","Hematology","ANALYZER_HEMATOLOGY","LAB_SPECIFICATION_REQUIRED","P1",1,"TRUE",0,"FALSE","FALSE",0,"Calculated (RBC x MCV / 10) / Centrifugation","EDTA Whole Blood","RATE_PENDING","NUMERIC_RANGE_MISSING; RATE_MISSING"
"HEM-0004","RBC Count","Hematology","ANALYZER_HEMATOLOGY","LAB_SPECIFICATION_REQUIRED","P1",1,"TRUE",0,"FALSE","FALSE",0,"Automated Electrical Impedance","EDTA Whole Blood","300.00","NUMERIC_RANGE_MISSING"
"HEM-0005","WBC Count / TLC","Hematology","ANALYZER_HEMATOLOGY","LAB_SPECIFICATION_REQUIRED","P1",1,"TRUE",0,"FALSE","FALSE",0,"Automated Flow Cytometry / Impedance","EDTA Whole Blood","RATE_PENDING","NUMERIC_RANGE_MISSING; RATE_MISSING"
"HEM-0007","MCV","Hematology","ANALYZER_HEMATOLOGY","LAB_SPECIFICATION_REQUIRED","P1",1,"TRUE",0,"FALSE","FALSE",0,"Calculated (HCT x 10 / RBC)","EDTA Whole Blood","RATE_PENDING","NUMERIC_RANGE_MISSING; RATE_MISSING"
"HEM-0008","MCH","Hematology","ANALYZER_HEMATOLOGY","LAB_SPECIFICATION_REQUIRED","P1",1,"TRUE",0,"FALSE","FALSE",0,"Calculated (Hb x 10 / RBC)","EDTA Whole Blood","RATE_PENDING","NUMERIC_RANGE_MISSING; RATE_MISSING"
"HEM-0009","MCHC","Hematology","ANALYZER_HEMATOLOGY","LAB_SPECIFICATION_REQUIRED","P1",1,"TRUE",0,"FALSE","FALSE",0,"Calculated (Hb x 100 / HCT)","EDTA Whole Blood","RATE_PENDING","NUMERIC_RANGE_MISSING; RATE_MISSING"
"HEM-0010","RDW-CV","Hematology","ANALYZER_HEMATOLOGY","LAB_SPECIFICATION_REQUIRED","P1",1,"TRUE",0,"FALSE","FALSE",0,"Automated Impedance / Optical","EDTA Whole Blood","RATE_PENDING","NUMERIC_RANGE_MISSING; RATE_MISSING"
"HEM-0011","RDW-SD","Hematology","ANALYZER_HEMATOLOGY","LAB_SPECIFICATION_REQUIRED","P1",1,"TRUE",0,"FALSE","FALSE",0,"Automated Optical / Impedance / Coagulation Analyzer","EDTA Whole Blood","RATE_PENDING","NUMERIC_RANGE_MISSING; RATE_MISSING"
"HEM-0012","MPV","Hematology","ANALYZER_HEMATOLOGY","LAB_SPECIFICATION_REQUIRED","P1",1,"TRUE",0,"FALSE","FALSE",0,"Automated Optical / Impedance / Coagulation Analyzer","EDTA Whole Blood","RATE_PENDING","NUMERIC_RANGE_MISSING; RATE_MISSING"
"HEM-0013","PDW","Hematology","ANALYZER_HEMATOLOGY","LAB_SPECIFICATION_REQUIRED","P1",1,"TRUE",0,"FALSE","FALSE",0,"Automated Optical / Impedance / Coagulation Analyzer","EDTA Whole Blood","RATE_PENDING","NUMERIC_RANGE_MISSING; RATE_MISSING"
"HEM-0014","PCT (Plateletcrit)","Hematology","ANALYZER_HEMATOLOGY","LAB_SPECIFICATION_REQUIRED","P1",1,"TRUE",0,"FALSE","FALSE",0,"Automated Optical / Impedance / Coagulation Analyzer","EDTA Whole Blood","RATE_PENDING","NUMERIC_RANGE_MISSING; RATE_MISSING"
"HEM-0020","Absolute Neutrophil Count","Hematology","ANALYZER_HEMATOLOGY","LAB_SPECIFICATION_REQUIRED","P1",1,"TRUE",0,"FALSE","FALSE",0,"Calculated (WBC x Neutrophil% / 100)","EDTA Whole Blood","RATE_PENDING","NUMERIC_RANGE_MISSING; RATE_MISSING"
"HEM-0021","Absolute Lymphocyte Count","Hematology","ANALYZER_HEMATOLOGY","LAB_SPECIFICATION_REQUIRED","P1",1,"TRUE",0,"FALSE","FALSE",0,"Calculated (WBC x Lymphocyte% / 100)","EDTA Whole Blood","RATE_PENDING","NUMERIC_RANGE_MISSING; RATE_MISSING"
"HEM-0022","Absolute Eosinophil Count","Hematology","ANALYZER_HEMATOLOGY","LAB_SPECIFICATION_REQUIRED","P1",1,"TRUE",0,"FALSE","FALSE",0,"Calculated (WBC x Eosinophil% / 100) / Direct Chamber","EDTA Whole Blood","RATE_PENDING","NUMERIC_RANGE_MISSING; RATE_MISSING"
"HEM-0023","Reticulocyte Count","Hematology","ANALYZER_HEMATOLOGY","LAB_SPECIFICATION_REQUIRED","P1",1,"TRUE",0,"FALSE","FALSE",0,"Automated/Brilliant cresyl blue","EDTA Whole Blood","500.00","NUMERIC_RANGE_MISSING"
"HEM-0024","Absolute Reticulocyte Count","Hematology","ANALYZER_HEMATOLOGY","LAB_SPECIFICATION_REQUIRED","P1",1,"TRUE",0,"FALSE","FALSE",0,"Automated Optical / Impedance / Coagulation Analyzer","EDTA Whole Blood","RATE_PENDING","NUMERIC_RANGE_MISSING; RATE_MISSING"
"HEM-0025","Immature Reticulocyte Fraction","Hematology","ANALYZER_HEMATOLOGY","LAB_SPECIFICATION_REQUIRED","P1",1,"TRUE",0,"FALSE","FALSE",0,"Automated Optical / Impedance / Coagulation Analyzer","EDTA Whole Blood","RATE_PENDING","NUMERIC_RANGE_MISSING; RATE_MISSING"
"HEM-0028","Malarial Parasite Smear","Hematology","MANUAL_MICROSCOPY","LAB_SPECIFICATION_REQUIRED","P1",1,"FALSE",0,"TRUE","FALSE",0,"Thick/Thin smear microscopy","EDTA Whole Blood","RATE_PENDING","QUALITATIVE_OPTIONS_MISSING; RATE_MISSING"
"HEM-0029","Sickling Test","Hematology","ANALYZER_HEMATOLOGY","LAB_SPECIFICATION_REQUIRED","P1",1,"TRUE",0,"FALSE","FALSE",0,"Sickling/solubility screen","EDTA Whole Blood","RATE_PENDING","NUMERIC_RANGE_MISSING; RATE_MISSING"
"HEM-0030","Osmotic Fragility Test","Hematology","ANALYZER_HEMATOLOGY","LAB_SPECIFICATION_REQUIRED","P1",1,"TRUE",0,"FALSE","FALSE",0,"Osmotic fragility","Heparinized/EDTA Whole Blood","RATE_PENDING","NUMERIC_RANGE_MISSING; RATE_MISSING"
"HEM-0031","G6PD Screen","Hematology","ANALYZER_HEMATOLOGY","LAB_SPECIFICATION_REQUIRED","P1",1,"TRUE",0,"FALSE","FALSE",0,"Fluorescent spot/Quantitative enzyme assay","EDTA Whole Blood","RATE_PENDING","NUMERIC_RANGE_MISSING; RATE_MISSING"
"HEM-0032","G6PD Quantitative","Hematology","ANALYZER_HEMATOLOGY","LAB_SPECIFICATION_REQUIRED","P1",1,"TRUE",0,"FALSE","FALSE",0,"Enzymatic","EDTA Whole Blood","6000.00","NUMERIC_RANGE_MISSING"
"HEM-0033","Hb Electrophoresis","Hematology","ANALYZER_HEMATOLOGY","LAB_SPECIFICATION_REQUIRED","P1",1,"TRUE",0,"FALSE","FALSE",0,"HPLC/Capillary electrophoresis","EDTA Whole Blood","RATE_PENDING","NUMERIC_RANGE_MISSING; RATE_MISSING"
"HEM-0034","HbA2","Hematology","ANALYZER_HEMATOLOGY","LAB_SPECIFICATION_REQUIRED","P1",1,"TRUE",0,"FALSE","FALSE",0,"HPLC/Capillary electrophoresis","EDTA Whole Blood","RATE_PENDING","NUMERIC_RANGE_MISSING; RATE_MISSING"
"HEM-0035","HbF","Hematology","ANALYZER_HEMATOLOGY","LAB_SPECIFICATION_REQUIRED","P1",1,"TRUE",0,"FALSE","FALSE",0,"HPLC/Capillary electrophoresis","EDTA Whole Blood","RATE_PENDING","NUMERIC_RANGE_MISSING; RATE_MISSING"
"HEM-0036","Heinz Bodies","Hematology","ANALYZER_HEMATOLOGY","LAB_SPECIFICATION_REQUIRED","P1",1,"TRUE",0,"FALSE","FALSE",0,"Supravital stain","EDTA Whole Blood","RATE_PENDING","NUMERIC_RANGE_MISSING; RATE_MISSING"
"HEM-0037","Bone Marrow Aspiration Examination","Hematology","ANALYZER_HEMATOLOGY","LAB_SPECIFICATION_REQUIRED","P1",1,"TRUE",0,"FALSE","FALSE",0,"Microscopy","Bone marrow aspirate","6000.00","NUMERIC_RANGE_MISSING"
"HEM-0038","Bone Marrow Biopsy Examination","Hematology","HISTOPATHOLOGY_NARRATIVE","WORKFLOW_REQUIRED","P1",1,"FALSE",0,"FALSE","FALSE",0,"Histopathology","Bone marrow trephine","RATE_PENDING","NARRATIVE_TEMPLATE_MISSING; RATE_MISSING"
"HEM-0039","Manual Differential Count","Hematology","ANALYZER_HEMATOLOGY","LAB_SPECIFICATION_REQUIRED","P1",1,"TRUE",0,"FALSE","FALSE",0,"Configure per analyzer/SOP","EDTA Whole Blood / Serum as applicable","400.00","NUMERIC_RANGE_MISSING"
"HEM-0040","Nucleated RBC Count","Hematology","ANALYZER_HEMATOLOGY","LAB_SPECIFICATION_REQUIRED","P1",1,"TRUE",0,"FALSE","FALSE",0,"Configure per analyzer/SOP","EDTA Whole Blood / Serum as applicable","RATE_PENDING","NUMERIC_RANGE_MISSING; RATE_MISSING"
"HEM-0041","Immature Granulocyte Count","Hematology","ANALYZER_HEMATOLOGY","LAB_SPECIFICATION_REQUIRED","P1",1,"TRUE",0,"FALSE","FALSE",0,"Configure per analyzer/SOP","EDTA Whole Blood / Serum as applicable","RATE_PENDING","NUMERIC_RANGE_MISSING; RATE_MISSING"
"HEM-0042","Immature Granulocyte %","Hematology","ANALYZER_HEMATOLOGY","LAB_SPECIFICATION_REQUIRED","P1",1,"TRUE",0,"FALSE","FALSE",0,"Configure per analyzer/SOP","EDTA Whole Blood / Serum as applicable","RATE_PENDING","NUMERIC_RANGE_MISSING; RATE_MISSING"
"HEM-0043","Large Unstained Cells","Hematology","ANALYZER_HEMATOLOGY","LAB_SPECIFICATION_REQUIRED","P1",1,"TRUE",0,"FALSE","FALSE",0,"Configure per analyzer/SOP","EDTA Whole Blood / Serum as applicable","RATE_PENDING","NUMERIC_RANGE_MISSING; RATE_MISSING"
"HEM-0044","Platelet Estimate on Smear","Hematology","ANALYZER_HEMATOLOGY","LAB_SPECIFICATION_REQUIRED","P1",1,"TRUE",0,"FALSE","FALSE",0,"Configure per analyzer/SOP","EDTA Whole Blood / Serum as applicable","RATE_PENDING","NUMERIC_RANGE_MISSING; RATE_MISSING"
"HEM-0045","RBC Morphology Review","Hematology","ANALYZER_HEMATOLOGY","LAB_SPECIFICATION_REQUIRED","P1",1,"TRUE",0,"FALSE","FALSE",0,"Configure per analyzer/SOP","EDTA Whole Blood / Serum as applicable","RATE_PENDING","NUMERIC_RANGE_MISSING; RATE_MISSING"
"HEM-0046","WBC Morphology Review","Hematology","ANALYZER_HEMATOLOGY","LAB_SPECIFICATION_REQUIRED","P1",1,"TRUE",0,"FALSE","FALSE",0,"Configure per analyzer/SOP","EDTA Whole Blood / Serum as applicable","RATE_PENDING","NUMERIC_RANGE_MISSING; RATE_MISSING"
"HEM-0047","Platelet Morphology Review","Hematology","ANALYZER_HEMATOLOGY","LAB_SPECIFICATION_REQUIRED","P1",1,"TRUE",0,"FALSE","FALSE",0,"Configure per analyzer/SOP","EDTA Whole Blood / Serum as applicable","RATE_PENDING","NUMERIC_RANGE_MISSING; RATE_MISSING"
"HEM-0048","Microfilaria Detection in Blood","Hematology","MANUAL_MICROSCOPY","LAB_SPECIFICATION_REQUIRED","P1",1,"FALSE",0,"TRUE","FALSE",0,"Configure per analyzer/SOP","EDTA Whole Blood / Serum as applicable","RATE_PENDING","QUALITATIVE_OPTIONS_MISSING; RATE_MISSING"
"HEM-0049","Blood Parasite Examination","Hematology","ANALYZER_HEMATOLOGY","LAB_SPECIFICATION_REQUIRED","P1",1,"TRUE",0,"FALSE","FALSE",0,"Configure per analyzer/SOP","EDTA Whole Blood / Serum as applicable","RATE_PENDING","NUMERIC_RANGE_MISSING; RATE_MISSING"
"HEM-0050","Hemoglobin H Inclusion Body Test","Hematology","ANALYZER_HEMATOLOGY","LAB_SPECIFICATION_REQUIRED","P1",1,"TRUE",0,"FALSE","FALSE",0,"Configure per analyzer/SOP","EDTA Whole Blood / Serum as applicable","RATE_PENDING","NUMERIC_RANGE_MISSING; RATE_MISSING"
"HEM-0051","Kleihauer-Betke Test","Hematology","ANALYZER_HEMATOLOGY","LAB_SPECIFICATION_REQUIRED","P1",1,"TRUE",0,"FALSE","FALSE",0,"Configure per analyzer/SOP","EDTA Whole Blood / Serum as applicable","RATE_PENDING","NUMERIC_RANGE_MISSING; RATE_MISSING"
"HEM-0052","Fetal Hemoglobin Screen","Hematology","ANALYZER_HEMATOLOGY","LAB_SPECIFICATION_REQUIRED","P1",1,"TRUE",0,"FALSE","FALSE",0,"Configure per analyzer/SOP","EDTA Whole Blood / Serum as applicable","RATE_PENDING","NUMERIC_RANGE_MISSING; RATE_MISSING"
"HEM-0053","Cold Agglutinin Titer","Hematology","ANALYZER_HEMATOLOGY","LAB_SPECIFICATION_REQUIRED","P1",1,"TRUE",0,"FALSE","FALSE",0,"Configure per analyzer/SOP","EDTA Whole Blood / Serum as applicable","RATE_PENDING","NUMERIC_RANGE_MISSING; RATE_MISSING"
"HEM-0054","Direct Antiglobulin Test (DAT/Direct Coombs)","Hematology","ANALYZER_HEMATOLOGY","LAB_SPECIFICATION_REQUIRED","P1",1,"TRUE",0,"FALSE","FALSE",0,"Configure per analyzer/SOP","EDTA Whole Blood / Serum as applicable","RATE_PENDING","NUMERIC_RANGE_MISSING; RATE_MISSING"
"HEM-0055","Indirect Antiglobulin Test (IAT/Indirect Coombs)","Hematology","ANALYZER_HEMATOLOGY","LAB_SPECIFICATION_REQUIRED","P1",1,"TRUE",0,"FALSE","FALSE",0,"Configure per analyzer/SOP","EDTA Whole Blood / Serum as applicable","RATE_PENDING","NUMERIC_RANGE_MISSING; RATE_MISSING"
"HEM-0056","Blood Group ABO","Hematology","ANALYZER_HEMATOLOGY","LAB_SPECIFICATION_REQUIRED","P1",1,"TRUE",0,"FALSE","FALSE",0,"Configure per analyzer/SOP","EDTA Whole Blood / Serum as applicable","RATE_PENDING","NUMERIC_RANGE_MISSING; RATE_MISSING"
"HEM-0057","Rh(D) Typing","Hematology","ANALYZER_HEMATOLOGY","LAB_SPECIFICATION_REQUIRED","P1",1,"TRUE",0,"FALSE","FALSE",0,"Configure per analyzer/SOP","EDTA Whole Blood / Serum as applicable","RATE_PENDING","NUMERIC_RANGE_MISSING; RATE_MISSING"
"HEM-0058","ABO & Rh Typing","Hematology","ANALYZER_HEMATOLOGY","LAB_SPECIFICATION_REQUIRED","P1",1,"TRUE",0,"FALSE","FALSE",0,"Configure per analyzer/SOP","EDTA Whole Blood / Serum as applicable","100.00","NUMERIC_RANGE_MISSING"
"HEM-0059","Antibody Screen","Hematology","IMMUNOASSAY","LAB_SPECIFICATION_REQUIRED","P1",1,"TRUE",0,"FALSE","FALSE",0,"Configure per analyzer/SOP","EDTA Whole Blood / Serum as applicable","RATE_PENDING","NUMERIC_RANGE_MISSING; RATE_MISSING"
"HEM-0061","Crossmatch (Major)","Hematology","ANALYZER_HEMATOLOGY","LAB_SPECIFICATION_REQUIRED","P1",1,"TRUE",0,"FALSE","FALSE",0,"Configure per analyzer/SOP","EDTA Whole Blood / Serum as applicable","RATE_PENDING","NUMERIC_RANGE_MISSING; RATE_MISSING"
"HEM-0062","Crossmatch (Minor)","Hematology","ANALYZER_HEMATOLOGY","LAB_SPECIFICATION_REQUIRED","P1",1,"TRUE",0,"FALSE","FALSE",0,"Configure per analyzer/SOP","EDTA Whole Blood / Serum as applicable","RATE_PENDING","NUMERIC_RANGE_MISSING; RATE_MISSING"
"HEM-0063","Red Cell Phenotyping","Hematology","ANALYZER_HEMATOLOGY","LAB_SPECIFICATION_REQUIRED","P1",1,"TRUE",0,"FALSE","FALSE",0,"Configure per analyzer/SOP","EDTA Whole Blood / Serum as applicable","RATE_PENDING","NUMERIC_RANGE_MISSING; RATE_MISSING"
"HEM-0064","Weak D Test","Hematology","ANALYZER_HEMATOLOGY","LAB_SPECIFICATION_REQUIRED","P1",1,"TRUE",0,"FALSE","FALSE",0,"Configure per analyzer/SOP","EDTA Whole Blood / Serum as applicable","RATE_PENDING","NUMERIC_RANGE_MISSING; RATE_MISSING"
"HEM-0065","Rh Antibody Titer","Hematology","IMMUNOASSAY","LAB_SPECIFICATION_REQUIRED","P1",1,"TRUE",0,"FALSE","FALSE",0,"Configure per analyzer/SOP","EDTA Whole Blood / Serum as applicable","RATE_PENDING","NUMERIC_RANGE_MISSING; RATE_MISSING"
"HEM-0066","Isohemagglutinin Titer","Hematology","ANALYZER_HEMATOLOGY","LAB_SPECIFICATION_REQUIRED","P1",1,"TRUE",0,"FALSE","FALSE",0,"Configure per analyzer/SOP","EDTA Whole Blood / Serum as applicable","RATE_PENDING","NUMERIC_RANGE_MISSING; RATE_MISSING"
"HEM-0067","Donor Hemoglobin","Hematology","ANALYZER_HEMATOLOGY","LAB_SPECIFICATION_REQUIRED","P1",1,"TRUE",0,"FALSE","FALSE",0,"Configure per analyzer/SOP","EDTA Whole Blood / Serum as applicable","RATE_PENDING","NUMERIC_RANGE_MISSING; RATE_MISSING"
"HEM-0068","Donor CBC","Hematology","ANALYZER_HEMATOLOGY","LAB_SPECIFICATION_REQUIRED","P1",1,"TRUE",0,"FALSE","FALSE",0,"Configure per analyzer/SOP","EDTA Whole Blood / Serum as applicable","RATE_PENDING","NUMERIC_RANGE_MISSING; RATE_MISSING"
"HEM-0069","Platelet Count Post Transfusion","Hematology","ANALYZER_HEMATOLOGY","LAB_SPECIFICATION_REQUIRED","P1",1,"TRUE",0,"FALSE","FALSE",0,"Configure per analyzer/SOP","EDTA Whole Blood / Serum as applicable","RATE_PENDING","NUMERIC_RANGE_MISSING; RATE_MISSING"
"HEM-0078","CD4 Count","Hematology","ANALYZER_HEMATOLOGY","LAB_SPECIFICATION_REQUIRED","P1",1,"TRUE",0,"FALSE","FALSE",0,"Multiparameter flow cytometry","EDTA/Heparin Blood or Bone Marrow","RATE_PENDING","NUMERIC_RANGE_MISSING; RATE_MISSING"
"HEM-0079","CD8 Count","Hematology","ANALYZER_HEMATOLOGY","LAB_SPECIFICATION_REQUIRED","P1",1,"TRUE",0,"FALSE","FALSE",0,"Multiparameter flow cytometry","EDTA/Heparin Blood or Bone Marrow","RATE_PENDING","NUMERIC_RANGE_MISSING; RATE_MISSING"
"HEM-0080","CD4/CD8 Ratio","Hematology","ANALYZER_HEMATOLOGY","LAB_SPECIFICATION_REQUIRED","P1",1,"TRUE",0,"FALSE","FALSE",0,"Multiparameter flow cytometry","EDTA/Heparin Blood or Bone Marrow","RATE_PENDING","NUMERIC_RANGE_MISSING; RATE_MISSING"
"HEM-0081","CD3 Count","Hematology","ANALYZER_HEMATOLOGY","LAB_SPECIFICATION_REQUIRED","P1",1,"TRUE",0,"FALSE","FALSE",0,"Multiparameter flow cytometry","EDTA/Heparin Blood or Bone Marrow","RATE_PENDING","NUMERIC_RANGE_MISSING; RATE_MISSING"
"HEM-0082","CD19 Count","Hematology","ANALYZER_HEMATOLOGY","LAB_SPECIFICATION_REQUIRED","P1",1,"TRUE",0,"FALSE","FALSE",0,"Multiparameter flow cytometry","EDTA/Heparin Blood or Bone Marrow","RATE_PENDING","NUMERIC_RANGE_MISSING; RATE_MISSING"
"HEM-0083","CD20 Count","Hematology","ANALYZER_HEMATOLOGY","LAB_SPECIFICATION_REQUIRED","P1",1,"TRUE",0,"FALSE","FALSE",0,"Multiparameter flow cytometry","EDTA/Heparin Blood or Bone Marrow","RATE_PENDING","NUMERIC_RANGE_MISSING; RATE_MISSING"
"HEM-0084","CD16/56 NK Cell Count","Hematology","ANALYZER_HEMATOLOGY","LAB_SPECIFICATION_REQUIRED","P1",1,"TRUE",0,"FALSE","FALSE",0,"Multiparameter flow cytometry","EDTA/Heparin Blood or Bone Marrow","RATE_PENDING","NUMERIC_RANGE_MISSING; RATE_MISSING"
"HEM-0085","CD34 Stem Cell Count","Hematology","ANALYZER_HEMATOLOGY","LAB_SPECIFICATION_REQUIRED","P1",1,"TRUE",0,"FALSE","FALSE",0,"Multiparameter flow cytometry","EDTA/Heparin Blood or Bone Marrow","RATE_PENDING","NUMERIC_RANGE_MISSING; RATE_MISSING"
"HEM-0086","Reticulocyte Flow Cytometry","Hematology","ANALYZER_HEMATOLOGY","LAB_SPECIFICATION_REQUIRED","P1",1,"TRUE",0,"FALSE","FALSE",0,"Multiparameter flow cytometry","EDTA/Heparin Blood or Bone Marrow","RATE_PENDING","NUMERIC_RANGE_MISSING; RATE_MISSING"
"HEM-0087","Platelet Glycoprotein Analysis","Hematology","ANALYZER_HEMATOLOGY","LAB_SPECIFICATION_REQUIRED","P1",1,"TRUE",0,"FALSE","FALSE",0,"Multiparameter flow cytometry","EDTA/Heparin Blood or Bone Marrow","RATE_PENDING","NUMERIC_RANGE_MISSING; RATE_MISSING"
"HEM-0088","HLA-B27 by Flow Cytometry","Hematology","ANALYZER_HEMATOLOGY","LAB_SPECIFICATION_REQUIRED","P1",1,"TRUE",0,"FALSE","FALSE",0,"Multiparameter flow cytometry","EDTA/Heparin Blood or Bone Marrow","RATE_PENDING","NUMERIC_RANGE_MISSING; RATE_MISSING"
"HEM-0089","Minimal Residual Disease - B-ALL","Hematology","ANALYZER_HEMATOLOGY","LAB_SPECIFICATION_REQUIRED","P1",1,"TRUE",0,"FALSE","FALSE",0,"Multiparameter flow cytometry","EDTA/Heparin Blood or Bone Marrow","RATE_PENDING","NUMERIC_RANGE_MISSING; RATE_MISSING"
"HEM-0090","Minimal Residual Disease - T-ALL","Hematology","ANALYZER_HEMATOLOGY","LAB_SPECIFICATION_REQUIRED","P1",1,"TRUE",0,"FALSE","FALSE",0,"Multiparameter flow cytometry","EDTA/Heparin Blood or Bone Marrow","RATE_PENDING","NUMERIC_RANGE_MISSING; RATE_MISSING"
"HEM-0091","Minimal Residual Disease - AML","Hematology","ANALYZER_HEMATOLOGY","LAB_SPECIFICATION_REQUIRED","P1",1,"TRUE",0,"FALSE","FALSE",0,"Multiparameter flow cytometry","EDTA/Heparin Blood or Bone Marrow","RATE_PENDING","NUMERIC_RANGE_MISSING; RATE_MISSING"
"HEM-0092","Minimal Residual Disease - Multiple Myeloma","Hematology","ANALYZER_HEMATOLOGY","LAB_SPECIFICATION_REQUIRED","P1",1,"TRUE",0,"FALSE","FALSE",0,"Multiparameter flow cytometry","EDTA/Heparin Blood or Bone Marrow","RATE_PENDING","NUMERIC_RANGE_MISSING; RATE_MISSING"
"HEM-0093","Fetal RBC Detection by Flow Cytometry","Hematology","ANALYZER_HEMATOLOGY","LAB_SPECIFICATION_REQUIRED","P1",1,"TRUE",0,"FALSE","FALSE",0,"Multiparameter flow cytometry","EDTA/Heparin Blood or Bone Marrow","RATE_PENDING","NUMERIC_RANGE_MISSING; RATE_MISSING"
"HIS-0001","Small Biopsy Histopathology","Histopathology","HISTOPATHOLOGY_NARRATIVE","WORKFLOW_REQUIRED","P1",1,"FALSE",0,"FALSE","FALSE",0,"Grossing + H&E histopathology","Tissue","2500.00","NARRATIVE_TEMPLATE_MISSING"
"HIS-0002","Medium Biopsy Histopathology","Histopathology","HISTOPATHOLOGY_NARRATIVE","WORKFLOW_REQUIRED","P1",1,"FALSE",0,"FALSE","FALSE",0,"Grossing + H&E histopathology","Tissue","3500.00","NARRATIVE_TEMPLATE_MISSING"
"HIS-0003","Large Specimen Histopathology","Histopathology","HISTOPATHOLOGY_NARRATIVE","WORKFLOW_REQUIRED","P1",1,"FALSE",0,"FALSE","FALSE",0,"Grossing + H&E histopathology","Tissue","5000.00","NARRATIVE_TEMPLATE_MISSING"
"HIS-0004","GI Endoscopic Biopsy","Histopathology","HISTOPATHOLOGY_NARRATIVE","WORKFLOW_REQUIRED","P1",1,"FALSE",0,"FALSE","FALSE",0,"Grossing + H&E histopathology","Tissue","RATE_PENDING","NARRATIVE_TEMPLATE_MISSING; RATE_MISSING"
"HIS-0005","Skin Biopsy","Histopathology","HISTOPATHOLOGY_NARRATIVE","WORKFLOW_REQUIRED","P1",1,"FALSE",0,"FALSE","FALSE",0,"Grossing + H&E histopathology","Tissue","RATE_PENDING","NARRATIVE_TEMPLATE_MISSING; RATE_MISSING"
"HIS-0006","Lymph Node Biopsy","Histopathology","HISTOPATHOLOGY_NARRATIVE","WORKFLOW_REQUIRED","P1",1,"FALSE",0,"FALSE","FALSE",0,"Grossing + H&E histopathology","Tissue","RATE_PENDING","NARRATIVE_TEMPLATE_MISSING; RATE_MISSING"
"HIS-0007","Breast Core Biopsy","Histopathology","HISTOPATHOLOGY_NARRATIVE","WORKFLOW_REQUIRED","P1",1,"FALSE",0,"FALSE","FALSE",0,"Grossing + H&E histopathology","Tissue","RATE_PENDING","NARRATIVE_TEMPLATE_MISSING; RATE_MISSING"
"HIS-0008","Prostate Core Biopsy","Histopathology","HISTOPATHOLOGY_NARRATIVE","WORKFLOW_REQUIRED","P1",1,"FALSE",0,"FALSE","FALSE",0,"Grossing + H&E histopathology","Tissue","RATE_PENDING","NARRATIVE_TEMPLATE_MISSING; RATE_MISSING"
"HIS-0009","Cervical Biopsy","Histopathology","HISTOPATHOLOGY_NARRATIVE","WORKFLOW_REQUIRED","P1",1,"FALSE",0,"FALSE","FALSE",0,"Grossing + H&E histopathology","Tissue","RATE_PENDING","NARRATIVE_TEMPLATE_MISSING; RATE_MISSING"
"HIS-0010","Endometrial Biopsy","Histopathology","HISTOPATHOLOGY_NARRATIVE","WORKFLOW_REQUIRED","P1",1,"FALSE",0,"FALSE","FALSE",0,"Grossing + H&E histopathology","Tissue","RATE_PENDING","NARRATIVE_TEMPLATE_MISSING; RATE_MISSING"
"HIS-0011","Bone Biopsy","Histopathology","HISTOPATHOLOGY_NARRATIVE","WORKFLOW_REQUIRED","P1",1,"FALSE",0,"FALSE","FALSE",0,"Grossing + H&E histopathology","Tissue","RATE_PENDING","NARRATIVE_TEMPLATE_MISSING; RATE_MISSING"
"HIS-0012","Liver Biopsy","Histopathology","HISTOPATHOLOGY_NARRATIVE","WORKFLOW_REQUIRED","P1",1,"FALSE",0,"FALSE","FALSE",0,"Grossing + H&E histopathology","Tissue","RATE_PENDING","NARRATIVE_TEMPLATE_MISSING; RATE_MISSING"
"HIS-0013","Kidney Biopsy","Histopathology","HISTOPATHOLOGY_NARRATIVE","WORKFLOW_REQUIRED","P1",1,"FALSE",0,"FALSE","FALSE",0,"Grossing + H&E histopathology","Tissue","RATE_PENDING","NARRATIVE_TEMPLATE_MISSING; RATE_MISSING"
"HIS-0014","Lung Biopsy","Histopathology","HISTOPATHOLOGY_NARRATIVE","WORKFLOW_REQUIRED","P1",1,"FALSE",0,"FALSE","FALSE",0,"Grossing + H&E histopathology","Tissue","RATE_PENDING","NARRATIVE_TEMPLATE_MISSING; RATE_MISSING"
"HIS-0015","Brain/CNS Biopsy","Histopathology","HISTOPATHOLOGY_NARRATIVE","WORKFLOW_REQUIRED","P1",1,"FALSE",0,"FALSE","FALSE",0,"Grossing + H&E histopathology","Tissue","RATE_PENDING","NARRATIVE_TEMPLATE_MISSING; RATE_MISSING"
"HIS-0016","Oral Cavity Biopsy","Histopathology","HISTOPATHOLOGY_NARRATIVE","WORKFLOW_REQUIRED","P1",1,"FALSE",0,"FALSE","FALSE",0,"Grossing + H&E histopathology","Tissue","RATE_PENDING","NARRATIVE_TEMPLATE_MISSING; RATE_MISSING"
"HIS-0017","Bladder Biopsy","Histopathology","HISTOPATHOLOGY_NARRATIVE","WORKFLOW_REQUIRED","P1",1,"FALSE",0,"FALSE","FALSE",0,"Grossing + H&E histopathology","Tissue","RATE_PENDING","NARRATIVE_TEMPLATE_MISSING; RATE_MISSING"
"HIS-0018","Thyroid Biopsy Histology","Histopathology","HISTOPATHOLOGY_NARRATIVE","WORKFLOW_REQUIRED","P1",1,"FALSE",0,"FALSE","FALSE",0,"Grossing + H&E histopathology","Tissue","RATE_PENDING","NARRATIVE_TEMPLATE_MISSING; RATE_MISSING"
"HIS-0019","Appendix Histopathology","Histopathology","HISTOPATHOLOGY_NARRATIVE","WORKFLOW_REQUIRED","P1",1,"FALSE",0,"FALSE","FALSE",0,"Grossing + H&E histopathology","Tissue","RATE_PENDING","NARRATIVE_TEMPLATE_MISSING; RATE_MISSING"
"HIS-0020","Gallbladder Histopathology","Histopathology","HISTOPATHOLOGY_NARRATIVE","WORKFLOW_REQUIRED","P1",1,"FALSE",0,"FALSE","FALSE",0,"Grossing + H&E histopathology","Tissue","RATE_PENDING","NARRATIVE_TEMPLATE_MISSING; RATE_MISSING"
"HIS-0021","Uterus Histopathology","Histopathology","HISTOPATHOLOGY_NARRATIVE","WORKFLOW_REQUIRED","P1",1,"FALSE",0,"FALSE","FALSE",0,"Grossing + H&E histopathology","Tissue","RATE_PENDING","NARRATIVE_TEMPLATE_MISSING; RATE_MISSING"
"HIS-0022","Ovary Histopathology","Histopathology","HISTOPATHOLOGY_NARRATIVE","WORKFLOW_REQUIRED","P1",1,"FALSE",0,"FALSE","FALSE",0,"Grossing + H&E histopathology","Tissue","RATE_PENDING","NARRATIVE_TEMPLATE_MISSING; RATE_MISSING"
"HIS-0023","Placenta Histopathology","Histopathology","HISTOPATHOLOGY_NARRATIVE","WORKFLOW_REQUIRED","P1",1,"FALSE",0,"FALSE","FALSE",0,"Grossing + H&E histopathology","Tissue","RATE_PENDING","NARRATIVE_TEMPLATE_MISSING; RATE_MISSING"
"HIS-0024","Resection Specimen - Colon","Histopathology","HISTOPATHOLOGY_NARRATIVE","WORKFLOW_REQUIRED","P1",1,"FALSE",0,"FALSE","FALSE",0,"Grossing + H&E histopathology","Tissue","RATE_PENDING","NARRATIVE_TEMPLATE_MISSING; RATE_MISSING"
"HIS-0025","Resection Specimen - Stomach","Histopathology","HISTOPATHOLOGY_NARRATIVE","WORKFLOW_REQUIRED","P1",1,"FALSE",0,"FALSE","FALSE",0,"Grossing + H&E histopathology","Tissue","RATE_PENDING","NARRATIVE_TEMPLATE_MISSING; RATE_MISSING"
"HIS-0026","Resection Specimen - Breast","Histopathology","HISTOPATHOLOGY_NARRATIVE","WORKFLOW_REQUIRED","P1",1,"FALSE",0,"FALSE","FALSE",0,"Grossing + H&E histopathology","Tissue","RATE_PENDING","NARRATIVE_TEMPLATE_MISSING; RATE_MISSING"
"HIS-0027","Resection Specimen - Lung","Histopathology","HISTOPATHOLOGY_NARRATIVE","WORKFLOW_REQUIRED","P1",1,"FALSE",0,"FALSE","FALSE",0,"Grossing + H&E histopathology","Tissue","RATE_PENDING","NARRATIVE_TEMPLATE_MISSING; RATE_MISSING"
"HIS-0028","Resection Specimen - Kidney","Histopathology","HISTOPATHOLOGY_NARRATIVE","WORKFLOW_REQUIRED","P1",1,"FALSE",0,"FALSE","FALSE",0,"Grossing + H&E histopathology","Tissue","RATE_PENDING","NARRATIVE_TEMPLATE_MISSING; RATE_MISSING"
"HIS-0029","Resection Specimen - Prostate","Histopathology","HISTOPATHOLOGY_NARRATIVE","WORKFLOW_REQUIRED","P1",1,"FALSE",0,"FALSE","FALSE",0,"Grossing + H&E histopathology","Tissue","RATE_PENDING","NARRATIVE_TEMPLATE_MISSING; RATE_MISSING"
"HIS-0030","Resection Specimen - Bladder","Histopathology","HISTOPATHOLOGY_NARRATIVE","WORKFLOW_REQUIRED","P1",1,"FALSE",0,"FALSE","FALSE",0,"Grossing + H&E histopathology","Tissue","RATE_PENDING","NARRATIVE_TEMPLATE_MISSING; RATE_MISSING"
"HIS-0031","Resection Specimen - Head & Neck","Histopathology","HISTOPATHOLOGY_NARRATIVE","WORKFLOW_REQUIRED","P1",1,"FALSE",0,"FALSE","FALSE",0,"Grossing + H&E histopathology","Tissue","RATE_PENDING","NARRATIVE_TEMPLATE_MISSING; RATE_MISSING"
"HIS-0032","Resection Specimen - Soft Tissue","Histopathology","HISTOPATHOLOGY_NARRATIVE","WORKFLOW_REQUIRED","P1",1,"FALSE",0,"FALSE","FALSE",0,"Grossing + H&E histopathology","Tissue","RATE_PENDING","NARRATIVE_TEMPLATE_MISSING; RATE_MISSING"
"HIS-0033","IHC - ER","Histopathology","HISTOPATHOLOGY_NARRATIVE","WORKFLOW_REQUIRED","P1",1,"FALSE",0,"FALSE","FALSE",0,"Immunohistochemistry","FFPE tissue block","RATE_PENDING","NARRATIVE_TEMPLATE_MISSING; RATE_MISSING"
"HIS-0034","IHC - PR","Histopathology","HISTOPATHOLOGY_NARRATIVE","WORKFLOW_REQUIRED","P1",1,"FALSE",0,"FALSE","FALSE",0,"Immunohistochemistry","FFPE tissue block","RATE_PENDING","NARRATIVE_TEMPLATE_MISSING; RATE_MISSING"
"HIS-0035","IHC - HER2 IHC","Histopathology","HISTOPATHOLOGY_NARRATIVE","WORKFLOW_REQUIRED","P1",1,"FALSE",0,"FALSE","FALSE",0,"Immunohistochemistry","FFPE tissue block","RATE_PENDING","NARRATIVE_TEMPLATE_MISSING; RATE_MISSING"
"HIS-0036","IHC - Ki-67","Histopathology","HISTOPATHOLOGY_NARRATIVE","WORKFLOW_REQUIRED","P1",1,"FALSE",0,"FALSE","FALSE",0,"Immunohistochemistry","FFPE tissue block","RATE_PENDING","NARRATIVE_TEMPLATE_MISSING; RATE_MISSING"
"HIS-0037","IHC - p53","Histopathology","HISTOPATHOLOGY_NARRATIVE","WORKFLOW_REQUIRED","P1",1,"FALSE",0,"FALSE","FALSE",0,"Immunohistochemistry","FFPE tissue block","RATE_PENDING","NARRATIVE_TEMPLATE_MISSING; RATE_MISSING"
"HIS-0038","IHC - CK7","Histopathology","HISTOPATHOLOGY_NARRATIVE","WORKFLOW_REQUIRED","P1",1,"FALSE",0,"FALSE","FALSE",0,"Immunohistochemistry","FFPE tissue block","RATE_PENDING","NARRATIVE_TEMPLATE_MISSING; RATE_MISSING"
"HIS-0039","IHC - CK20","Histopathology","HISTOPATHOLOGY_NARRATIVE","WORKFLOW_REQUIRED","P1",1,"FALSE",0,"FALSE","FALSE",0,"Immunohistochemistry","FFPE tissue block","RATE_PENDING","NARRATIVE_TEMPLATE_MISSING; RATE_MISSING"
"HIS-0040","IHC - Pan-Cytokeratin AE1/AE3","Histopathology","HISTOPATHOLOGY_NARRATIVE","WORKFLOW_REQUIRED","P1",1,"FALSE",0,"FALSE","FALSE",0,"Immunohistochemistry","FFPE tissue block","RATE_PENDING","NARRATIVE_TEMPLATE_MISSING; RATE_MISSING"
"HIS-0041","IHC - EMA","Histopathology","HISTOPATHOLOGY_NARRATIVE","WORKFLOW_REQUIRED","P1",1,"FALSE",0,"FALSE","FALSE",0,"Immunohistochemistry","FFPE tissue block","RATE_PENDING","NARRATIVE_TEMPLATE_MISSING; RATE_MISSING"
"HIS-0042","IHC - Vimentin","Histopathology","HISTOPATHOLOGY_NARRATIVE","WORKFLOW_REQUIRED","P1",1,"FALSE",0,"FALSE","FALSE",0,"Immunohistochemistry","FFPE tissue block","RATE_PENDING","NARRATIVE_TEMPLATE_MISSING; RATE_MISSING"
"HIS-0043","IHC - S100","Histopathology","HISTOPATHOLOGY_NARRATIVE","WORKFLOW_REQUIRED","P1",1,"FALSE",0,"FALSE","FALSE",0,"Immunohistochemistry","FFPE tissue block","RATE_PENDING","NARRATIVE_TEMPLATE_MISSING; RATE_MISSING"
"HIS-0044","IHC - SOX10","Histopathology","HISTOPATHOLOGY_NARRATIVE","WORKFLOW_REQUIRED","P1",1,"FALSE",0,"FALSE","FALSE",0,"Immunohistochemistry","FFPE tissue block","RATE_PENDING","NARRATIVE_TEMPLATE_MISSING; RATE_MISSING"
"HIS-0045","IHC - TTF-1","Histopathology","HISTOPATHOLOGY_NARRATIVE","WORKFLOW_REQUIRED","P1",1,"FALSE",0,"FALSE","FALSE",0,"Immunohistochemistry","FFPE tissue block","RATE_PENDING","NARRATIVE_TEMPLATE_MISSING; RATE_MISSING"
"HIS-0046","IHC - Napsin A","Histopathology","HISTOPATHOLOGY_NARRATIVE","WORKFLOW_REQUIRED","P1",1,"FALSE",0,"FALSE","FALSE",0,"Immunohistochemistry","FFPE tissue block","RATE_PENDING","NARRATIVE_TEMPLATE_MISSING; RATE_MISSING"
"HIS-0047","IHC - PAX8","Histopathology","HISTOPATHOLOGY_NARRATIVE","WORKFLOW_REQUIRED","P1",1,"FALSE",0,"FALSE","FALSE",0,"Immunohistochemistry","FFPE tissue block","RATE_PENDING","NARRATIVE_TEMPLATE_MISSING; RATE_MISSING"
"HIS-0048","IHC - GATA3","Histopathology","HISTOPATHOLOGY_NARRATIVE","WORKFLOW_REQUIRED","P1",1,"FALSE",0,"FALSE","FALSE",0,"Immunohistochemistry","FFPE tissue block","RATE_PENDING","NARRATIVE_TEMPLATE_MISSING; RATE_MISSING"
"HIS-0049","IHC - CDX2","Histopathology","HISTOPATHOLOGY_NARRATIVE","WORKFLOW_REQUIRED","P1",1,"FALSE",0,"FALSE","FALSE",0,"Immunohistochemistry","FFPE tissue block","RATE_PENDING","NARRATIVE_TEMPLATE_MISSING; RATE_MISSING"
"HIS-0050","IHC - SATB2","Histopathology","HISTOPATHOLOGY_NARRATIVE","WORKFLOW_REQUIRED","P1",1,"FALSE",0,"FALSE","FALSE",0,"Immunohistochemistry","FFPE tissue block","RATE_PENDING","NARRATIVE_TEMPLATE_MISSING; RATE_MISSING"
"HIS-0051","IHC - PSA","Histopathology","HISTOPATHOLOGY_NARRATIVE","WORKFLOW_REQUIRED","P1",1,"FALSE",0,"FALSE","FALSE",0,"Immunohistochemistry","FFPE tissue block","RATE_PENDING","NARRATIVE_TEMPLATE_MISSING; RATE_MISSING"
"HIS-0052","IHC - PSAP","Histopathology","HISTOPATHOLOGY_NARRATIVE","WORKFLOW_REQUIRED","P1",1,"FALSE",0,"FALSE","FALSE",0,"Immunohistochemistry","FFPE tissue block","RATE_PENDING","NARRATIVE_TEMPLATE_MISSING; RATE_MISSING"
"HIS-0053","IHC - NKX3.1","Histopathology","HISTOPATHOLOGY_NARRATIVE","WORKFLOW_REQUIRED","P1",1,"FALSE",0,"FALSE","FALSE",0,"Immunohistochemistry","FFPE tissue block","RATE_PENDING","NARRATIVE_TEMPLATE_MISSING; RATE_MISSING"
"HIS-0054","IHC - Thyroglobulin","Histopathology","HISTOPATHOLOGY_NARRATIVE","WORKFLOW_REQUIRED","P1",1,"FALSE",0,"FALSE","FALSE",0,"Immunohistochemistry","FFPE tissue block","RATE_PENDING","NARRATIVE_TEMPLATE_MISSING; RATE_MISSING"
"HIS-0055","IHC - Calcitonin","Histopathology","HISTOPATHOLOGY_NARRATIVE","WORKFLOW_REQUIRED","P1",1,"FALSE",0,"FALSE","FALSE",0,"Immunohistochemistry","FFPE tissue block","RATE_PENDING","NARRATIVE_TEMPLATE_MISSING; RATE_MISSING"
"HIS-0056","IHC - Synaptophysin","Histopathology","HISTOPATHOLOGY_NARRATIVE","WORKFLOW_REQUIRED","P1",1,"FALSE",0,"FALSE","FALSE",0,"Immunohistochemistry","FFPE tissue block","RATE_PENDING","NARRATIVE_TEMPLATE_MISSING; RATE_MISSING"
"HIS-0057","IHC - Chromogranin","Histopathology","HISTOPATHOLOGY_NARRATIVE","WORKFLOW_REQUIRED","P1",1,"FALSE",0,"FALSE","FALSE",0,"Immunohistochemistry","FFPE tissue block","RATE_PENDING","NARRATIVE_TEMPLATE_MISSING; RATE_MISSING"
"HIS-0058","IHC - INSM1","Histopathology","HISTOPATHOLOGY_NARRATIVE","WORKFLOW_REQUIRED","P1",1,"FALSE",0,"FALSE","FALSE",0,"Immunohistochemistry","FFPE tissue block","RATE_PENDING","NARRATIVE_TEMPLATE_MISSING; RATE_MISSING"
"HIS-0059","IHC - CD56","Histopathology","HISTOPATHOLOGY_NARRATIVE","WORKFLOW_REQUIRED","P1",1,"FALSE",0,"FALSE","FALSE",0,"Immunohistochemistry","FFPE tissue block","RATE_PENDING","NARRATIVE_TEMPLATE_MISSING; RATE_MISSING"
"HIS-0060","IHC - CD3","Histopathology","HISTOPATHOLOGY_NARRATIVE","WORKFLOW_REQUIRED","P1",1,"FALSE",0,"FALSE","FALSE",0,"Immunohistochemistry","FFPE tissue block","RATE_PENDING","NARRATIVE_TEMPLATE_MISSING; RATE_MISSING"
"HIS-0061","IHC - CD20","Histopathology","HISTOPATHOLOGY_NARRATIVE","WORKFLOW_REQUIRED","P1",1,"FALSE",0,"FALSE","FALSE",0,"Immunohistochemistry","FFPE tissue block","RATE_PENDING","NARRATIVE_TEMPLATE_MISSING; RATE_MISSING"
"HIS-0062","IHC - PAX5","Histopathology","HISTOPATHOLOGY_NARRATIVE","WORKFLOW_REQUIRED","P1",1,"FALSE",0,"FALSE","FALSE",0,"Immunohistochemistry","FFPE tissue block","RATE_PENDING","NARRATIVE_TEMPLATE_MISSING; RATE_MISSING"
"HIS-0063","IHC - CD30","Histopathology","HISTOPATHOLOGY_NARRATIVE","WORKFLOW_REQUIRED","P1",1,"FALSE",0,"FALSE","FALSE",0,"Immunohistochemistry","FFPE tissue block","RATE_PENDING","NARRATIVE_TEMPLATE_MISSING; RATE_MISSING"
"HIS-0064","IHC - CD15","Histopathology","HISTOPATHOLOGY_NARRATIVE","WORKFLOW_REQUIRED","P1",1,"FALSE",0,"FALSE","FALSE",0,"Immunohistochemistry","FFPE tissue block","RATE_PENDING","NARRATIVE_TEMPLATE_MISSING; RATE_MISSING"
"HIS-0065","IHC - ALK","Histopathology","HISTOPATHOLOGY_NARRATIVE","WORKFLOW_REQUIRED","P1",1,"FALSE",0,"FALSE","FALSE",0,"Immunohistochemistry","FFPE tissue block","RATE_PENDING","NARRATIVE_TEMPLATE_MISSING; RATE_MISSING"
"HIS-0066","IHC - BCL2","Histopathology","HISTOPATHOLOGY_NARRATIVE","WORKFLOW_REQUIRED","P1",1,"FALSE",0,"FALSE","FALSE",0,"Immunohistochemistry","FFPE tissue block","RATE_PENDING","NARRATIVE_TEMPLATE_MISSING; RATE_MISSING"
"HIS-0067","IHC - BCL6","Histopathology","HISTOPATHOLOGY_NARRATIVE","WORKFLOW_REQUIRED","P1",1,"FALSE",0,"FALSE","FALSE",0,"Immunohistochemistry","FFPE tissue block","RATE_PENDING","NARRATIVE_TEMPLATE_MISSING; RATE_MISSING"
"HIS-0068","IHC - MUM1","Histopathology","HISTOPATHOLOGY_NARRATIVE","WORKFLOW_REQUIRED","P1",1,"FALSE",0,"FALSE","FALSE",0,"Immunohistochemistry","FFPE tissue block","RATE_PENDING","NARRATIVE_TEMPLATE_MISSING; RATE_MISSING"
"HIS-0069","IHC - c-MYC","Histopathology","HISTOPATHOLOGY_NARRATIVE","WORKFLOW_REQUIRED","P1",1,"FALSE",0,"FALSE","FALSE",0,"Immunohistochemistry","FFPE tissue block","RATE_PENDING","NARRATIVE_TEMPLATE_MISSING; RATE_MISSING"
"HIS-0070","IHC - Cyclin D1","Histopathology","HISTOPATHOLOGY_NARRATIVE","WORKFLOW_REQUIRED","P1",1,"FALSE",0,"FALSE","FALSE",0,"Immunohistochemistry","FFPE tissue block","RATE_PENDING","NARRATIVE_TEMPLATE_MISSING; RATE_MISSING"
"HIS-0071","IHC - CD5","Histopathology","HISTOPATHOLOGY_NARRATIVE","WORKFLOW_REQUIRED","P1",1,"FALSE",0,"FALSE","FALSE",0,"Immunohistochemistry","FFPE tissue block","RATE_PENDING","NARRATIVE_TEMPLATE_MISSING; RATE_MISSING"
"HIS-0072","IHC - CD10","Histopathology","HISTOPATHOLOGY_NARRATIVE","WORKFLOW_REQUIRED","P1",1,"FALSE",0,"FALSE","FALSE",0,"Immunohistochemistry","FFPE tissue block","RATE_PENDING","NARRATIVE_TEMPLATE_MISSING; RATE_MISSING"
"HIS-0073","IHC - CD23","Histopathology","HISTOPATHOLOGY_NARRATIVE","WORKFLOW_REQUIRED","P1",1,"FALSE",0,"FALSE","FALSE",0,"Immunohistochemistry","FFPE tissue block","RATE_PENDING","NARRATIVE_TEMPLATE_MISSING; RATE_MISSING"
"HIS-0074","IHC - TdT","Histopathology","HISTOPATHOLOGY_NARRATIVE","WORKFLOW_REQUIRED","P1",1,"FALSE",0,"FALSE","FALSE",0,"Immunohistochemistry","FFPE tissue block","RATE_PENDING","NARRATIVE_TEMPLATE_MISSING; RATE_MISSING"
"HIS-0075","IHC - MPO","Histopathology","HISTOPATHOLOGY_NARRATIVE","WORKFLOW_REQUIRED","P1",1,"FALSE",0,"FALSE","FALSE",0,"Immunohistochemistry","FFPE tissue block","RATE_PENDING","NARRATIVE_TEMPLATE_MISSING; RATE_MISSING"
"HIS-0076","IHC - CD34","Histopathology","HISTOPATHOLOGY_NARRATIVE","WORKFLOW_REQUIRED","P1",1,"FALSE",0,"FALSE","FALSE",0,"Immunohistochemistry","FFPE tissue block","RATE_PENDING","NARRATIVE_TEMPLATE_MISSING; RATE_MISSING"
"HIS-0077","IHC - CD117","Histopathology","HISTOPATHOLOGY_NARRATIVE","WORKFLOW_REQUIRED","P1",1,"FALSE",0,"FALSE","FALSE",0,"Immunohistochemistry","FFPE tissue block","RATE_PENDING","NARRATIVE_TEMPLATE_MISSING; RATE_MISSING"
"HIS-0078","IHC - DOG1","Histopathology","HISTOPATHOLOGY_NARRATIVE","WORKFLOW_REQUIRED","P1",1,"FALSE",0,"FALSE","FALSE",0,"Immunohistochemistry","FFPE tissue block","RATE_PENDING","NARRATIVE_TEMPLATE_MISSING; RATE_MISSING"
"HIS-0079","IHC - CD117 (GIST)","Histopathology","HISTOPATHOLOGY_NARRATIVE","WORKFLOW_REQUIRED","P1",1,"FALSE",0,"FALSE","FALSE",0,"Immunohistochemistry","FFPE tissue block","RATE_PENDING","NARRATIVE_TEMPLATE_MISSING; RATE_MISSING"
"HIS-0080","IHC - Desmin","Histopathology","HISTOPATHOLOGY_NARRATIVE","WORKFLOW_REQUIRED","P1",1,"FALSE",0,"FALSE","FALSE",0,"Immunohistochemistry","FFPE tissue block","RATE_PENDING","NARRATIVE_TEMPLATE_MISSING; RATE_MISSING"
"HIS-0081","IHC - SMA","Histopathology","HISTOPATHOLOGY_NARRATIVE","WORKFLOW_REQUIRED","P1",1,"FALSE",0,"FALSE","FALSE",0,"Immunohistochemistry","FFPE tissue block","RATE_PENDING","NARRATIVE_TEMPLATE_MISSING; RATE_MISSING"
"HIS-0082","IHC - Myogenin","Histopathology","HISTOPATHOLOGY_NARRATIVE","WORKFLOW_REQUIRED","P1",1,"FALSE",0,"FALSE","FALSE",0,"Immunohistochemistry","FFPE tissue block","RATE_PENDING","NARRATIVE_TEMPLATE_MISSING; RATE_MISSING"
"HIS-0083","IHC - MyoD1","Histopathology","HISTOPATHOLOGY_NARRATIVE","WORKFLOW_REQUIRED","P1",1,"FALSE",0,"FALSE","FALSE",0,"Immunohistochemistry","FFPE tissue block","RATE_PENDING","NARRATIVE_TEMPLATE_MISSING; RATE_MISSING"
"HIS-0084","IHC - WT1","Histopathology","HISTOPATHOLOGY_NARRATIVE","WORKFLOW_REQUIRED","P1",1,"FALSE",0,"FALSE","FALSE",0,"Immunohistochemistry","FFPE tissue block","RATE_PENDING","NARRATIVE_TEMPLATE_MISSING; RATE_MISSING"
"HIS-0085","IHC - Calretinin","Histopathology","HISTOPATHOLOGY_NARRATIVE","WORKFLOW_REQUIRED","P1",1,"FALSE",0,"FALSE","FALSE",0,"Immunohistochemistry","FFPE tissue block","RATE_PENDING","NARRATIVE_TEMPLATE_MISSING; RATE_MISSING"
"HIS-0086","IHC - D2-40","Histopathology","HISTOPATHOLOGY_NARRATIVE","WORKFLOW_REQUIRED","P1",1,"FALSE",0,"FALSE","FALSE",0,"Immunohistochemistry","FFPE tissue block","RATE_PENDING","NARRATIVE_TEMPLATE_MISSING; RATE_MISSING"
"HIS-0087","IHC - BerEP4","Histopathology","HISTOPATHOLOGY_NARRATIVE","WORKFLOW_REQUIRED","P1",1,"FALSE",0,"FALSE","FALSE",0,"Immunohistochemistry","FFPE tissue block","RATE_PENDING","NARRATIVE_TEMPLATE_MISSING; RATE_MISSING"
"HIS-0088","IHC - MOC31","Histopathology","HISTOPATHOLOGY_NARRATIVE","WORKFLOW_REQUIRED","P1",1,"FALSE",0,"FALSE","FALSE",0,"Immunohistochemistry","FFPE tissue block","RATE_PENDING","NARRATIVE_TEMPLATE_MISSING; RATE_MISSING"
"HIS-0089","IHC - p63","Histopathology","HISTOPATHOLOGY_NARRATIVE","WORKFLOW_REQUIRED","P1",1,"FALSE",0,"FALSE","FALSE",0,"Immunohistochemistry","FFPE tissue block","RATE_PENDING","NARRATIVE_TEMPLATE_MISSING; RATE_MISSING"
"HIS-0090","IHC - p40","Histopathology","HISTOPATHOLOGY_NARRATIVE","WORKFLOW_REQUIRED","P1",1,"FALSE",0,"FALSE","FALSE",0,"Immunohistochemistry","FFPE tissue block","RATE_PENDING","NARRATIVE_TEMPLATE_MISSING; RATE_MISSING"
"HIS-0091","IHC - Uroplakin II","Histopathology","HISTOPATHOLOGY_NARRATIVE","WORKFLOW_REQUIRED","P1",1,"FALSE",0,"FALSE","FALSE",0,"Immunohistochemistry","FFPE tissue block","RATE_PENDING","NARRATIVE_TEMPLATE_MISSING; RATE_MISSING"
"HIS-0092","IHC - GCDFP-15","Histopathology","HISTOPATHOLOGY_NARRATIVE","WORKFLOW_REQUIRED","P1",1,"FALSE",0,"FALSE","FALSE",0,"Immunohistochemistry","FFPE tissue block","RATE_PENDING","NARRATIVE_TEMPLATE_MISSING; RATE_MISSING"
"HIS-0093","IHC - Mammaglobin","Histopathology","HISTOPATHOLOGY_NARRATIVE","WORKFLOW_REQUIRED","P1",1,"FALSE",0,"FALSE","FALSE",0,"Immunohistochemistry","FFPE tissue block","RATE_PENDING","NARRATIVE_TEMPLATE_MISSING; RATE_MISSING"
"HIS-0094","IHC - Androgen Receptor","Histopathology","HISTOPATHOLOGY_NARRATIVE","WORKFLOW_REQUIRED","P1",1,"FALSE",0,"FALSE","FALSE",0,"Immunohistochemistry","FFPE tissue block","RATE_PENDING","NARRATIVE_TEMPLATE_MISSING; RATE_MISSING"
"HIS-0095","IHC - E-cadherin","Histopathology","HISTOPATHOLOGY_NARRATIVE","WORKFLOW_REQUIRED","P1",1,"FALSE",0,"FALSE","FALSE",0,"Immunohistochemistry","FFPE tissue block","RATE_PENDING","NARRATIVE_TEMPLATE_MISSING; RATE_MISSING"
"HIS-0096","IHC - Beta-catenin","Histopathology","HISTOPATHOLOGY_NARRATIVE","WORKFLOW_REQUIRED","P1",1,"FALSE",0,"FALSE","FALSE",0,"Immunohistochemistry","FFPE tissue block","RATE_PENDING","NARRATIVE_TEMPLATE_MISSING; RATE_MISSING"
"HIS-0097","IHC - SMAD4","Histopathology","HISTOPATHOLOGY_NARRATIVE","WORKFLOW_REQUIRED","P1",1,"FALSE",0,"FALSE","FALSE",0,"Immunohistochemistry","FFPE tissue block","RATE_PENDING","NARRATIVE_TEMPLATE_MISSING; RATE_MISSING"
"HIS-0098","IHC - INI1/SMARCB1","Histopathology","HISTOPATHOLOGY_NARRATIVE","WORKFLOW_REQUIRED","P1",1,"FALSE",0,"FALSE","FALSE",0,"Immunohistochemistry","FFPE tissue block","RATE_PENDING","NARRATIVE_TEMPLATE_MISSING; RATE_MISSING"
"HIS-0099","IHC - BRG1/SMARCA4","Histopathology","HISTOPATHOLOGY_NARRATIVE","WORKFLOW_REQUIRED","P1",1,"FALSE",0,"FALSE","FALSE",0,"Immunohistochemistry","FFPE tissue block","RATE_PENDING","NARRATIVE_TEMPLATE_MISSING; RATE_MISSING"
"HIS-0100","IHC - ATRX","Histopathology","HISTOPATHOLOGY_NARRATIVE","WORKFLOW_REQUIRED","P1",1,"FALSE",0,"FALSE","FALSE",0,"Immunohistochemistry","FFPE tissue block","RATE_PENDING","NARRATIVE_TEMPLATE_MISSING; RATE_MISSING"
"HIS-0101","IHC - IDH1 R132H","Histopathology","HISTOPATHOLOGY_NARRATIVE","WORKFLOW_REQUIRED","P1",1,"FALSE",0,"FALSE","FALSE",0,"Immunohistochemistry","FFPE tissue block","RATE_PENDING","NARRATIVE_TEMPLATE_MISSING; RATE_MISSING"
"HIS-0102","IHC - GFAP","Histopathology","HISTOPATHOLOGY_NARRATIVE","WORKFLOW_REQUIRED","P1",1,"FALSE",0,"FALSE","FALSE",0,"Immunohistochemistry","FFPE tissue block","RATE_PENDING","NARRATIVE_TEMPLATE_MISSING; RATE_MISSING"
"HIS-0103","IHC - OLIG2","Histopathology","HISTOPATHOLOGY_NARRATIVE","WORKFLOW_REQUIRED","P1",1,"FALSE",0,"FALSE","FALSE",0,"Immunohistochemistry","FFPE tissue block","RATE_PENDING","NARRATIVE_TEMPLATE_MISSING; RATE_MISSING"
"HIS-0104","IHC - H3 K27M","Histopathology","HISTOPATHOLOGY_NARRATIVE","WORKFLOW_REQUIRED","P1",1,"FALSE",0,"FALSE","FALSE",0,"Immunohistochemistry","FFPE tissue block","RATE_PENDING","NARRATIVE_TEMPLATE_MISSING; RATE_MISSING"
"HIS-0105","IHC - PD-L1 IHC","Histopathology","HISTOPATHOLOGY_NARRATIVE","WORKFLOW_REQUIRED","P1",1,"FALSE",0,"FALSE","FALSE",0,"Immunohistochemistry","FFPE tissue block","RATE_PENDING","NARRATIVE_TEMPLATE_MISSING; RATE_MISSING"
"HIS-0106","IHC - MMR MLH1","Histopathology","HISTOPATHOLOGY_NARRATIVE","WORKFLOW_REQUIRED","P1",1,"FALSE",0,"FALSE","FALSE",0,"Immunohistochemistry","FFPE tissue block","RATE_PENDING","NARRATIVE_TEMPLATE_MISSING; RATE_MISSING"
"HIS-0107","IHC - MMR PMS2","Histopathology","HISTOPATHOLOGY_NARRATIVE","WORKFLOW_REQUIRED","P1",1,"FALSE",0,"FALSE","FALSE",0,"Immunohistochemistry","FFPE tissue block","RATE_PENDING","NARRATIVE_TEMPLATE_MISSING; RATE_MISSING"
"HIS-0108","IHC - MMR MSH2","Histopathology","HISTOPATHOLOGY_NARRATIVE","WORKFLOW_REQUIRED","P1",1,"FALSE",0,"FALSE","FALSE",0,"Immunohistochemistry","FFPE tissue block","RATE_PENDING","NARRATIVE_TEMPLATE_MISSING; RATE_MISSING"
"HIS-0109","IHC - MMR MSH6","Histopathology","HISTOPATHOLOGY_NARRATIVE","WORKFLOW_REQUIRED","P1",1,"FALSE",0,"FALSE","FALSE",0,"Immunohistochemistry","FFPE tissue block","RATE_PENDING","NARRATIVE_TEMPLATE_MISSING; RATE_MISSING"
"HIS-0110","PAS Stain","Histopathology","HISTOPATHOLOGY_NARRATIVE","WORKFLOW_REQUIRED","P1",1,"FALSE",0,"FALSE","FALSE",0,"Histochemical stain","FFPE tissue / fresh tissue as applicable","RATE_PENDING","NARRATIVE_TEMPLATE_MISSING; RATE_MISSING"
"HIS-0111","PAS with Diastase","Histopathology","HISTOPATHOLOGY_NARRATIVE","WORKFLOW_REQUIRED","P1",1,"FALSE",0,"FALSE","FALSE",0,"Histochemical stain","FFPE tissue / fresh tissue as applicable","RATE_PENDING","NARRATIVE_TEMPLATE_MISSING; RATE_MISSING"
"HIS-0112","GMS Stain","Histopathology","HISTOPATHOLOGY_NARRATIVE","WORKFLOW_REQUIRED","P1",1,"FALSE",0,"FALSE","FALSE",0,"Histochemical stain","FFPE tissue / fresh tissue as applicable","RATE_PENDING","NARRATIVE_TEMPLATE_MISSING; RATE_MISSING"
"HIS-0113","Ziehl-Neelsen Stain on Tissue","Histopathology","HISTOPATHOLOGY_NARRATIVE","WORKFLOW_REQUIRED","P1",1,"FALSE",0,"FALSE","FALSE",0,"Histochemical stain","FFPE tissue / fresh tissue as applicable","RATE_PENDING","NARRATIVE_TEMPLATE_MISSING; RATE_MISSING"
"HIS-0114","Fite-Faraco Stain","Histopathology","HISTOPATHOLOGY_NARRATIVE","WORKFLOW_REQUIRED","P1",1,"FALSE",0,"FALSE","FALSE",0,"Histochemical stain","FFPE tissue / fresh tissue as applicable","RATE_PENDING","NARRATIVE_TEMPLATE_MISSING; RATE_MISSING"
"HIS-0115","Gram Stain on Tissue","Histopathology","HISTOPATHOLOGY_NARRATIVE","WORKFLOW_REQUIRED","P1",1,"FALSE",0,"FALSE","FALSE",0,"Histochemical stain","FFPE tissue / fresh tissue as applicable","RATE_PENDING","NARRATIVE_TEMPLATE_MISSING; RATE_MISSING"
"HIS-0116","Masson's Trichrome","Histopathology","HISTOPATHOLOGY_NARRATIVE","WORKFLOW_REQUIRED","P1",1,"FALSE",0,"FALSE","FALSE",0,"Histochemical stain","FFPE tissue / fresh tissue as applicable","RATE_PENDING","NARRATIVE_TEMPLATE_MISSING; RATE_MISSING"
"HIS-0117","Reticulin Stain","Histopathology","HISTOPATHOLOGY_NARRATIVE","WORKFLOW_REQUIRED","P1",1,"FALSE",0,"FALSE","FALSE",0,"Histochemical stain","FFPE tissue / fresh tissue as applicable","RATE_PENDING","NARRATIVE_TEMPLATE_MISSING; RATE_MISSING"
"HIS-0118","Congo Red","Histopathology","HISTOPATHOLOGY_NARRATIVE","WORKFLOW_REQUIRED","P1",1,"FALSE",0,"FALSE","FALSE",0,"Histochemical stain","FFPE tissue / fresh tissue as applicable","RATE_PENDING","NARRATIVE_TEMPLATE_MISSING; RATE_MISSING"
"HIS-0119","Perls' Prussian Blue","Histopathology","HISTOPATHOLOGY_NARRATIVE","WORKFLOW_REQUIRED","P1",1,"FALSE",0,"FALSE","FALSE",0,"Histochemical stain","FFPE tissue / fresh tissue as applicable","RATE_PENDING","NARRATIVE_TEMPLATE_MISSING; RATE_MISSING"
"HIS-0120","Alcian Blue","Histopathology","HISTOPATHOLOGY_NARRATIVE","WORKFLOW_REQUIRED","P1",1,"FALSE",0,"FALSE","FALSE",0,"Histochemical stain","FFPE tissue / fresh tissue as applicable","RATE_PENDING","NARRATIVE_TEMPLATE_MISSING; RATE_MISSING"
"HIS-0121","Mucicarmine","Histopathology","HISTOPATHOLOGY_NARRATIVE","WORKFLOW_REQUIRED","P1",1,"FALSE",0,"FALSE","FALSE",0,"Histochemical stain","FFPE tissue / fresh tissue as applicable","RATE_PENDING","NARRATIVE_TEMPLATE_MISSING; RATE_MISSING"
"HIS-0122","Fontana-Masson","Histopathology","HISTOPATHOLOGY_NARRATIVE","WORKFLOW_REQUIRED","P1",1,"FALSE",0,"FALSE","FALSE",0,"Histochemical stain","FFPE tissue / fresh tissue as applicable","RATE_PENDING","NARRATIVE_TEMPLATE_MISSING; RATE_MISSING"
"HIS-0123","Elastic Van Gieson","Histopathology","HISTOPATHOLOGY_NARRATIVE","WORKFLOW_REQUIRED","P1",1,"FALSE",0,"FALSE","FALSE",0,"Histochemical stain","FFPE tissue / fresh tissue as applicable","RATE_PENDING","NARRATIVE_TEMPLATE_MISSING; RATE_MISSING"
"HIS-0124","Oil Red O","Histopathology","HISTOPATHOLOGY_NARRATIVE","WORKFLOW_REQUIRED","P1",1,"FALSE",0,"FALSE","FALSE",0,"Histochemical stain","FFPE tissue / fresh tissue as applicable","RATE_PENDING","NARRATIVE_TEMPLATE_MISSING; RATE_MISSING"
"HIS-0125","Toluidine Blue","Histopathology","HISTOPATHOLOGY_NARRATIVE","WORKFLOW_REQUIRED","P1",1,"FALSE",0,"FALSE","FALSE",0,"Histochemical stain","FFPE tissue / fresh tissue as applicable","RATE_PENDING","NARRATIVE_TEMPLATE_MISSING; RATE_MISSING"
"HIS-0126","PTAH Stain","Histopathology","HISTOPATHOLOGY_NARRATIVE","WORKFLOW_REQUIRED","P1",1,"FALSE",0,"FALSE","FALSE",0,"Histochemical stain","FFPE tissue / fresh tissue as applicable","RATE_PENDING","NARRATIVE_TEMPLATE_MISSING; RATE_MISSING"
"HIS-0127","Jones Methenamine Silver","Histopathology","HISTOPATHOLOGY_NARRATIVE","WORKFLOW_REQUIRED","P1",1,"FALSE",0,"FALSE","FALSE",0,"Histochemical stain","FFPE tissue / fresh tissue as applicable","RATE_PENDING","NARRATIVE_TEMPLATE_MISSING; RATE_MISSING"
"HIS-0128","Cresyl Violet","Histopathology","HISTOPATHOLOGY_NARRATIVE","WORKFLOW_REQUIRED","P1",1,"FALSE",0,"FALSE","FALSE",0,"Histochemical stain","FFPE tissue / fresh tissue as applicable","RATE_PENDING","NARRATIVE_TEMPLATE_MISSING; RATE_MISSING"
"HIS-0129","Luxol Fast Blue","Histopathology","HISTOPATHOLOGY_NARRATIVE","WORKFLOW_REQUIRED","P1",1,"FALSE",0,"FALSE","FALSE",0,"Histochemical stain","FFPE tissue / fresh tissue as applicable","RATE_PENDING","NARRATIVE_TEMPLATE_MISSING; RATE_MISSING"
"HIS-0130","Von Kossa Stain","Histopathology","HISTOPATHOLOGY_NARRATIVE","WORKFLOW_REQUIRED","P1",1,"FALSE",0,"FALSE","FALSE",0,"Histochemical stain","FFPE tissue / fresh tissue as applicable","RATE_PENDING","NARRATIVE_TEMPLATE_MISSING; RATE_MISSING"
"HIS-0131","Alizarin Red","Histopathology","HISTOPATHOLOGY_NARRATIVE","WORKFLOW_REQUIRED","P1",1,"FALSE",0,"FALSE","FALSE",0,"Histochemical stain","FFPE tissue / fresh tissue as applicable","RATE_PENDING","NARRATIVE_TEMPLATE_MISSING; RATE_MISSING"
"HIS-0132","Warthin-Starry Stain","Histopathology","HISTOPATHOLOGY_NARRATIVE","WORKFLOW_REQUIRED","P1",1,"FALSE",0,"FALSE","FALSE",0,"Histochemical stain","FFPE tissue / fresh tissue as applicable","RATE_PENDING","NARRATIVE_TEMPLATE_MISSING; RATE_MISSING"
"HIS-0133","Giemsa Stain on Tissue","Histopathology","HISTOPATHOLOGY_NARRATIVE","WORKFLOW_REQUIRED","P1",1,"FALSE",0,"FALSE","FALSE",0,"Histochemical stain","FFPE tissue / fresh tissue as applicable","RATE_PENDING","NARRATIVE_TEMPLATE_MISSING; RATE_MISSING"
"IMM-0003","ASO Titer","Immunology","IMMUNOASSAY","LAB_SPECIFICATION_REQUIRED","P1",1,"TRUE",0,"FALSE","FALSE",0,"ELISA/IFA/Immunoassay as validated","Serum","600.00","NUMERIC_RANGE_MISSING"
"IMM-0004","Anti-CCP","Immunology","IMMUNOASSAY","LAB_SPECIFICATION_REQUIRED","P1",1,"TRUE",0,"FALSE","FALSE",0,"ELISA/IFA/Immunoassay as validated","Serum","2200.00","NUMERIC_RANGE_MISSING"
"IMM-0005","ANA by IFA","Immunology","IMMUNOASSAY","LAB_SPECIFICATION_REQUIRED","P1",1,"TRUE",0,"FALSE","FALSE",0,"ELISA/IFA/Immunoassay as validated","Serum","2200.00","NUMERIC_RANGE_MISSING"
"IMM-0006","ANA Screen by ELISA","Immunology","IMMUNOASSAY","LAB_SPECIFICATION_REQUIRED","P1",1,"TRUE",0,"FALSE","FALSE",0,"ELISA/IFA/Immunoassay as validated","Serum","RATE_PENDING","NUMERIC_RANGE_MISSING; RATE_MISSING"
"IMM-0007","Anti-dsDNA","Immunology","IMMUNOASSAY","LAB_SPECIFICATION_REQUIRED","P1",1,"TRUE",0,"FALSE","FALSE",0,"ELISA/IFA/Immunoassay as validated","Serum","3000.00","NUMERIC_RANGE_MISSING"
"IMM-0008","Anti-Sm Antibody","Immunology","IMMUNOASSAY","LAB_SPECIFICATION_REQUIRED","P1",1,"TRUE",0,"FALSE","FALSE",0,"ELISA/IFA/Immunoassay as validated","Serum","RATE_PENDING","NUMERIC_RANGE_MISSING; RATE_MISSING"
"IMM-0009","Anti-RNP Antibody","Immunology","IMMUNOASSAY","LAB_SPECIFICATION_REQUIRED","P1",1,"TRUE",0,"FALSE","FALSE",0,"ELISA/IFA/Immunoassay as validated","Serum","RATE_PENDING","NUMERIC_RANGE_MISSING; RATE_MISSING"
"IMM-0010","Anti-SSA/Ro","Immunology","IMMUNOASSAY","LAB_SPECIFICATION_REQUIRED","P1",1,"TRUE",0,"FALSE","FALSE",0,"ELISA/IFA/Immunoassay as validated","Serum","RATE_PENDING","NUMERIC_RANGE_MISSING; RATE_MISSING"
"IMM-0011","Anti-SSB/La","Immunology","IMMUNOASSAY","LAB_SPECIFICATION_REQUIRED","P1",1,"TRUE",0,"FALSE","FALSE",0,"ELISA/IFA/Immunoassay as validated","Serum","RATE_PENDING","NUMERIC_RANGE_MISSING; RATE_MISSING"
"IMM-0012","Anti-Scl-70","Immunology","IMMUNOASSAY","LAB_SPECIFICATION_REQUIRED","P1",1,"TRUE",0,"FALSE","FALSE",0,"ELISA/IFA/Immunoassay as validated","Serum","RATE_PENDING","NUMERIC_RANGE_MISSING; RATE_MISSING"
"IMM-0013","Anti-Jo-1","Immunology","IMMUNOASSAY","LAB_SPECIFICATION_REQUIRED","P1",1,"TRUE",0,"FALSE","FALSE",0,"ELISA/IFA/Immunoassay as validated","Serum","RATE_PENDING","NUMERIC_RANGE_MISSING; RATE_MISSING"
"IMM-0014","Anti-Centromere Antibody","Immunology","IMMUNOASSAY","LAB_SPECIFICATION_REQUIRED","P1",1,"TRUE",0,"FALSE","FALSE",0,"ELISA/IFA/Immunoassay as validated","Serum","RATE_PENDING","NUMERIC_RANGE_MISSING; RATE_MISSING"
"IMM-0015","Anti-Ribosomal P","Immunology","IMMUNOASSAY","LAB_SPECIFICATION_REQUIRED","P1",1,"TRUE",0,"FALSE","FALSE",0,"ELISA/IFA/Immunoassay as validated","Serum","RATE_PENDING","NUMERIC_RANGE_MISSING; RATE_MISSING"
"IMM-0016","C3 Complement","Immunology","IMMUNOASSAY","LAB_SPECIFICATION_REQUIRED","P1",1,"TRUE",0,"FALSE","FALSE",0,"ELISA/IFA/Immunoassay as validated","Serum","RATE_PENDING","NUMERIC_RANGE_MISSING; RATE_MISSING"
"IMM-0017","C4 Complement","Immunology","IMMUNOASSAY","LAB_SPECIFICATION_REQUIRED","P1",1,"TRUE",0,"FALSE","FALSE",0,"ELISA/IFA/Immunoassay as validated","Serum","RATE_PENDING","NUMERIC_RANGE_MISSING; RATE_MISSING"
"IMM-0018","CH50","Immunology","IMMUNOASSAY","LAB_SPECIFICATION_REQUIRED","P1",1,"TRUE",0,"FALSE","FALSE",0,"ELISA/IFA/Immunoassay as validated","Serum","RATE_PENDING","NUMERIC_RANGE_MISSING; RATE_MISSING"
"IMM-0019","ANCA Screen","Immunology","IMMUNOASSAY","LAB_SPECIFICATION_REQUIRED","P1",1,"TRUE",0,"FALSE","FALSE",0,"ELISA/IFA/Immunoassay as validated","Serum","RATE_PENDING","NUMERIC_RANGE_MISSING; RATE_MISSING"
"IMM-0020","c-ANCA / PR3","Immunology","IMMUNOASSAY","LAB_SPECIFICATION_REQUIRED","P1",1,"TRUE",0,"FALSE","FALSE",0,"ELISA/IFA/Immunoassay as validated","Serum","RATE_PENDING","NUMERIC_RANGE_MISSING; RATE_MISSING"
"IMM-0021","p-ANCA / MPO","Immunology","IMMUNOASSAY","LAB_SPECIFICATION_REQUIRED","P1",1,"TRUE",0,"FALSE","FALSE",0,"ELISA/IFA/Immunoassay as validated","Serum","RATE_PENDING","NUMERIC_RANGE_MISSING; RATE_MISSING"
"IMM-0022","Anti-GBM Antibody","Immunology","IMMUNOASSAY","LAB_SPECIFICATION_REQUIRED","P1",1,"TRUE",0,"FALSE","FALSE",0,"ELISA/IFA/Immunoassay as validated","Serum","RATE_PENDING","NUMERIC_RANGE_MISSING; RATE_MISSING"
"IMM-0023","Anticardiolipin IgG","Immunology","QUALITATIVE_RESULT","LAB_SPECIFICATION_REQUIRED","P1",1,"FALSE",0,"TRUE","FALSE",0,"ELISA/IFA/Immunoassay as validated","Serum","RATE_PENDING","QUALITATIVE_OPTIONS_MISSING; RATE_MISSING"
"IMM-0024","Anticardiolipin IgM","Immunology","QUALITATIVE_RESULT","LAB_SPECIFICATION_REQUIRED","P1",1,"FALSE",0,"TRUE","FALSE",0,"ELISA/IFA/Immunoassay as validated","Serum","RATE_PENDING","QUALITATIVE_OPTIONS_MISSING; RATE_MISSING"
"IMM-0025","Beta-2 Glycoprotein I IgG","Immunology","IMMUNOASSAY","LAB_SPECIFICATION_REQUIRED","P1",1,"TRUE",0,"FALSE","FALSE",0,"ELISA/IFA/Immunoassay as validated","Serum","RATE_PENDING","NUMERIC_RANGE_MISSING; RATE_MISSING"
"IMM-0026","Beta-2 Glycoprotein I IgM","Immunology","IMMUNOASSAY","LAB_SPECIFICATION_REQUIRED","P1",1,"TRUE",0,"FALSE","FALSE",0,"ELISA/IFA/Immunoassay as validated","Serum","RATE_PENDING","NUMERIC_RANGE_MISSING; RATE_MISSING"
"IMM-0028","Total IgG","Immunology","IMMUNOASSAY","LAB_SPECIFICATION_REQUIRED","P1",1,"TRUE",0,"FALSE","FALSE",0,"ELISA/IFA/Immunoassay as validated","Serum","RATE_PENDING","NUMERIC_RANGE_MISSING; RATE_MISSING"
"IMM-0029","Total IgA","Immunology","IMMUNOASSAY","LAB_SPECIFICATION_REQUIRED","P1",1,"TRUE",0,"FALSE","FALSE",0,"ELISA/IFA/Immunoassay as validated","Serum","RATE_PENDING","NUMERIC_RANGE_MISSING; RATE_MISSING"
"IMM-0030","Total IgM","Immunology","IMMUNOASSAY","LAB_SPECIFICATION_REQUIRED","P1",1,"TRUE",0,"FALSE","FALSE",0,"ELISA/IFA/Immunoassay as validated","Serum","RATE_PENDING","NUMERIC_RANGE_MISSING; RATE_MISSING"
"IMM-0031","Total IgE","Immunology","IMMUNOASSAY","LAB_SPECIFICATION_REQUIRED","P1",1,"TRUE",0,"FALSE","FALSE",0,"ELISA/IFA/Immunoassay as validated","Serum","1200.00","NUMERIC_RANGE_MISSING"
"IMM-0032","IgG Subclass 1","Immunology","IMMUNOASSAY","LAB_SPECIFICATION_REQUIRED","P1",1,"TRUE",0,"FALSE","FALSE",0,"ELISA/IFA/Immunoassay as validated","Serum","RATE_PENDING","NUMERIC_RANGE_MISSING; RATE_MISSING"
"IMM-0033","IgG Subclass 2","Immunology","IMMUNOASSAY","LAB_SPECIFICATION_REQUIRED","P1",1,"TRUE",0,"FALSE","FALSE",0,"ELISA/IFA/Immunoassay as validated","Serum","RATE_PENDING","NUMERIC_RANGE_MISSING; RATE_MISSING"
"IMM-0034","IgG Subclass 3","Immunology","IMMUNOASSAY","LAB_SPECIFICATION_REQUIRED","P1",1,"TRUE",0,"FALSE","FALSE",0,"ELISA/IFA/Immunoassay as validated","Serum","RATE_PENDING","NUMERIC_RANGE_MISSING; RATE_MISSING"
"IMM-0035","IgG Subclass 4","Immunology","IMMUNOASSAY","LAB_SPECIFICATION_REQUIRED","P1",1,"TRUE",0,"FALSE","FALSE",0,"ELISA/IFA/Immunoassay as validated","Serum","RATE_PENDING","NUMERIC_RANGE_MISSING; RATE_MISSING"
"IMM-0036","Cryoglobulin","Immunology","IMMUNOASSAY","LAB_SPECIFICATION_REQUIRED","P1",1,"TRUE",0,"FALSE","FALSE",0,"ELISA/IFA/Immunoassay as validated","Serum","RATE_PENDING","NUMERIC_RANGE_MISSING; RATE_MISSING"
"IMM-0037","Cryofibrinogen","Immunology","COAGULATION","LAB_SPECIFICATION_REQUIRED","P1",1,"TRUE",0,"FALSE","FALSE",0,"ELISA/IFA/Immunoassay as validated","Serum","RATE_PENDING","NUMERIC_RANGE_MISSING; RATE_MISSING"
"IMM-0038","Serum Protein Electrophoresis","Immunology","IMMUNOASSAY","LAB_SPECIFICATION_REQUIRED","P1",1,"TRUE",0,"FALSE","FALSE",0,"ELISA/IFA/Immunoassay as validated","Serum","RATE_PENDING","NUMERIC_RANGE_MISSING; RATE_MISSING"
"IMM-0039","Immunofixation Electrophoresis, Serum","Immunology","IMMUNOASSAY","LAB_SPECIFICATION_REQUIRED","P1",1,"TRUE",0,"FALSE","FALSE",0,"ELISA/IFA/Immunoassay as validated","Serum","RATE_PENDING","NUMERIC_RANGE_MISSING; RATE_MISSING"
"IMM-0040","Free Kappa Light Chain","Immunology","IMMUNOASSAY","LAB_SPECIFICATION_REQUIRED","P1",1,"TRUE",0,"FALSE","FALSE",0,"ELISA/IFA/Immunoassay as validated","Serum","RATE_PENDING","NUMERIC_RANGE_MISSING; RATE_MISSING"
"IMM-0041","Free Lambda Light Chain","Immunology","IMMUNOASSAY","LAB_SPECIFICATION_REQUIRED","P1",1,"TRUE",0,"FALSE","FALSE",0,"ELISA/IFA/Immunoassay as validated","Serum","RATE_PENDING","NUMERIC_RANGE_MISSING; RATE_MISSING"
"IMM-0042","Kappa/Lambda Ratio","Immunology","IMMUNOASSAY","LAB_SPECIFICATION_REQUIRED","P1",1,"TRUE",0,"FALSE","FALSE",0,"Governed Mathematical Calculation","Serum","RATE_PENDING","NUMERIC_RANGE_MISSING; RATE_MISSING"
"IMM-0043","tTG IgA","Immunology","IMMUNOASSAY","LAB_SPECIFICATION_REQUIRED","P1",1,"TRUE",0,"FALSE","FALSE",0,"ELISA/IFA/Immunoassay as validated","Serum","RATE_PENDING","NUMERIC_RANGE_MISSING; RATE_MISSING"
"IMM-0044","tTG IgG","Immunology","IMMUNOASSAY","LAB_SPECIFICATION_REQUIRED","P1",1,"TRUE",0,"FALSE","FALSE",0,"ELISA/IFA/Immunoassay as validated","Serum","RATE_PENDING","NUMERIC_RANGE_MISSING; RATE_MISSING"
"IMM-0045","Deamidated Gliadin Peptide IgA","Immunology","IMMUNOASSAY","LAB_SPECIFICATION_REQUIRED","P1",1,"TRUE",0,"FALSE","FALSE",0,"ELISA/IFA/Immunoassay as validated","Serum","RATE_PENDING","NUMERIC_RANGE_MISSING; RATE_MISSING"
"IMM-0046","Deamidated Gliadin Peptide IgG","Immunology","IMMUNOASSAY","LAB_SPECIFICATION_REQUIRED","P1",1,"TRUE",0,"FALSE","FALSE",0,"ELISA/IFA/Immunoassay as validated","Serum","RATE_PENDING","NUMERIC_RANGE_MISSING; RATE_MISSING"
"IMM-0047","Endomysial Antibody IgA","Immunology","IMMUNOASSAY","LAB_SPECIFICATION_REQUIRED","P1",1,"TRUE",0,"FALSE","FALSE",0,"ELISA/IFA/Immunoassay as validated","Serum","RATE_PENDING","NUMERIC_RANGE_MISSING; RATE_MISSING"
"IMM-0048","Intrinsic Factor Antibody","Immunology","COAGULATION","LAB_SPECIFICATION_REQUIRED","P1",1,"TRUE",0,"FALSE","FALSE",0,"ELISA/IFA/Immunoassay as validated","Serum","RATE_PENDING","NUMERIC_RANGE_MISSING; RATE_MISSING"
"IMM-0049","Parietal Cell Antibody","Immunology","IMMUNOASSAY","LAB_SPECIFICATION_REQUIRED","P1",1,"TRUE",0,"FALSE","FALSE",0,"ELISA/IFA/Immunoassay as validated","Serum","RATE_PENDING","NUMERIC_RANGE_MISSING; RATE_MISSING"
"IMM-0050","Anti-Smooth Muscle Antibody","Immunology","IMMUNOASSAY","LAB_SPECIFICATION_REQUIRED","P1",1,"TRUE",0,"FALSE","FALSE",0,"ELISA/IFA/Immunoassay as validated","Serum","RATE_PENDING","NUMERIC_RANGE_MISSING; RATE_MISSING"
"IMM-0051","Anti-Mitochondrial Antibody M2","Immunology","IMMUNOASSAY","LAB_SPECIFICATION_REQUIRED","P1",1,"TRUE",0,"FALSE","FALSE",0,"ELISA/IFA/Immunoassay as validated","Serum","RATE_PENDING","NUMERIC_RANGE_MISSING; RATE_MISSING"
"IMM-0052","Liver Kidney Microsomal Antibody (LKM-1)","Immunology","IMMUNOASSAY","LAB_SPECIFICATION_REQUIRED","P1",1,"TRUE",0,"FALSE","FALSE",0,"ELISA/IFA/Immunoassay as validated","Serum","RATE_PENDING","NUMERIC_RANGE_MISSING; RATE_MISSING"
"IMM-0053","Soluble Liver Antigen Antibody","Immunology","IMMUNOASSAY","LAB_SPECIFICATION_REQUIRED","P1",1,"TRUE",0,"FALSE","FALSE",0,"ELISA/IFA/Immunoassay as validated","Serum","RATE_PENDING","NUMERIC_RANGE_MISSING; RATE_MISSING"
"IMM-0054","Anti-Phosphatidylserine Antibody IgG","Immunology","IMMUNOASSAY","LAB_SPECIFICATION_REQUIRED","P1",1,"TRUE",0,"FALSE","FALSE",0,"ELISA/IFA/Immunoassay as validated","Serum","RATE_PENDING","NUMERIC_RANGE_MISSING; RATE_MISSING"
"IMM-0055","Anti-Phosphatidylserine Antibody IgM","Immunology","IMMUNOASSAY","LAB_SPECIFICATION_REQUIRED","P1",1,"TRUE",0,"FALSE","FALSE",0,"ELISA/IFA/Immunoassay as validated","Serum","RATE_PENDING","NUMERIC_RANGE_MISSING; RATE_MISSING"
"IMM-0056","Anti-Histone Antibody","Immunology","IMMUNOASSAY","LAB_SPECIFICATION_REQUIRED","P1",1,"TRUE",0,"FALSE","FALSE",0,"ELISA/IFA/Immunoassay as validated","Serum","RATE_PENDING","NUMERIC_RANGE_MISSING; RATE_MISSING"
"IMM-0057","Anti-Nucleosome Antibody","Immunology","IMMUNOASSAY","LAB_SPECIFICATION_REQUIRED","P1",1,"TRUE",0,"FALSE","FALSE",0,"ELISA/IFA/Immunoassay as validated","Serum","RATE_PENDING","NUMERIC_RANGE_MISSING; RATE_MISSING"
"IMM-0058","Anti-RNA Polymerase III","Immunology","IMMUNOASSAY","LAB_SPECIFICATION_REQUIRED","P1",1,"TRUE",0,"FALSE","FALSE",0,"ELISA/IFA/Immunoassay as validated","Serum","RATE_PENDING","NUMERIC_RANGE_MISSING; RATE_MISSING"
"IMM-0059","Anti-PM/Scl Antibody","Immunology","IMMUNOASSAY","LAB_SPECIFICATION_REQUIRED","P1",1,"TRUE",0,"FALSE","FALSE",0,"ELISA/IFA/Immunoassay as validated","Serum","RATE_PENDING","NUMERIC_RANGE_MISSING; RATE_MISSING"
"IMM-0060","Anti-Mi-2 Antibody","Immunology","IMMUNOASSAY","LAB_SPECIFICATION_REQUIRED","P1",1,"TRUE",0,"FALSE","FALSE",0,"ELISA/IFA/Immunoassay as validated","Serum","RATE_PENDING","NUMERIC_RANGE_MISSING; RATE_MISSING"
"IMM-0061","Anti-SRP Antibody","Immunology","IMMUNOASSAY","LAB_SPECIFICATION_REQUIRED","P1",1,"TRUE",0,"FALSE","FALSE",0,"ELISA/IFA/Immunoassay as validated","Serum","RATE_PENDING","NUMERIC_RANGE_MISSING; RATE_MISSING"
"IMM-0062","Anti-AChR Binding Antibody","Immunology","IMMUNOASSAY","LAB_SPECIFICATION_REQUIRED","P1",1,"TRUE",0,"FALSE","FALSE",0,"ELISA/IFA/Immunoassay as validated","Serum","RATE_PENDING","NUMERIC_RANGE_MISSING; RATE_MISSING"
"IMM-0063","Anti-MuSK Antibody","Immunology","IMMUNOASSAY","LAB_SPECIFICATION_REQUIRED","P1",1,"TRUE",0,"FALSE","FALSE",0,"ELISA/IFA/Immunoassay as validated","Serum","RATE_PENDING","NUMERIC_RANGE_MISSING; RATE_MISSING"
"IMM-0064","Aquaporin-4 Antibody","Immunology","IMMUNOASSAY","LAB_SPECIFICATION_REQUIRED","P1",1,"TRUE",0,"FALSE","FALSE",0,"ELISA/IFA/Immunoassay as validated","Serum","RATE_PENDING","NUMERIC_RANGE_MISSING; RATE_MISSING"
"IMM-0065","MOG Antibody","Immunology","IMMUNOASSAY","LAB_SPECIFICATION_REQUIRED","P1",1,"TRUE",0,"FALSE","FALSE",0,"ELISA/IFA/Immunoassay as validated","Serum","RATE_PENDING","NUMERIC_RANGE_MISSING; RATE_MISSING"
"IMM-0066","Anti-GAD65 Antibody","Immunology","IMMUNOASSAY","LAB_SPECIFICATION_REQUIRED","P1",1,"TRUE",0,"FALSE","FALSE",0,"ELISA/IFA/Immunoassay as validated","Serum","RATE_PENDING","NUMERIC_RANGE_MISSING; RATE_MISSING"
"IMM-0067","IA-2 Antibody","Immunology","IMMUNOASSAY","LAB_SPECIFICATION_REQUIRED","P1",1,"TRUE",0,"FALSE","FALSE",0,"ELISA/IFA/Immunoassay as validated","Serum","RATE_PENDING","NUMERIC_RANGE_MISSING; RATE_MISSING"
"IMM-0068","ZnT8 Antibody","Immunology","IMMUNOASSAY","LAB_SPECIFICATION_REQUIRED","P1",1,"TRUE",0,"FALSE","FALSE",0,"ELISA/IFA/Immunoassay as validated","Serum","RATE_PENDING","NUMERIC_RANGE_MISSING; RATE_MISSING"
"IMM-0069","Islet Cell Antibody","Immunology","IMMUNOASSAY","LAB_SPECIFICATION_REQUIRED","P1",1,"TRUE",0,"FALSE","FALSE",0,"ELISA/IFA/Immunoassay as validated","Serum","RATE_PENDING","NUMERIC_RANGE_MISSING; RATE_MISSING"
"IMM-0070","Anti-PLA2R Antibody","Immunology","IMMUNOASSAY","LAB_SPECIFICATION_REQUIRED","P1",1,"TRUE",0,"FALSE","FALSE",0,"ELISA/Flow/Functional assay as validated","Serum / Whole Blood as applicable","RATE_PENDING","NUMERIC_RANGE_MISSING; RATE_MISSING"
"IMM-0071","Anti-THSD7A Antibody","Immunology","IMMUNOASSAY","LAB_SPECIFICATION_REQUIRED","P1",1,"TRUE",0,"FALSE","FALSE",0,"ELISA/Flow/Functional assay as validated","Serum / Whole Blood as applicable","RATE_PENDING","NUMERIC_RANGE_MISSING; RATE_MISSING"
"IMM-0072","Anti-BP180 Antibody","Immunology","IMMUNOASSAY","LAB_SPECIFICATION_REQUIRED","P1",1,"TRUE",0,"FALSE","FALSE",0,"ELISA/Flow/Functional assay as validated","Serum / Whole Blood as applicable","RATE_PENDING","NUMERIC_RANGE_MISSING; RATE_MISSING"
"IMM-0073","Anti-BP230 Antibody","Immunology","IMMUNOASSAY","LAB_SPECIFICATION_REQUIRED","P1",1,"TRUE",0,"FALSE","FALSE",0,"ELISA/Flow/Functional assay as validated","Serum / Whole Blood as applicable","RATE_PENDING","NUMERIC_RANGE_MISSING; RATE_MISSING"
"IMM-0074","Desmoglein 1 Antibody","Immunology","IMMUNOASSAY","LAB_SPECIFICATION_REQUIRED","P1",1,"TRUE",0,"FALSE","FALSE",0,"ELISA/Flow/Functional assay as validated","Serum / Whole Blood as applicable","RATE_PENDING","NUMERIC_RANGE_MISSING; RATE_MISSING"
"IMM-0075","Desmoglein 3 Antibody","Immunology","IMMUNOASSAY","LAB_SPECIFICATION_REQUIRED","P1",1,"TRUE",0,"FALSE","FALSE",0,"ELISA/Flow/Functional assay as validated","Serum / Whole Blood as applicable","RATE_PENDING","NUMERIC_RANGE_MISSING; RATE_MISSING"
"IMM-0076","Anti-TTG IgA with Total IgA Reflex","Immunology","IMMUNOASSAY","LAB_SPECIFICATION_REQUIRED","P1",1,"TRUE",0,"FALSE","FALSE",0,"ELISA/Flow/Functional assay as validated","Serum / Whole Blood as applicable","RATE_PENDING","NUMERIC_RANGE_MISSING; RATE_MISSING"
"IMM-0077","Anti-Saccharomyces cerevisiae IgA","Immunology","IMMUNOASSAY","LAB_SPECIFICATION_REQUIRED","P1",1,"TRUE",0,"FALSE","FALSE",0,"ELISA/Flow/Functional assay as validated","Serum / Whole Blood as applicable","RATE_PENDING","NUMERIC_RANGE_MISSING; RATE_MISSING"
"IMM-0078","Anti-Saccharomyces cerevisiae IgG","Immunology","IMMUNOASSAY","LAB_SPECIFICATION_REQUIRED","P1",1,"TRUE",0,"FALSE","FALSE",0,"ELISA/Flow/Functional assay as validated","Serum / Whole Blood as applicable","RATE_PENDING","NUMERIC_RANGE_MISSING; RATE_MISSING"
"IMM-0079","Anti-CCP3","Immunology","IMMUNOASSAY","LAB_SPECIFICATION_REQUIRED","P1",1,"TRUE",0,"FALSE","FALSE",0,"ELISA/Flow/Functional assay as validated","Serum / Whole Blood as applicable","RATE_PENDING","NUMERIC_RANGE_MISSING; RATE_MISSING"
"IMM-0080","Anti-CarP Antibody","Immunology","IMMUNOASSAY","LAB_SPECIFICATION_REQUIRED","P1",1,"TRUE",0,"FALSE","FALSE",0,"ELISA/Flow/Functional assay as validated","Serum / Whole Blood as applicable","RATE_PENDING","NUMERIC_RANGE_MISSING; RATE_MISSING"
"IMM-0081","Anti-DFS70 Antibody","Immunology","IMMUNOASSAY","LAB_SPECIFICATION_REQUIRED","P1",1,"TRUE",0,"FALSE","FALSE",0,"ELISA/Flow/Functional assay as validated","Serum / Whole Blood as applicable","RATE_PENDING","NUMERIC_RANGE_MISSING; RATE_MISSING"
"IMM-0082","Anti-C1q Antibody","Immunology","IMMUNOASSAY","LAB_SPECIFICATION_REQUIRED","P1",1,"TRUE",0,"FALSE","FALSE",0,"ELISA/Flow/Functional assay as validated","Serum / Whole Blood as applicable","RATE_PENDING","NUMERIC_RANGE_MISSING; RATE_MISSING"
"IMM-0083","C1 Esterase Inhibitor Level","Immunology","IMMUNOASSAY","LAB_SPECIFICATION_REQUIRED","P1",1,"TRUE",0,"FALSE","FALSE",0,"ELISA/Flow/Functional assay as validated","Serum / Whole Blood as applicable","RATE_PENDING","NUMERIC_RANGE_MISSING; RATE_MISSING"
"IMM-0084","C1 Esterase Inhibitor Function","Immunology","IMMUNOASSAY","LAB_SPECIFICATION_REQUIRED","P1",1,"TRUE",0,"FALSE","FALSE",0,"ELISA/Flow/Functional assay as validated","Serum / Whole Blood as applicable","RATE_PENDING","NUMERIC_RANGE_MISSING; RATE_MISSING"
"IMM-0085","C2 Complement","Immunology","IMMUNOASSAY","LAB_SPECIFICATION_REQUIRED","P1",1,"TRUE",0,"FALSE","FALSE",0,"ELISA/Flow/Functional assay as validated","Serum / Whole Blood as applicable","RATE_PENDING","NUMERIC_RANGE_MISSING; RATE_MISSING"
"IMM-0086","C5 Complement","Immunology","IMMUNOASSAY","LAB_SPECIFICATION_REQUIRED","P1",1,"TRUE",0,"FALSE","FALSE",0,"ELISA/Flow/Functional assay as validated","Serum / Whole Blood as applicable","RATE_PENDING","NUMERIC_RANGE_MISSING; RATE_MISSING"
"IMM-0087","Properdin","Immunology","IMMUNOASSAY","LAB_SPECIFICATION_REQUIRED","P1",1,"TRUE",0,"FALSE","FALSE",0,"ELISA/Flow/Functional assay as validated","Serum / Whole Blood as applicable","RATE_PENDING","NUMERIC_RANGE_MISSING; RATE_MISSING"
"IMM-0088","Mannose Binding Lectin","Immunology","IMMUNOASSAY","LAB_SPECIFICATION_REQUIRED","P1",1,"TRUE",0,"FALSE","FALSE",0,"ELISA/Flow/Functional assay as validated","Serum / Whole Blood as applicable","RATE_PENDING","NUMERIC_RANGE_MISSING; RATE_MISSING"
"IMM-0089","Neutrophil Oxidative Burst Test","Immunology","IMMUNOASSAY","LAB_SPECIFICATION_REQUIRED","P1",1,"TRUE",0,"FALSE","FALSE",0,"ELISA/Flow/Functional assay as validated","Serum / Whole Blood as applicable","RATE_PENDING","NUMERIC_RANGE_MISSING; RATE_MISSING"
"IMM-0091","NK Cell Function","Immunology","IMMUNOASSAY","LAB_SPECIFICATION_REQUIRED","P1",1,"TRUE",0,"FALSE","FALSE",0,"ELISA/Flow/Functional assay as validated","Serum / Whole Blood as applicable","RATE_PENDING","NUMERIC_RANGE_MISSING; RATE_MISSING"
"IMM-0092","Serum Immunoglobulin Electrophoresis","Immunology","IMMUNOASSAY","LAB_SPECIFICATION_REQUIRED","P1",1,"TRUE",0,"FALSE","FALSE",0,"ELISA/Flow/Functional assay as validated","Serum / Whole Blood as applicable","RATE_PENDING","NUMERIC_RANGE_MISSING; RATE_MISSING"
"MIC-0001","Gram Stain","Microbiology","MANUAL_MICROSCOPY","LAB_SPECIFICATION_REQUIRED","P1",1,"FALSE",0,"TRUE","FALSE",0,"Microscopy","Clinical specimen as specified","200.00","QUALITATIVE_OPTIONS_MISSING"
"MIC-0002","AFB Smear by Ziehl-Neelsen","Microbiology","NUMERIC_ANALYTE","LAB_SPECIFICATION_REQUIRED","P1",1,"TRUE",0,"FALSE","FALSE",0,"Microscopy","Clinical specimen as specified","200.00","NUMERIC_RANGE_MISSING"
"MIC-0003","AFB Smear by Fluorescent Stain","Microbiology","NUMERIC_ANALYTE","LAB_SPECIFICATION_REQUIRED","P1",1,"TRUE",0,"FALSE","FALSE",0,"Fluorescence microscopy","Clinical specimen as specified","RATE_PENDING","NUMERIC_RANGE_MISSING; RATE_MISSING"
"MIC-0004","KOH Mount","Microbiology","MANUAL_MICROSCOPY","LAB_SPECIFICATION_REQUIRED","P1",1,"FALSE",0,"TRUE","FALSE",0,"Microscopy","Clinical specimen as specified","400.00","QUALITATIVE_OPTIONS_MISSING"
"MIC-0005","India Ink Preparation","Microbiology","NUMERIC_ANALYTE","LAB_SPECIFICATION_REQUIRED","P1",1,"TRUE",0,"FALSE","FALSE",0,"Microscopy","Clinical specimen as specified","RATE_PENDING","NUMERIC_RANGE_MISSING; RATE_MISSING"
"MIC-0006","Wet Mount","Microbiology","MANUAL_MICROSCOPY","LAB_SPECIFICATION_REQUIRED","P1",1,"FALSE",0,"TRUE","FALSE",0,"Microscopy","Clinical specimen as specified","RATE_PENDING","QUALITATIVE_OPTIONS_MISSING; RATE_MISSING"
"MIC-0007","Albert Stain","Microbiology","NUMERIC_ANALYTE","LAB_SPECIFICATION_REQUIRED","P1",1,"TRUE",0,"FALSE","FALSE",0,"Microscopy","Clinical specimen as specified","RATE_PENDING","NUMERIC_RANGE_MISSING; RATE_MISSING"
"MIC-0008","Modified Acid Fast Stain","Microbiology","MICROBIOLOGY_CULTURE","WORKFLOW_REQUIRED","P1",1,"FALSE",0,"FALSE","FALSE",0,"Microscopy","Clinical specimen as specified","RATE_PENDING","CULTURE_WORKFLOW_MISSING; RATE_MISSING"
"MIC-0009","Lactophenol Cotton Blue Mount","Microbiology","NUMERIC_ANALYTE","LAB_SPECIFICATION_REQUIRED","P1",1,"TRUE",0,"FALSE","FALSE",0,"Microscopy","Clinical specimen as specified","RATE_PENDING","NUMERIC_RANGE_MISSING; RATE_MISSING"
"MIC-0010","Blood Culture & Sensitivity","Microbiology","MICROBIOLOGY_CULTURE","WORKFLOW_REQUIRED","P1",1,"FALSE",0,"FALSE","FALSE",0,"Culture, identification, AST per validated SOP","Blood","RATE_PENDING","CULTURE_WORKFLOW_MISSING; RATE_MISSING"
"MIC-0011","Urine Culture & Sensitivity","Microbiology","MICROBIOLOGY_CULTURE","WORKFLOW_REQUIRED","P1",1,"FALSE",0,"FALSE","FALSE",0,"Culture, identification, AST per validated SOP","Urine","500.00","CULTURE_WORKFLOW_MISSING"
"MIC-0012","Stool Culture & Sensitivity","Microbiology","MICROBIOLOGY_CULTURE","WORKFLOW_REQUIRED","P1",1,"FALSE",0,"FALSE","FALSE",0,"Culture, identification, AST per validated SOP","Stool","600.00","CULTURE_WORKFLOW_MISSING"
"MIC-0013","Sputum Culture & Sensitivity","Microbiology","MICROBIOLOGY_CULTURE","WORKFLOW_REQUIRED","P1",1,"FALSE",0,"FALSE","FALSE",0,"Culture, identification, AST per validated SOP","Sputum","RATE_PENDING","CULTURE_WORKFLOW_MISSING; RATE_MISSING"
"MIC-0014","Pus/Wound Swab Culture & Sensitivity","Microbiology","MICROBIOLOGY_CULTURE","WORKFLOW_REQUIRED","P1",1,"FALSE",0,"FALSE","FALSE",0,"Culture, identification, AST per validated SOP","Pus/Wound Swab","RATE_PENDING","CULTURE_WORKFLOW_MISSING; RATE_MISSING"
"MIC-0015","Throat Swab Culture & Sensitivity","Microbiology","MICROBIOLOGY_CULTURE","WORKFLOW_REQUIRED","P1",1,"FALSE",0,"FALSE","FALSE",0,"Culture, identification, AST per validated SOP","Throat Swab","RATE_PENDING","CULTURE_WORKFLOW_MISSING; RATE_MISSING"
"MIC-0016","Nasal Swab Culture & Sensitivity","Microbiology","MICROBIOLOGY_CULTURE","WORKFLOW_REQUIRED","P1",1,"FALSE",0,"FALSE","FALSE",0,"Culture, identification, AST per validated SOP","Nasal Swab","RATE_PENDING","CULTURE_WORKFLOW_MISSING; RATE_MISSING"
"MIC-0017","Ear Swab Culture & Sensitivity","Microbiology","MICROBIOLOGY_CULTURE","WORKFLOW_REQUIRED","P1",1,"FALSE",0,"FALSE","FALSE",0,"Culture, identification, AST per validated SOP","Ear Swab","RATE_PENDING","CULTURE_WORKFLOW_MISSING; RATE_MISSING"
"MIC-0018","Eye/Conjunctival Swab Culture & Sensitivity","Microbiology","MICROBIOLOGY_CULTURE","WORKFLOW_REQUIRED","P1",1,"FALSE",0,"FALSE","FALSE",0,"Culture, identification, AST per validated SOP","Eye/Conjunctival Swab","RATE_PENDING","CULTURE_WORKFLOW_MISSING; RATE_MISSING"
"MIC-0019","CSF Culture & Sensitivity","Microbiology","MICROBIOLOGY_CULTURE","WORKFLOW_REQUIRED","P1",1,"FALSE",0,"FALSE","FALSE",0,"Culture, identification, AST per validated SOP","CSF","RATE_PENDING","CULTURE_WORKFLOW_MISSING; RATE_MISSING"
"MIC-0020","Pleural Fluid Culture & Sensitivity","Microbiology","MICROBIOLOGY_CULTURE","WORKFLOW_REQUIRED","P1",1,"FALSE",0,"FALSE","FALSE",0,"Culture, identification, AST per validated SOP","Pleural Fluid","RATE_PENDING","CULTURE_WORKFLOW_MISSING; RATE_MISSING"
"MIC-0021","Ascitic Fluid Culture & Sensitivity","Microbiology","MICROBIOLOGY_CULTURE","WORKFLOW_REQUIRED","P1",1,"FALSE",0,"FALSE","FALSE",0,"Culture, identification, AST per validated SOP","Ascitic Fluid","RATE_PENDING","CULTURE_WORKFLOW_MISSING; RATE_MISSING"
"MIC-0022","Pericardial Fluid Culture & Sensitivity","Microbiology","MICROBIOLOGY_CULTURE","WORKFLOW_REQUIRED","P1",1,"FALSE",0,"FALSE","FALSE",0,"Culture, identification, AST per validated SOP","Pericardial Fluid","RATE_PENDING","CULTURE_WORKFLOW_MISSING; RATE_MISSING"
"MIC-0023","Synovial Fluid Culture & Sensitivity","Microbiology","MICROBIOLOGY_CULTURE","WORKFLOW_REQUIRED","P1",1,"FALSE",0,"FALSE","FALSE",0,"Culture, identification, AST per validated SOP","Synovial Fluid","RATE_PENDING","CULTURE_WORKFLOW_MISSING; RATE_MISSING"
"MIC-0024","High Vaginal Swab Culture & Sensitivity","Microbiology","MICROBIOLOGY_CULTURE","WORKFLOW_REQUIRED","P1",1,"FALSE",0,"FALSE","FALSE",0,"Culture, identification, AST per validated SOP","High Vaginal Swab","RATE_PENDING","CULTURE_WORKFLOW_MISSING; RATE_MISSING"
"MIC-0025","Endocervical Swab Culture & Sensitivity","Microbiology","MICROBIOLOGY_CULTURE","WORKFLOW_REQUIRED","P1",1,"FALSE",0,"FALSE","FALSE",0,"Culture, identification, AST per validated SOP","Endocervical Swab","RATE_PENDING","CULTURE_WORKFLOW_MISSING; RATE_MISSING"
"MIC-0026","Urethral Swab Culture & Sensitivity","Microbiology","MICROBIOLOGY_CULTURE","WORKFLOW_REQUIRED","P1",1,"FALSE",0,"FALSE","FALSE",0,"Culture, identification, AST per validated SOP","Urethral Swab","RATE_PENDING","CULTURE_WORKFLOW_MISSING; RATE_MISSING"
"MIC-0027","Semen Culture & Sensitivity","Microbiology","MICROBIOLOGY_CULTURE","WORKFLOW_REQUIRED","P1",1,"FALSE",0,"FALSE","FALSE",0,"Culture, identification, AST per validated SOP","Semen","RATE_PENDING","CULTURE_WORKFLOW_MISSING; RATE_MISSING"
"MIC-0028","Prostatic Secretion Culture & Sensitivity","Microbiology","MICROBIOLOGY_CULTURE","WORKFLOW_REQUIRED","P1",1,"FALSE",0,"FALSE","FALSE",0,"Culture, identification, AST per validated SOP","Prostatic Secretion","RATE_PENDING","CULTURE_WORKFLOW_MISSING; RATE_MISSING"
"MIC-0029","Catheter Tip Culture & Sensitivity","Microbiology","MICROBIOLOGY_CULTURE","WORKFLOW_REQUIRED","P1",1,"FALSE",0,"FALSE","FALSE",0,"Culture, identification, AST per validated SOP","Catheter Tip","RATE_PENDING","CULTURE_WORKFLOW_MISSING; RATE_MISSING"
"MIC-0030","Drain Fluid Culture & Sensitivity","Microbiology","MICROBIOLOGY_CULTURE","WORKFLOW_REQUIRED","P1",1,"FALSE",0,"FALSE","FALSE",0,"Culture, identification, AST per validated SOP","Drain Fluid","RATE_PENDING","CULTURE_WORKFLOW_MISSING; RATE_MISSING"
"MIC-0031","Tissue Culture & Sensitivity","Microbiology","MICROBIOLOGY_CULTURE","WORKFLOW_REQUIRED","P1",1,"FALSE",0,"FALSE","FALSE",0,"Culture, identification, AST per validated SOP","Tissue","RATE_PENDING","CULTURE_WORKFLOW_MISSING; RATE_MISSING"
"MIC-0032","Bone Culture & Sensitivity","Microbiology","MICROBIOLOGY_CULTURE","WORKFLOW_REQUIRED","P1",1,"FALSE",0,"FALSE","FALSE",0,"Culture, identification, AST per validated SOP","Bone","RATE_PENDING","CULTURE_WORKFLOW_MISSING; RATE_MISSING"
"MIC-0033","Bile Culture & Sensitivity","Microbiology","MICROBIOLOGY_CULTURE","WORKFLOW_REQUIRED","P1",1,"FALSE",0,"FALSE","FALSE",0,"Culture, identification, AST per validated SOP","Bile","RATE_PENDING","CULTURE_WORKFLOW_MISSING; RATE_MISSING"
"MIC-0034","Bronchoalveolar Lavage Culture & Sensitivity","Microbiology","MICROBIOLOGY_CULTURE","WORKFLOW_REQUIRED","P1",1,"FALSE",0,"FALSE","FALSE",0,"Culture, identification, AST per validated SOP","Bronchoalveolar Lavage","RATE_PENDING","CULTURE_WORKFLOW_MISSING; RATE_MISSING"
"MIC-0035","Tracheal Aspirate Culture & Sensitivity","Microbiology","MICROBIOLOGY_CULTURE","WORKFLOW_REQUIRED","P1",1,"FALSE",0,"FALSE","FALSE",0,"Culture, identification, AST per validated SOP","Tracheal Aspirate","RATE_PENDING","CULTURE_WORKFLOW_MISSING; RATE_MISSING"
"MIC-0036","Endotracheal Aspirate Culture & Sensitivity","Microbiology","MICROBIOLOGY_CULTURE","WORKFLOW_REQUIRED","P1",1,"FALSE",0,"FALSE","FALSE",0,"Culture, identification, AST per validated SOP","Endotracheal Aspirate","RATE_PENDING","CULTURE_WORKFLOW_MISSING; RATE_MISSING"
"MIC-0037","Placental Tissue Culture & Sensitivity","Microbiology","MICROBIOLOGY_CULTURE","WORKFLOW_REQUIRED","P1",1,"FALSE",0,"FALSE","FALSE",0,"Culture, identification, AST per validated SOP","Placental Tissue","RATE_PENDING","CULTURE_WORKFLOW_MISSING; RATE_MISSING"
"MIC-0038","Umbilical Swab Culture & Sensitivity","Microbiology","MICROBIOLOGY_CULTURE","WORKFLOW_REQUIRED","P1",1,"FALSE",0,"FALSE","FALSE",0,"Culture, identification, AST per validated SOP","Umbilical Swab","RATE_PENDING","CULTURE_WORKFLOW_MISSING; RATE_MISSING"
"MIC-0039","Breast Milk Culture & Sensitivity","Microbiology","MICROBIOLOGY_CULTURE","WORKFLOW_REQUIRED","P1",1,"FALSE",0,"FALSE","FALSE",0,"Culture, identification, AST per validated SOP","Breast Milk","RATE_PENDING","CULTURE_WORKFLOW_MISSING; RATE_MISSING"
"MIC-0040","Sputum Mycobacterial Culture","Microbiology","MICROBIOLOGY_CULTURE","WORKFLOW_REQUIRED","P1",1,"FALSE",0,"FALSE","FALSE",0,"Liquid/Solid mycobacterial culture","Sputum","RATE_PENDING","CULTURE_WORKFLOW_MISSING; RATE_MISSING"
"MIC-0041","BAL Mycobacterial Culture","Microbiology","MICROBIOLOGY_CULTURE","WORKFLOW_REQUIRED","P1",1,"FALSE",0,"FALSE","FALSE",0,"Liquid/Solid mycobacterial culture","BAL","RATE_PENDING","CULTURE_WORKFLOW_MISSING; RATE_MISSING"
"MIC-0042","Tissue Mycobacterial Culture","Microbiology","MICROBIOLOGY_CULTURE","WORKFLOW_REQUIRED","P1",1,"FALSE",0,"FALSE","FALSE",0,"Liquid/Solid mycobacterial culture","Tissue","RATE_PENDING","CULTURE_WORKFLOW_MISSING; RATE_MISSING"
"MIC-0043","CSF Mycobacterial Culture","Microbiology","MICROBIOLOGY_CULTURE","WORKFLOW_REQUIRED","P1",1,"FALSE",0,"FALSE","FALSE",0,"Liquid/Solid mycobacterial culture","CSF","RATE_PENDING","CULTURE_WORKFLOW_MISSING; RATE_MISSING"
"MIC-0044","Urine Mycobacterial Culture","Microbiology","MICROBIOLOGY_CULTURE","WORKFLOW_REQUIRED","P1",1,"FALSE",0,"FALSE","FALSE",0,"Liquid/Solid mycobacterial culture","Urine","RATE_PENDING","CULTURE_WORKFLOW_MISSING; RATE_MISSING"
"MIC-0045","Pus Mycobacterial Culture","Microbiology","MICROBIOLOGY_CULTURE","WORKFLOW_REQUIRED","P1",1,"FALSE",0,"FALSE","FALSE",0,"Liquid/Solid mycobacterial culture","Pus","RATE_PENDING","CULTURE_WORKFLOW_MISSING; RATE_MISSING"
"MIC-0046","Lymph Node Aspirate Mycobacterial Culture","Microbiology","MICROBIOLOGY_CULTURE","WORKFLOW_REQUIRED","P1",1,"FALSE",0,"FALSE","FALSE",0,"Liquid/Solid mycobacterial culture","Lymph Node Aspirate","RATE_PENDING","CULTURE_WORKFLOW_MISSING; RATE_MISSING"
"MIC-0047","Skin Scraping Fungal Culture","Microbiology","MICROBIOLOGY_CULTURE","WORKFLOW_REQUIRED","P1",1,"FALSE",0,"FALSE","FALSE",0,"Fungal culture and identification","Skin Scraping","RATE_PENDING","CULTURE_WORKFLOW_MISSING; RATE_MISSING"
"MIC-0048","Nail Clipping Fungal Culture","Microbiology","MICROBIOLOGY_CULTURE","WORKFLOW_REQUIRED","P1",1,"FALSE",0,"FALSE","FALSE",0,"Fungal culture and identification","Nail Clipping","RATE_PENDING","CULTURE_WORKFLOW_MISSING; RATE_MISSING"
"MIC-0049","Hair Fungal Culture","Microbiology","MICROBIOLOGY_CULTURE","WORKFLOW_REQUIRED","P1",1,"FALSE",0,"FALSE","FALSE",0,"Fungal culture and identification","Hair","RATE_PENDING","CULTURE_WORKFLOW_MISSING; RATE_MISSING"
"MIC-0050","Sputum Fungal Culture","Microbiology","MICROBIOLOGY_CULTURE","WORKFLOW_REQUIRED","P1",1,"FALSE",0,"FALSE","FALSE",0,"Fungal culture and identification","Sputum","RATE_PENDING","CULTURE_WORKFLOW_MISSING; RATE_MISSING"
"MIC-0051","BAL Fungal Culture","Microbiology","MICROBIOLOGY_CULTURE","WORKFLOW_REQUIRED","P1",1,"FALSE",0,"FALSE","FALSE",0,"Fungal culture and identification","BAL","RATE_PENDING","CULTURE_WORKFLOW_MISSING; RATE_MISSING"
"MIC-0052","Tissue Fungal Culture","Microbiology","MICROBIOLOGY_CULTURE","WORKFLOW_REQUIRED","P1",1,"FALSE",0,"FALSE","FALSE",0,"Fungal culture and identification","Tissue","RATE_PENDING","CULTURE_WORKFLOW_MISSING; RATE_MISSING"
"MIC-0053","Blood Fungal Culture","Microbiology","MICROBIOLOGY_CULTURE","WORKFLOW_REQUIRED","P1",1,"FALSE",0,"FALSE","FALSE",0,"Fungal culture and identification","Blood","RATE_PENDING","CULTURE_WORKFLOW_MISSING; RATE_MISSING"
"MIC-0054","Urine Fungal Culture","Microbiology","MICROBIOLOGY_CULTURE","WORKFLOW_REQUIRED","P1",1,"FALSE",0,"FALSE","FALSE",0,"Fungal culture and identification","Urine","RATE_PENDING","CULTURE_WORKFLOW_MISSING; RATE_MISSING"
"MIC-0055","CSF Fungal Culture","Microbiology","MICROBIOLOGY_CULTURE","WORKFLOW_REQUIRED","P1",1,"FALSE",0,"FALSE","FALSE",0,"Fungal culture and identification","CSF","RATE_PENDING","CULTURE_WORKFLOW_MISSING; RATE_MISSING"
"MIC-0056","Vaginal Swab Fungal Culture","Microbiology","MICROBIOLOGY_CULTURE","WORKFLOW_REQUIRED","P1",1,"FALSE",0,"FALSE","FALSE",0,"Fungal culture and identification","Vaginal Swab","RATE_PENDING","CULTURE_WORKFLOW_MISSING; RATE_MISSING"
"MIC-0057","Anaerobic Culture & Sensitivity","Microbiology","MICROBIOLOGY_CULTURE","WORKFLOW_REQUIRED","P1",1,"FALSE",0,"FALSE","FALSE",0,"Culture/AST platform per SOP","Clinical specimen as specified","RATE_PENDING","CULTURE_WORKFLOW_MISSING; RATE_MISSING"
"MIC-0058","MRSA Screen Culture","Microbiology","MICROBIOLOGY_CULTURE","WORKFLOW_REQUIRED","P1",1,"FALSE",0,"FALSE","FALSE",0,"Culture/AST platform per SOP","Clinical specimen as specified","RATE_PENDING","CULTURE_WORKFLOW_MISSING; RATE_MISSING"
"MIC-0059","VRE Screen Culture","Microbiology","MICROBIOLOGY_CULTURE","WORKFLOW_REQUIRED","P1",1,"FALSE",0,"FALSE","FALSE",0,"Culture/AST platform per SOP","Clinical specimen as specified","RATE_PENDING","CULTURE_WORKFLOW_MISSING; RATE_MISSING"
"MIC-0060","ESBL Phenotypic Confirmation","Microbiology","NUMERIC_ANALYTE","LAB_SPECIFICATION_REQUIRED","P1",1,"TRUE",0,"FALSE","FALSE",0,"Culture/AST platform per SOP","Clinical specimen as specified","RATE_PENDING","NUMERIC_RANGE_MISSING; RATE_MISSING"
"MIC-0061","Carbapenemase Phenotypic Confirmation","Microbiology","NUMERIC_ANALYTE","LAB_SPECIFICATION_REQUIRED","P1",1,"TRUE",0,"FALSE","FALSE",0,"Culture/AST platform per SOP","Clinical specimen as specified","RATE_PENDING","NUMERIC_RANGE_MISSING; RATE_MISSING"
"MIC-0062","Colistin Susceptibility Test","Microbiology","NUMERIC_ANALYTE","LAB_SPECIFICATION_REQUIRED","P1",1,"TRUE",0,"FALSE","FALSE",0,"Culture/AST platform per SOP","Clinical specimen as specified","RATE_PENDING","NUMERIC_RANGE_MISSING; RATE_MISSING"
"MIC-0063","MIC by Broth Microdilution","Microbiology","NUMERIC_ANALYTE","LAB_SPECIFICATION_REQUIRED","P1",1,"TRUE",0,"FALSE","FALSE",0,"Culture/AST platform per SOP","Clinical specimen as specified","RATE_PENDING","NUMERIC_RANGE_MISSING; RATE_MISSING"
"MIC-0064","Automated Blood Culture","Microbiology","MICROBIOLOGY_CULTURE","WORKFLOW_REQUIRED","P1",1,"FALSE",0,"FALSE","FALSE",0,"Culture/AST platform per SOP","Clinical specimen as specified","RATE_PENDING","CULTURE_WORKFLOW_MISSING; RATE_MISSING"
"MIC-0065","Fungal Blood Culture","Microbiology","MICROBIOLOGY_CULTURE","WORKFLOW_REQUIRED","P1",1,"FALSE",0,"FALSE","FALSE",0,"Culture/AST platform per SOP","Clinical specimen as specified","RATE_PENDING","CULTURE_WORKFLOW_MISSING; RATE_MISSING"
"MIC-0066","Sterility Culture","Microbiology","MICROBIOLOGY_CULTURE","WORKFLOW_REQUIRED","P1",1,"FALSE",0,"FALSE","FALSE",0,"Culture/AST platform per SOP","Clinical specimen as specified","RATE_PENDING","CULTURE_WORKFLOW_MISSING; RATE_MISSING"
"MOL-0001","SARS-CoV-2 RT-PCR","Molecular Diagnostics","MOLECULAR_RESULT","LAB_SPECIFICATION_REQUIRED","P1",1,"FALSE",0,"TRUE","FALSE",0,"RT-PCR","Respiratory swab","RATE_PENDING","QUALITATIVE_OPTIONS_MISSING; RATE_MISSING"
"MOL-0002","Influenza A PCR","Molecular Diagnostics","MOLECULAR_RESULT","LAB_SPECIFICATION_REQUIRED","P1",1,"FALSE",0,"TRUE","FALSE",0,"RT-PCR","Respiratory swab","RATE_PENDING","QUALITATIVE_OPTIONS_MISSING; RATE_MISSING"
"MOL-0003","Influenza B PCR","Molecular Diagnostics","MOLECULAR_RESULT","LAB_SPECIFICATION_REQUIRED","P1",1,"FALSE",0,"TRUE","FALSE",0,"RT-PCR","Respiratory swab","RATE_PENDING","QUALITATIVE_OPTIONS_MISSING; RATE_MISSING"
"MOL-0004","RSV PCR","Molecular Diagnostics","MOLECULAR_RESULT","LAB_SPECIFICATION_REQUIRED","P1",1,"FALSE",0,"TRUE","FALSE",0,"RT-PCR","Respiratory swab","RATE_PENDING","QUALITATIVE_OPTIONS_MISSING; RATE_MISSING"
"MOL-0005","HBV DNA Quantitative","Molecular Diagnostics","MOLECULAR_RESULT","LAB_SPECIFICATION_REQUIRED","P1",1,"FALSE",0,"TRUE","FALSE",0,"Real-time PCR","EDTA Plasma","RATE_PENDING","QUALITATIVE_OPTIONS_MISSING; RATE_MISSING"
"MOL-0006","HCV RNA Quantitative","Molecular Diagnostics","MOLECULAR_RESULT","LAB_SPECIFICATION_REQUIRED","P1",1,"FALSE",0,"TRUE","FALSE",0,"Real-time RT-PCR","EDTA Plasma","RATE_PENDING","QUALITATIVE_OPTIONS_MISSING; RATE_MISSING"
"MOL-0007","HIV-1 RNA Viral Load","Molecular Diagnostics","MOLECULAR_RESULT","LAB_SPECIFICATION_REQUIRED","P1",1,"FALSE",0,"TRUE","FALSE",0,"Real-time RT-PCR","EDTA Plasma","RATE_PENDING","QUALITATIVE_OPTIONS_MISSING; RATE_MISSING"
"MOL-0008","CMV DNA Quantitative","Molecular Diagnostics","MOLECULAR_RESULT","LAB_SPECIFICATION_REQUIRED","P1",1,"FALSE",0,"TRUE","FALSE",0,"Real-time PCR","EDTA Plasma/Whole Blood","RATE_PENDING","QUALITATIVE_OPTIONS_MISSING; RATE_MISSING"
"MOL-0009","EBV DNA Quantitative","Molecular Diagnostics","MOLECULAR_RESULT","LAB_SPECIFICATION_REQUIRED","P1",1,"FALSE",0,"TRUE","FALSE",0,"Real-time PCR","EDTA Whole Blood/Plasma","RATE_PENDING","QUALITATIVE_OPTIONS_MISSING; RATE_MISSING"
"MOL-0010","BK Virus DNA Quantitative","Molecular Diagnostics","MOLECULAR_RESULT","LAB_SPECIFICATION_REQUIRED","P1",1,"FALSE",0,"TRUE","FALSE",0,"Real-time PCR","Plasma/Urine","RATE_PENDING","QUALITATIVE_OPTIONS_MISSING; RATE_MISSING"
"MOL-0011","JC Virus DNA PCR","Molecular Diagnostics","MOLECULAR_RESULT","LAB_SPECIFICATION_REQUIRED","P1",1,"FALSE",0,"TRUE","FALSE",0,"PCR","CSF/Plasma","RATE_PENDING","QUALITATIVE_OPTIONS_MISSING; RATE_MISSING"
"MOL-0012","HSV-1/2 DNA PCR","Molecular Diagnostics","MOLECULAR_RESULT","LAB_SPECIFICATION_REQUIRED","P1",1,"FALSE",0,"TRUE","FALSE",0,"PCR","CSF/Lesion swab","RATE_PENDING","QUALITATIVE_OPTIONS_MISSING; RATE_MISSING"
"MOL-0013","VZV DNA PCR","Molecular Diagnostics","MOLECULAR_RESULT","LAB_SPECIFICATION_REQUIRED","P1",1,"FALSE",0,"TRUE","FALSE",0,"PCR","CSF/Lesion swab","RATE_PENDING","QUALITATIVE_OPTIONS_MISSING; RATE_MISSING"
"MOL-0014","HPV DNA (High Risk PCR)","Molecular Diagnostics","MOLECULAR_RESULT","LAB_SPECIFICATION_REQUIRED","P1",1,"FALSE",0,"TRUE","FALSE",0,"PCR/Hybrid capture","Cervical specimen","4500.00","QUALITATIVE_OPTIONS_MISSING"
"MOL-0015","HPV Genotyping","Molecular Diagnostics","MOLECULAR_RESULT","LAB_SPECIFICATION_REQUIRED","P1",1,"FALSE",0,"TRUE","FALSE",0,"PCR","Cervical specimen","RATE_PENDING","QUALITATIVE_OPTIONS_MISSING; RATE_MISSING"
"MOL-0016","Chlamydia trachomatis NAAT","Molecular Diagnostics","MOLECULAR_RESULT","LAB_SPECIFICATION_REQUIRED","P1",1,"FALSE",0,"TRUE","FALSE",0,"NAAT","Urine/Swab","RATE_PENDING","QUALITATIVE_OPTIONS_MISSING; RATE_MISSING"
"MOL-0017","Neisseria gonorrhoeae NAAT","Molecular Diagnostics","MOLECULAR_RESULT","LAB_SPECIFICATION_REQUIRED","P1",1,"FALSE",0,"TRUE","FALSE",0,"NAAT","Urine/Swab","RATE_PENDING","QUALITATIVE_OPTIONS_MISSING; RATE_MISSING"
"MOL-0018","Trichomonas vaginalis NAAT","Molecular Diagnostics","MOLECULAR_RESULT","LAB_SPECIFICATION_REQUIRED","P1",1,"FALSE",0,"TRUE","FALSE",0,"NAAT","Urine/Swab","RATE_PENDING","QUALITATIVE_OPTIONS_MISSING; RATE_MISSING"
"MOL-0019","Mycoplasma genitalium NAAT","Molecular Diagnostics","MOLECULAR_RESULT","LAB_SPECIFICATION_REQUIRED","P1",1,"FALSE",0,"TRUE","FALSE",0,"NAAT","Urine/Swab","RATE_PENDING","QUALITATIVE_OPTIONS_MISSING; RATE_MISSING"
"MOL-0020","TB MTB/RIF Molecular Test","Molecular Diagnostics","MOLECULAR_RESULT","LAB_SPECIFICATION_REQUIRED","P1",1,"FALSE",0,"TRUE","FALSE",0,"Cartridge NAAT","Sputum/Clinical specimen","RATE_PENDING","QUALITATIVE_OPTIONS_MISSING; RATE_MISSING"
"MOL-0021","MTB PCR","Molecular Diagnostics","MOLECULAR_RESULT","LAB_SPECIFICATION_REQUIRED","P1",1,"FALSE",0,"TRUE","FALSE",0,"Real-time PCR","Clinical specimen","RATE_PENDING","QUALITATIVE_OPTIONS_MISSING; RATE_MISSING"
"MOL-0022","TB Drug Resistance Molecular Panel","Molecular Diagnostics","MOLECULAR_RESULT","LAB_SPECIFICATION_REQUIRED","P1",1,"FALSE",0,"TRUE","FALSE",0,"Line probe/PCR","Sputum/Culture isolate","RATE_PENDING","QUALITATIVE_OPTIONS_MISSING; RATE_MISSING"
"MOL-0023","Malaria PCR","Molecular Diagnostics","MOLECULAR_RESULT","LAB_SPECIFICATION_REQUIRED","P1",1,"FALSE",0,"TRUE","FALSE",0,"PCR","Whole Blood","RATE_PENDING","QUALITATIVE_OPTIONS_MISSING; RATE_MISSING"
"MOL-0024","Dengue RT-PCR","Molecular Diagnostics","MOLECULAR_RESULT","LAB_SPECIFICATION_REQUIRED","P1",1,"FALSE",0,"TRUE","FALSE",0,"RT-PCR","Serum","RATE_PENDING","QUALITATIVE_OPTIONS_MISSING; RATE_MISSING"
"MOL-0025","Chikungunya RT-PCR","Molecular Diagnostics","MOLECULAR_RESULT","LAB_SPECIFICATION_REQUIRED","P1",1,"FALSE",0,"TRUE","FALSE",0,"RT-PCR","Serum","RATE_PENDING","QUALITATIVE_OPTIONS_MISSING; RATE_MISSING"
"MOL-0026","Scrub Typhus PCR","Molecular Diagnostics","MOLECULAR_RESULT","LAB_SPECIFICATION_REQUIRED","P1",1,"FALSE",0,"TRUE","FALSE",0,"PCR","Whole Blood","RATE_PENDING","QUALITATIVE_OPTIONS_MISSING; RATE_MISSING"
"MOL-0027","Leptospira PCR","Molecular Diagnostics","MOLECULAR_RESULT","LAB_SPECIFICATION_REQUIRED","P1",1,"FALSE",0,"TRUE","FALSE",0,"PCR","Whole Blood/Urine","RATE_PENDING","QUALITATIVE_OPTIONS_MISSING; RATE_MISSING"
"MOL-0028","BCR-ABL1 Quantitative PCR","Molecular Diagnostics","MOLECULAR_RESULT","LAB_SPECIFICATION_REQUIRED","P1",1,"FALSE",0,"TRUE","FALSE",0,"RT-qPCR","EDTA Blood/Bone Marrow","RATE_PENDING","QUALITATIVE_OPTIONS_MISSING; RATE_MISSING"
"MOL-0029","JAK2 V617F Mutation","Molecular Diagnostics","MOLECULAR_RESULT","LAB_SPECIFICATION_REQUIRED","P1",1,"FALSE",0,"TRUE","FALSE",0,"PCR","EDTA Blood/Bone Marrow","RATE_PENDING","QUALITATIVE_OPTIONS_MISSING; RATE_MISSING"
"MOL-0030","JAK2 Exon 12 Mutation","Molecular Diagnostics","MOLECULAR_RESULT","LAB_SPECIFICATION_REQUIRED","P1",1,"FALSE",0,"TRUE","FALSE",0,"PCR/Sequencing","EDTA Blood/Bone Marrow","RATE_PENDING","QUALITATIVE_OPTIONS_MISSING; RATE_MISSING"
"MOL-0031","CALR Mutation","Molecular Diagnostics","MOLECULAR_RESULT","LAB_SPECIFICATION_REQUIRED","P1",1,"FALSE",0,"TRUE","FALSE",0,"PCR/Sequencing","EDTA Blood/Bone Marrow","RATE_PENDING","QUALITATIVE_OPTIONS_MISSING; RATE_MISSING"
"MOL-0032","MPL Mutation","Molecular Diagnostics","MOLECULAR_RESULT","LAB_SPECIFICATION_REQUIRED","P1",1,"FALSE",0,"TRUE","FALSE",0,"PCR/Sequencing","EDTA Blood/Bone Marrow","RATE_PENDING","QUALITATIVE_OPTIONS_MISSING; RATE_MISSING"
"MOL-0033","FLT3 ITD/TKD","Molecular Diagnostics","MOLECULAR_RESULT","LAB_SPECIFICATION_REQUIRED","P1",1,"FALSE",0,"TRUE","FALSE",0,"PCR","EDTA Blood/Bone Marrow","RATE_PENDING","QUALITATIVE_OPTIONS_MISSING; RATE_MISSING"
"MOL-0034","NPM1 Mutation","Molecular Diagnostics","MOLECULAR_RESULT","LAB_SPECIFICATION_REQUIRED","P1",1,"FALSE",0,"TRUE","FALSE",0,"PCR","EDTA Blood/Bone Marrow","RATE_PENDING","QUALITATIVE_OPTIONS_MISSING; RATE_MISSING"
"MOL-0035","PML-RARA Fusion","Molecular Diagnostics","MOLECULAR_RESULT","LAB_SPECIFICATION_REQUIRED","P1",1,"FALSE",0,"TRUE","FALSE",0,"RT-PCR","EDTA Blood/Bone Marrow","RATE_PENDING","QUALITATIVE_OPTIONS_MISSING; RATE_MISSING"
"MOL-0036","RUNX1-RUNX1T1 Fusion","Molecular Diagnostics","MOLECULAR_RESULT","LAB_SPECIFICATION_REQUIRED","P1",1,"FALSE",0,"TRUE","FALSE",0,"RT-PCR","EDTA Blood/Bone Marrow","RATE_PENDING","QUALITATIVE_OPTIONS_MISSING; RATE_MISSING"
"MOL-0037","CBFB-MYH11 Fusion","Molecular Diagnostics","MOLECULAR_RESULT","LAB_SPECIFICATION_REQUIRED","P1",1,"FALSE",0,"TRUE","FALSE",0,"RT-PCR","EDTA Blood/Bone Marrow","RATE_PENDING","QUALITATIVE_OPTIONS_MISSING; RATE_MISSING"
"MOL-0038","EGFR Mutation Panel","Molecular Diagnostics","MOLECULAR_RESULT","LAB_SPECIFICATION_REQUIRED","P1",1,"FALSE",0,"TRUE","FALSE",0,"PCR/NGS","FFPE tissue/Plasma","RATE_PENDING","QUALITATIVE_OPTIONS_MISSING; RATE_MISSING"
"MOL-0039","KRAS Mutation","Molecular Diagnostics","MOLECULAR_RESULT","LAB_SPECIFICATION_REQUIRED","P1",1,"FALSE",0,"TRUE","FALSE",0,"PCR/NGS","FFPE tissue/Plasma","RATE_PENDING","QUALITATIVE_OPTIONS_MISSING; RATE_MISSING"
"MOL-0040","NRAS Mutation","Molecular Diagnostics","MOLECULAR_RESULT","LAB_SPECIFICATION_REQUIRED","P1",1,"FALSE",0,"TRUE","FALSE",0,"PCR/NGS","FFPE tissue","RATE_PENDING","QUALITATIVE_OPTIONS_MISSING; RATE_MISSING"
"MOL-0041","BRAF V600 Mutation","Molecular Diagnostics","MOLECULAR_RESULT","LAB_SPECIFICATION_REQUIRED","P1",1,"FALSE",0,"TRUE","FALSE",0,"PCR/NGS","FFPE tissue/Plasma","RATE_PENDING","QUALITATIVE_OPTIONS_MISSING; RATE_MISSING"
"MOL-0042","PIK3CA Mutation","Molecular Diagnostics","MOLECULAR_RESULT","LAB_SPECIFICATION_REQUIRED","P1",1,"FALSE",0,"TRUE","FALSE",0,"PCR/NGS","FFPE tissue","RATE_PENDING","QUALITATIVE_OPTIONS_MISSING; RATE_MISSING"
"MOL-0043","ALK Rearrangement","Molecular Diagnostics","MOLECULAR_RESULT","LAB_SPECIFICATION_REQUIRED","P1",1,"FALSE",0,"TRUE","FALSE",0,"FISH/NGS","FFPE tissue","RATE_PENDING","QUALITATIVE_OPTIONS_MISSING; RATE_MISSING"
"MOL-0044","ROS1 Rearrangement","Molecular Diagnostics","MOLECULAR_RESULT","LAB_SPECIFICATION_REQUIRED","P1",1,"FALSE",0,"TRUE","FALSE",0,"FISH/NGS","FFPE tissue","RATE_PENDING","QUALITATIVE_OPTIONS_MISSING; RATE_MISSING"
"MOL-0045","RET Rearrangement","Molecular Diagnostics","MOLECULAR_RESULT","LAB_SPECIFICATION_REQUIRED","P1",1,"FALSE",0,"TRUE","FALSE",0,"FISH/NGS","FFPE tissue","RATE_PENDING","QUALITATIVE_OPTIONS_MISSING; RATE_MISSING"
"MOL-0046","NTRK Fusion","Molecular Diagnostics","MOLECULAR_RESULT","LAB_SPECIFICATION_REQUIRED","P1",1,"FALSE",0,"TRUE","FALSE",0,"NGS","FFPE tissue","RATE_PENDING","QUALITATIVE_OPTIONS_MISSING; RATE_MISSING"
"MOL-0047","HER2 Amplification by ISH","Molecular Diagnostics","MOLECULAR_RESULT","LAB_SPECIFICATION_REQUIRED","P1",1,"FALSE",0,"TRUE","FALSE",0,"FISH/SISH","FFPE tissue","RATE_PENDING","QUALITATIVE_OPTIONS_MISSING; RATE_MISSING"
"MOL-0048","MSI Testing","Molecular Diagnostics","MOLECULAR_RESULT","LAB_SPECIFICATION_REQUIRED","P1",1,"FALSE",0,"TRUE","FALSE",0,"PCR/NGS","FFPE tissue","RATE_PENDING","QUALITATIVE_OPTIONS_MISSING; RATE_MISSING"
"MOL-0049","Tumor Mutational Burden","Molecular Diagnostics","MOLECULAR_RESULT","LAB_SPECIFICATION_REQUIRED","P1",1,"FALSE",0,"TRUE","FALSE",0,"NGS","FFPE tissue","RATE_PENDING","QUALITATIVE_OPTIONS_MISSING; RATE_MISSING"
"MOL-0050","BRCA1/BRCA2 Germline","Molecular Diagnostics","MOLECULAR_RESULT","LAB_SPECIFICATION_REQUIRED","P1",1,"FALSE",0,"TRUE","FALSE",0,"NGS","EDTA Blood","RATE_PENDING","QUALITATIVE_OPTIONS_MISSING; RATE_MISSING"
"MOL-0051","BRCA1/BRCA2 Somatic","Molecular Diagnostics","MOLECULAR_RESULT","LAB_SPECIFICATION_REQUIRED","P1",1,"FALSE",0,"TRUE","FALSE",0,"NGS","FFPE tissue","RATE_PENDING","QUALITATIVE_OPTIONS_MISSING; RATE_MISSING"
"MOL-0052","MLH1 Promoter Methylation","Molecular Diagnostics","MOLECULAR_RESULT","LAB_SPECIFICATION_REQUIRED","P1",1,"FALSE",0,"TRUE","FALSE",0,"Methylation PCR","FFPE tissue","RATE_PENDING","QUALITATIVE_OPTIONS_MISSING; RATE_MISSING"
"MOL-0053","Norovirus PCR","Molecular Diagnostics","MOLECULAR_RESULT","LAB_SPECIFICATION_REQUIRED","P1",1,"FALSE",0,"TRUE","FALSE",0,"PCR/RT-PCR/Multiplex NAAT","Clinical specimen as specified","RATE_PENDING","QUALITATIVE_OPTIONS_MISSING; RATE_MISSING"
"MOL-0054","Rotavirus PCR","Molecular Diagnostics","MOLECULAR_RESULT","LAB_SPECIFICATION_REQUIRED","P1",1,"FALSE",0,"TRUE","FALSE",0,"PCR/RT-PCR/Multiplex NAAT","Clinical specimen as specified","RATE_PENDING","QUALITATIVE_OPTIONS_MISSING; RATE_MISSING"
"MOL-0055","Adenovirus PCR - Stool","Molecular Diagnostics","MOLECULAR_RESULT","LAB_SPECIFICATION_REQUIRED","P1",1,"FALSE",0,"TRUE","FALSE",0,"PCR/RT-PCR/Multiplex NAAT","Clinical specimen as specified","RATE_PENDING","QUALITATIVE_OPTIONS_MISSING; RATE_MISSING"
"MOL-0056","Enteric Bacterial PCR Panel","Molecular Diagnostics","MOLECULAR_RESULT","LAB_SPECIFICATION_REQUIRED","P1",1,"FALSE",0,"TRUE","FALSE",0,"PCR/RT-PCR/Multiplex NAAT","Clinical specimen as specified","RATE_PENDING","QUALITATIVE_OPTIONS_MISSING; RATE_MISSING"
"MOL-0057","GI Pathogen Multiplex PCR Panel","Molecular Diagnostics","MOLECULAR_RESULT","LAB_SPECIFICATION_REQUIRED","P1",1,"FALSE",0,"TRUE","FALSE",0,"PCR/RT-PCR/Multiplex NAAT","Clinical specimen as specified","RATE_PENDING","QUALITATIVE_OPTIONS_MISSING; RATE_MISSING"
"MOL-0058","Meningitis/Encephalitis Multiplex PCR Panel","Molecular Diagnostics","MOLECULAR_RESULT","LAB_SPECIFICATION_REQUIRED","P1",1,"FALSE",0,"TRUE","FALSE",0,"PCR/RT-PCR/Multiplex NAAT","Clinical specimen as specified","RATE_PENDING","QUALITATIVE_OPTIONS_MISSING; RATE_MISSING"
"MOL-0059","Respiratory Pathogen Multiplex PCR Panel","Molecular Diagnostics","MOLECULAR_RESULT","LAB_SPECIFICATION_REQUIRED","P1",1,"FALSE",0,"TRUE","FALSE",0,"PCR/RT-PCR/Multiplex NAAT","Clinical specimen as specified","RATE_PENDING","QUALITATIVE_OPTIONS_MISSING; RATE_MISSING"
"MOL-0060","Pneumocystis jirovecii PCR","Molecular Diagnostics","MOLECULAR_RESULT","LAB_SPECIFICATION_REQUIRED","P1",1,"FALSE",0,"TRUE","FALSE",0,"PCR/RT-PCR/Multiplex NAAT","Clinical specimen as specified","RATE_PENDING","QUALITATIVE_OPTIONS_MISSING; RATE_MISSING"
"MOL-0061","Aspergillus PCR","Molecular Diagnostics","MOLECULAR_RESULT","LAB_SPECIFICATION_REQUIRED","P1",1,"FALSE",0,"TRUE","FALSE",0,"PCR/RT-PCR/Multiplex NAAT","Clinical specimen as specified","RATE_PENDING","QUALITATIVE_OPTIONS_MISSING; RATE_MISSING"
"MOL-0062","Candida Species PCR","Molecular Diagnostics","MOLECULAR_RESULT","LAB_SPECIFICATION_REQUIRED","P1",1,"FALSE",0,"TRUE","FALSE",0,"PCR/RT-PCR/Multiplex NAAT","Clinical specimen as specified","RATE_PENDING","QUALITATIVE_OPTIONS_MISSING; RATE_MISSING"
"MOL-0063","Cryptococcus PCR","Molecular Diagnostics","MOLECULAR_RESULT","LAB_SPECIFICATION_REQUIRED","P1",1,"FALSE",0,"TRUE","FALSE",0,"PCR/RT-PCR/Multiplex NAAT","Clinical specimen as specified","RATE_PENDING","QUALITATIVE_OPTIONS_MISSING; RATE_MISSING"
"MOL-0064","Toxoplasma gondii PCR","Molecular Diagnostics","MOLECULAR_RESULT","LAB_SPECIFICATION_REQUIRED","P1",1,"FALSE",0,"TRUE","FALSE",0,"PCR/RT-PCR/Multiplex NAAT","Clinical specimen as specified","RATE_PENDING","QUALITATIVE_OPTIONS_MISSING; RATE_MISSING"
"MOL-0065","Parvovirus B19 PCR","Molecular Diagnostics","MOLECULAR_RESULT","LAB_SPECIFICATION_REQUIRED","P1",1,"FALSE",0,"TRUE","FALSE",0,"PCR/RT-PCR/Multiplex NAAT","Clinical specimen as specified","RATE_PENDING","QUALITATIVE_OPTIONS_MISSING; RATE_MISSING"
"MOL-0066","HHV-6 DNA PCR","Molecular Diagnostics","MOLECULAR_RESULT","LAB_SPECIFICATION_REQUIRED","P1",1,"FALSE",0,"TRUE","FALSE",0,"PCR/RT-PCR/Multiplex NAAT","Clinical specimen as specified","RATE_PENDING","QUALITATIVE_OPTIONS_MISSING; RATE_MISSING"
"MOL-0067","HHV-8 DNA PCR","Molecular Diagnostics","MOLECULAR_RESULT","LAB_SPECIFICATION_REQUIRED","P1",1,"FALSE",0,"TRUE","FALSE",0,"PCR/RT-PCR/Multiplex NAAT","Clinical specimen as specified","RATE_PENDING","QUALITATIVE_OPTIONS_MISSING; RATE_MISSING"
"MOL-0068","Enterovirus PCR","Molecular Diagnostics","MOLECULAR_RESULT","LAB_SPECIFICATION_REQUIRED","P1",1,"FALSE",0,"TRUE","FALSE",0,"PCR/RT-PCR/Multiplex NAAT","Clinical specimen as specified","RATE_PENDING","QUALITATIVE_OPTIONS_MISSING; RATE_MISSING"
"MOL-0069","Parechovirus PCR","Molecular Diagnostics","MOLECULAR_RESULT","LAB_SPECIFICATION_REQUIRED","P1",1,"FALSE",0,"TRUE","FALSE",0,"PCR/RT-PCR/Multiplex NAAT","Clinical specimen as specified","RATE_PENDING","QUALITATIVE_OPTIONS_MISSING; RATE_MISSING"
"MOL-0070","West Nile Virus PCR","Molecular Diagnostics","MOLECULAR_RESULT","LAB_SPECIFICATION_REQUIRED","P1",1,"FALSE",0,"TRUE","FALSE",0,"PCR/RT-PCR/Multiplex NAAT","Clinical specimen as specified","RATE_PENDING","QUALITATIVE_OPTIONS_MISSING; RATE_MISSING"
"MOL-0071","Japanese Encephalitis Virus PCR","Molecular Diagnostics","MOLECULAR_RESULT","LAB_SPECIFICATION_REQUIRED","P1",1,"FALSE",0,"TRUE","FALSE",0,"PCR/RT-PCR/Multiplex NAAT","Clinical specimen as specified","RATE_PENDING","QUALITATIVE_OPTIONS_MISSING; RATE_MISSING"
"MOL-0072","Zika Virus RT-PCR","Molecular Diagnostics","MOLECULAR_RESULT","LAB_SPECIFICATION_REQUIRED","P1",1,"FALSE",0,"TRUE","FALSE",0,"PCR/RT-PCR/Multiplex NAAT","Clinical specimen as specified","RATE_PENDING","QUALITATIVE_OPTIONS_MISSING; RATE_MISSING"
"MOL-0073","Mpox (Monkeypox) PCR","Molecular Diagnostics","MOLECULAR_RESULT","LAB_SPECIFICATION_REQUIRED","P1",1,"FALSE",0,"TRUE","FALSE",0,"PCR/RT-PCR/Multiplex NAAT","Clinical specimen as specified","RATE_PENDING","QUALITATIVE_OPTIONS_MISSING; RATE_MISSING"
"MOL-0074","Bordetella pertussis PCR","Molecular Diagnostics","MOLECULAR_RESULT","LAB_SPECIFICATION_REQUIRED","P1",1,"FALSE",0,"TRUE","FALSE",0,"PCR/RT-PCR/Multiplex NAAT","Clinical specimen as specified","RATE_PENDING","QUALITATIVE_OPTIONS_MISSING; RATE_MISSING"
"MOL-0075","Legionella pneumophila PCR","Molecular Diagnostics","MOLECULAR_RESULT","LAB_SPECIFICATION_REQUIRED","P1",1,"FALSE",0,"TRUE","FALSE",0,"PCR/RT-PCR/Multiplex NAAT","Clinical specimen as specified","RATE_PENDING","QUALITATIVE_OPTIONS_MISSING; RATE_MISSING"
"MOL-0076","Streptococcus pneumoniae PCR","Molecular Diagnostics","MOLECULAR_RESULT","LAB_SPECIFICATION_REQUIRED","P1",1,"FALSE",0,"TRUE","FALSE",0,"PCR/RT-PCR/Multiplex NAAT","Clinical specimen as specified","RATE_PENDING","QUALITATIVE_OPTIONS_MISSING; RATE_MISSING"
"MOL-0077","Haemophilus influenzae PCR","Molecular Diagnostics","MOLECULAR_RESULT","LAB_SPECIFICATION_REQUIRED","P1",1,"FALSE",0,"TRUE","FALSE",0,"PCR/RT-PCR/Multiplex NAAT","Clinical specimen as specified","RATE_PENDING","QUALITATIVE_OPTIONS_MISSING; RATE_MISSING"
"MOL-0078","Mycoplasma pneumoniae PCR","Molecular Diagnostics","MOLECULAR_RESULT","LAB_SPECIFICATION_REQUIRED","P1",1,"FALSE",0,"TRUE","FALSE",0,"PCR/RT-PCR/Multiplex NAAT","Clinical specimen as specified","RATE_PENDING","QUALITATIVE_OPTIONS_MISSING; RATE_MISSING"
"MOL-0079","Chlamydophila pneumoniae PCR","Molecular Diagnostics","MOLECULAR_RESULT","LAB_SPECIFICATION_REQUIRED","P1",1,"FALSE",0,"TRUE","FALSE",0,"PCR/RT-PCR/Multiplex NAAT","Clinical specimen as specified","RATE_PENDING","QUALITATIVE_OPTIONS_MISSING; RATE_MISSING"
"MOL-0080","MRSA PCR Screen","Molecular Diagnostics","MOLECULAR_RESULT","LAB_SPECIFICATION_REQUIRED","P1",1,"FALSE",0,"TRUE","FALSE",0,"PCR/RT-PCR/Multiplex NAAT","Clinical specimen as specified","RATE_PENDING","QUALITATIVE_OPTIONS_MISSING; RATE_MISSING"
"MOL-0081","Clostridioides difficile Toxin Gene PCR","Molecular Diagnostics","MOLECULAR_RESULT","LAB_SPECIFICATION_REQUIRED","P1",1,"FALSE",0,"TRUE","FALSE",0,"PCR/RT-PCR/Multiplex NAAT","Clinical specimen as specified","RATE_PENDING","QUALITATIVE_OPTIONS_MISSING; RATE_MISSING"
"MOL-0082","Group B Streptococcus PCR","Molecular Diagnostics","MOLECULAR_RESULT","LAB_SPECIFICATION_REQUIRED","P1",1,"FALSE",0,"TRUE","FALSE",0,"PCR/RT-PCR/Multiplex NAAT","Clinical specimen as specified","RATE_PENDING","QUALITATIVE_OPTIONS_MISSING; RATE_MISSING"
"MOL-0083","Candida auris PCR","Molecular Diagnostics","MOLECULAR_RESULT","LAB_SPECIFICATION_REQUIRED","P1",1,"FALSE",0,"TRUE","FALSE",0,"PCR/RT-PCR/Multiplex NAAT","Clinical specimen as specified","RATE_PENDING","QUALITATIVE_OPTIONS_MISSING; RATE_MISSING"
"POC-0003","pH, Blood Gas","Point of Care / Blood Gas","ANALYZER_CHEMISTRY","LAB_SPECIFICATION_REQUIRED","P1",1,"TRUE",0,"FALSE","FALSE",0,"Blood gas analyzer","Heparinized arterial/venous whole blood","RATE_PENDING","NUMERIC_RANGE_MISSING; RATE_MISSING"
"POC-0004","pCO2, Blood Gas","Point of Care / Blood Gas","ANALYZER_CHEMISTRY","LAB_SPECIFICATION_REQUIRED","P1",1,"TRUE",0,"FALSE","FALSE",0,"Blood gas analyzer","Heparinized arterial/venous whole blood","RATE_PENDING","NUMERIC_RANGE_MISSING; RATE_MISSING"
"POC-0005","pO2, Blood Gas","Point of Care / Blood Gas","ANALYZER_CHEMISTRY","LAB_SPECIFICATION_REQUIRED","P1",1,"TRUE",0,"FALSE","FALSE",0,"Blood gas analyzer","Heparinized arterial/venous whole blood","RATE_PENDING","NUMERIC_RANGE_MISSING; RATE_MISSING"
"POC-0006","HCO3-, Blood Gas","Point of Care / Blood Gas","ANALYZER_CHEMISTRY","LAB_SPECIFICATION_REQUIRED","P1",1,"TRUE",0,"FALSE","FALSE",0,"Governed Mathematical Calculation","Heparinized arterial/venous whole blood","RATE_PENDING","NUMERIC_RANGE_MISSING; RATE_MISSING"
"POC-0007","Base Excess","Point of Care / Blood Gas","ANALYZER_CHEMISTRY","LAB_SPECIFICATION_REQUIRED","P1",1,"TRUE",0,"FALSE","FALSE",0,"Governed Mathematical Calculation","Heparinized arterial/venous whole blood","RATE_PENDING","NUMERIC_RANGE_MISSING; RATE_MISSING"
"POC-0008","Oxygen Saturation, Blood Gas","Point of Care / Blood Gas","ANALYZER_CHEMISTRY","LAB_SPECIFICATION_REQUIRED","P1",1,"TRUE",0,"FALSE","FALSE",0,"Blood gas analyzer","Heparinized arterial/venous whole blood","RATE_PENDING","NUMERIC_RANGE_MISSING; RATE_MISSING"
"POC-0009","Lactate, Blood Gas","Point of Care / Blood Gas","ANALYZER_CHEMISTRY","LAB_SPECIFICATION_REQUIRED","P1",1,"TRUE",0,"FALSE","FALSE",0,"Blood gas analyzer","Heparinized arterial/venous whole blood","RATE_PENDING","NUMERIC_RANGE_MISSING; RATE_MISSING"
"POC-0010","Carboxyhemoglobin","Point of Care / Blood Gas","ANALYZER_CHEMISTRY","LAB_SPECIFICATION_REQUIRED","P1",1,"TRUE",0,"FALSE","FALSE",0,"Blood gas analyzer","Heparinized arterial/venous whole blood","RATE_PENDING","NUMERIC_RANGE_MISSING; RATE_MISSING"
"POC-0011","Methemoglobin","Point of Care / Blood Gas","ANALYZER_CHEMISTRY","LAB_SPECIFICATION_REQUIRED","P1",1,"TRUE",0,"FALSE","FALSE",0,"Blood gas analyzer","Heparinized arterial/venous whole blood","RATE_PENDING","NUMERIC_RANGE_MISSING; RATE_MISSING"
"POC-0012","Oxyhemoglobin","Point of Care / Blood Gas","ANALYZER_CHEMISTRY","LAB_SPECIFICATION_REQUIRED","P1",1,"TRUE",0,"FALSE","FALSE",0,"Blood gas analyzer","Heparinized arterial/venous whole blood","RATE_PENDING","NUMERIC_RANGE_MISSING; RATE_MISSING"
"SER-0002","HIV 1 Antibody","Serology / Infectious Disease","QUALITATIVE_RESULT","LAB_SPECIFICATION_REQUIRED","P1",1,"FALSE",0,"TRUE","FALSE",0,"Rapid Immunochromatography / ELISA","Serum/Plasma","RATE_PENDING","QUALITATIVE_OPTIONS_MISSING; RATE_MISSING"
"SER-0003","HIV 2 Antibody","Serology / Infectious Disease","QUALITATIVE_RESULT","LAB_SPECIFICATION_REQUIRED","P1",1,"FALSE",0,"TRUE","FALSE",0,"Rapid Immunochromatography / ELISA","Serum/Plasma","RATE_PENDING","QUALITATIVE_OPTIONS_MISSING; RATE_MISSING"
"SER-0005","Anti-HBs","Serology / Infectious Disease","NUMERIC_ANALYTE","LAB_SPECIFICATION_REQUIRED","P1",1,"TRUE",0,"FALSE","FALSE",0,"Slide & Tube Agglutination","Serum/Plasma","RATE_PENDING","NUMERIC_RANGE_MISSING; RATE_MISSING"
"SER-0006","Anti-HBc Total","Serology / Infectious Disease","IMMUNOASSAY","LAB_SPECIFICATION_REQUIRED","P1",1,"TRUE",0,"FALSE","FALSE",0,"Rapid Immunochromatography / ELISA","Serum/Plasma","RATE_PENDING","NUMERIC_RANGE_MISSING; RATE_MISSING"
"SER-0007","Anti-HBc IgM","Serology / Infectious Disease","IMMUNOASSAY","LAB_SPECIFICATION_REQUIRED","P1",1,"TRUE",0,"FALSE","FALSE",0,"Rapid Immunochromatography / ELISA","Serum/Plasma","RATE_PENDING","NUMERIC_RANGE_MISSING; RATE_MISSING"
"SER-0008","HBeAg","Serology / Infectious Disease","NUMERIC_ANALYTE","LAB_SPECIFICATION_REQUIRED","P1",1,"TRUE",0,"FALSE","FALSE",0,"Immunoturbidimetry / Latex Enhanced","Serum/Plasma","RATE_PENDING","NUMERIC_RANGE_MISSING; RATE_MISSING"
"SER-0009","Anti-HBe","Serology / Infectious Disease","NUMERIC_ANALYTE","LAB_SPECIFICATION_REQUIRED","P1",1,"TRUE",0,"FALSE","FALSE",0,"Latex Agglutination / Immunoturbidimetry","Serum/Plasma","RATE_PENDING","NUMERIC_RANGE_MISSING; RATE_MISSING"
"SER-0011","HAV IgM","Serology / Infectious Disease","IMMUNOASSAY","LAB_SPECIFICATION_REQUIRED","P1",1,"TRUE",0,"FALSE","FALSE",0,"CLIA/ELISA","Serum/Plasma","2500.00","NUMERIC_RANGE_MISSING"
"SER-0012","HAV Total Antibody","Serology / Infectious Disease","IMMUNOASSAY","LAB_SPECIFICATION_REQUIRED","P1",1,"TRUE",0,"FALSE","FALSE",0,"CLIA/ELISA","Serum/Plasma","RATE_PENDING","NUMERIC_RANGE_MISSING; RATE_MISSING"
"SER-0013","HEV IgM","Serology / Infectious Disease","IMMUNOASSAY","LAB_SPECIFICATION_REQUIRED","P1",1,"TRUE",0,"FALSE","FALSE",0,"ELISA","Serum/Plasma","2500.00","NUMERIC_RANGE_MISSING"
"SER-0014","HEV IgG","Serology / Infectious Disease","IMMUNOASSAY","LAB_SPECIFICATION_REQUIRED","P1",1,"TRUE",0,"FALSE","FALSE",0,"ELISA","Serum/Plasma","RATE_PENDING","NUMERIC_RANGE_MISSING; RATE_MISSING"
"SER-0017","Dengue IgG","Serology / Infectious Disease","IMMUNOASSAY","LAB_SPECIFICATION_REQUIRED","P1",1,"TRUE",0,"FALSE","FALSE",0,"ELISA/CLIA","Serum","RATE_PENDING","NUMERIC_RANGE_MISSING; RATE_MISSING"
"SER-0018","Chikungunya IgM","Serology / Infectious Disease","IMMUNOASSAY","LAB_SPECIFICATION_REQUIRED","P1",1,"TRUE",0,"FALSE","FALSE",0,"ELISA","Serum","RATE_PENDING","NUMERIC_RANGE_MISSING; RATE_MISSING"
"SER-0019","Chikungunya IgG","Serology / Infectious Disease","IMMUNOASSAY","LAB_SPECIFICATION_REQUIRED","P1",1,"TRUE",0,"FALSE","FALSE",0,"ELISA","Serum","RATE_PENDING","NUMERIC_RANGE_MISSING; RATE_MISSING"
"SER-0020","Scrub Typhus IgM","Serology / Infectious Disease","IMMUNOASSAY","LAB_SPECIFICATION_REQUIRED","P1",1,"TRUE",0,"FALSE","FALSE",0,"ELISA","Serum","1000.00","NUMERIC_RANGE_MISSING"
"SER-0021","Leptospira IgM","Serology / Infectious Disease","IMMUNOASSAY","LAB_SPECIFICATION_REQUIRED","P1",1,"TRUE",0,"FALSE","FALSE",0,"ELISA","Serum","RATE_PENDING","NUMERIC_RANGE_MISSING; RATE_MISSING"
"SER-0022","Leptospira IgG","Serology / Infectious Disease","IMMUNOASSAY","LAB_SPECIFICATION_REQUIRED","P1",1,"TRUE",0,"FALSE","FALSE",0,"ELISA","Serum","RATE_PENDING","NUMERIC_RANGE_MISSING; RATE_MISSING"
"SER-0023","Salmonella Typhi IgM","Serology / Infectious Disease","NUMERIC_ANALYTE","LAB_SPECIFICATION_REQUIRED","P1",1,"TRUE",0,"FALSE","FALSE",0,"Immunoassay","Serum","1000.00","NUMERIC_RANGE_MISSING"
"SER-0025","Brucella Agglutination Test","Serology / Infectious Disease","NUMERIC_ANALYTE","LAB_SPECIFICATION_REQUIRED","P1",1,"TRUE",0,"FALSE","FALSE",0,"Agglutination","Serum","RATE_PENDING","NUMERIC_RANGE_MISSING; RATE_MISSING"
"SER-0026","RPR","Serology / Infectious Disease","QUALITATIVE_RESULT","LAB_SPECIFICATION_REQUIRED","P1",1,"FALSE",0,"TRUE","FALSE",0,"Flocculation","Serum/Plasma","RATE_PENDING","QUALITATIVE_OPTIONS_MISSING; RATE_MISSING"
"SER-0027","VDRL","Serology / Infectious Disease","QUALITATIVE_RESULT","LAB_SPECIFICATION_REQUIRED","P1",1,"FALSE",0,"TRUE","FALSE",0,"Flocculation","Serum/CSF","400.00","QUALITATIVE_OPTIONS_MISSING"
"SER-0028","TPHA/TPPA","Serology / Infectious Disease","NUMERIC_ANALYTE","LAB_SPECIFICATION_REQUIRED","P1",1,"TRUE",0,"FALSE","FALSE",0,"Agglutination","Serum","600.00","NUMERIC_RANGE_MISSING"
"SER-0029","Treponema pallidum Antibody","Serology / Infectious Disease","IMMUNOASSAY","LAB_SPECIFICATION_REQUIRED","P1",1,"TRUE",0,"FALSE","FALSE",0,"CLIA/ELISA","Serum","RATE_PENDING","NUMERIC_RANGE_MISSING; RATE_MISSING"
"SER-0030","Toxoplasma IgM","Serology / Infectious Disease","IMMUNOASSAY","LAB_SPECIFICATION_REQUIRED","P1",1,"TRUE",0,"FALSE","FALSE",0,"CLIA/ELISA","Serum","RATE_PENDING","NUMERIC_RANGE_MISSING; RATE_MISSING"
"SER-0031","Toxoplasma IgG","Serology / Infectious Disease","IMMUNOASSAY","LAB_SPECIFICATION_REQUIRED","P1",1,"TRUE",0,"FALSE","FALSE",0,"CLIA/ELISA","Serum","RATE_PENDING","NUMERIC_RANGE_MISSING; RATE_MISSING"
"SER-0032","Rubella IgM","Serology / Infectious Disease","IMMUNOASSAY","LAB_SPECIFICATION_REQUIRED","P1",1,"TRUE",0,"FALSE","FALSE",0,"CLIA/ELISA","Serum","RATE_PENDING","NUMERIC_RANGE_MISSING; RATE_MISSING"
"SER-0033","Rubella IgG","Serology / Infectious Disease","IMMUNOASSAY","LAB_SPECIFICATION_REQUIRED","P1",1,"TRUE",0,"FALSE","FALSE",0,"CLIA/ELISA","Serum","RATE_PENDING","NUMERIC_RANGE_MISSING; RATE_MISSING"
"SER-0034","CMV IgM","Serology / Infectious Disease","IMMUNOASSAY","LAB_SPECIFICATION_REQUIRED","P1",1,"TRUE",0,"FALSE","FALSE",0,"CLIA/ELISA","Serum","RATE_PENDING","NUMERIC_RANGE_MISSING; RATE_MISSING"
"SER-0035","CMV IgG","Serology / Infectious Disease","IMMUNOASSAY","LAB_SPECIFICATION_REQUIRED","P1",1,"TRUE",0,"FALSE","FALSE",0,"CLIA/ELISA","Serum","RATE_PENDING","NUMERIC_RANGE_MISSING; RATE_MISSING"
"SER-0036","HSV-1 IgG","Serology / Infectious Disease","IMMUNOASSAY","LAB_SPECIFICATION_REQUIRED","P1",1,"TRUE",0,"FALSE","FALSE",0,"CLIA/ELISA","Serum","RATE_PENDING","NUMERIC_RANGE_MISSING; RATE_MISSING"
"SER-0037","HSV-2 IgG","Serology / Infectious Disease","IMMUNOASSAY","LAB_SPECIFICATION_REQUIRED","P1",1,"TRUE",0,"FALSE","FALSE",0,"CLIA/ELISA","Serum","RATE_PENDING","NUMERIC_RANGE_MISSING; RATE_MISSING"
"SER-0038","EBV VCA IgM","Serology / Infectious Disease","IMMUNOASSAY","LAB_SPECIFICATION_REQUIRED","P1",1,"TRUE",0,"FALSE","FALSE",0,"CLIA/ELISA","Serum","RATE_PENDING","NUMERIC_RANGE_MISSING; RATE_MISSING"
"SER-0039","EBV VCA IgG","Serology / Infectious Disease","IMMUNOASSAY","LAB_SPECIFICATION_REQUIRED","P1",1,"TRUE",0,"FALSE","FALSE",0,"CLIA/ELISA","Serum","RATE_PENDING","NUMERIC_RANGE_MISSING; RATE_MISSING"
"SER-0040","EBV EBNA IgG","Serology / Infectious Disease","IMMUNOASSAY","LAB_SPECIFICATION_REQUIRED","P1",1,"TRUE",0,"FALSE","FALSE",0,"CLIA/ELISA","Serum","RATE_PENDING","NUMERIC_RANGE_MISSING; RATE_MISSING"
"SER-0041","EBV Early Antigen IgG","Serology / Infectious Disease","IMMUNOASSAY","LAB_SPECIFICATION_REQUIRED","P1",1,"TRUE",0,"FALSE","FALSE",0,"CLIA/ELISA","Serum","RATE_PENDING","NUMERIC_RANGE_MISSING; RATE_MISSING"
"SER-0042","H. pylori IgG","Serology / Infectious Disease","IMMUNOASSAY","LAB_SPECIFICATION_REQUIRED","P1",1,"TRUE",0,"FALSE","FALSE",0,"ELISA","Serum","1200.00","NUMERIC_RANGE_MISSING"
"SER-0043","H. pylori Stool Antigen","Serology / Infectious Disease","IMMUNOASSAY","LAB_SPECIFICATION_REQUIRED","P1",1,"TRUE",0,"FALSE","FALSE",0,"Immunoassay","Stool","1000.00","NUMERIC_RANGE_MISSING"
"SER-0044","H. pylori Urea Breath Test","Serology / Infectious Disease","NUMERIC_ANALYTE","LAB_SPECIFICATION_REQUIRED","P1",1,"TRUE",0,"FALSE","FALSE",0,"13C/14C UBT","Breath","RATE_PENDING","NUMERIC_RANGE_MISSING; RATE_MISSING"
"SER-0045","COVID-19 SARS-CoV-2 Antigen","Serology / Infectious Disease","IMMUNOASSAY","LAB_SPECIFICATION_REQUIRED","P1",1,"TRUE",0,"FALSE","FALSE",0,"Lateral flow/Immunoassay","Nasopharyngeal swab","RATE_PENDING","NUMERIC_RANGE_MISSING; RATE_MISSING"
"SER-0046","SARS-CoV-2 IgG","Serology / Infectious Disease","IMMUNOASSAY","LAB_SPECIFICATION_REQUIRED","P1",1,"TRUE",0,"FALSE","FALSE",0,"CLIA/ELISA","Serum","RATE_PENDING","NUMERIC_RANGE_MISSING; RATE_MISSING"
"SER-0047","SARS-CoV-2 Total Antibody","Serology / Infectious Disease","IMMUNOASSAY","LAB_SPECIFICATION_REQUIRED","P1",1,"TRUE",0,"FALSE","FALSE",0,"CLIA/ELISA","Serum","RATE_PENDING","NUMERIC_RANGE_MISSING; RATE_MISSING"
"SER-0048","Influenza A Antigen","Serology / Infectious Disease","IMMUNOASSAY","LAB_SPECIFICATION_REQUIRED","P1",1,"TRUE",0,"FALSE","FALSE",0,"Immunoassay","Respiratory swab","RATE_PENDING","NUMERIC_RANGE_MISSING; RATE_MISSING"
"SER-0049","Influenza B Antigen","Serology / Infectious Disease","IMMUNOASSAY","LAB_SPECIFICATION_REQUIRED","P1",1,"TRUE",0,"FALSE","FALSE",0,"Immunoassay","Respiratory swab","RATE_PENDING","NUMERIC_RANGE_MISSING; RATE_MISSING"
"SER-0050","RSV Antigen","Serology / Infectious Disease","IMMUNOASSAY","LAB_SPECIFICATION_REQUIRED","P1",1,"TRUE",0,"FALSE","FALSE",0,"Immunoassay","Respiratory swab","RATE_PENDING","NUMERIC_RANGE_MISSING; RATE_MISSING"
"SER-0051","Rotavirus Antigen","Serology / Infectious Disease","IMMUNOASSAY","LAB_SPECIFICATION_REQUIRED","P1",1,"TRUE",0,"FALSE","FALSE",0,"Immunoassay","Stool","RATE_PENDING","NUMERIC_RANGE_MISSING; RATE_MISSING"
"SER-0052","Adenovirus Antigen, Stool","Serology / Infectious Disease","IMMUNOASSAY","LAB_SPECIFICATION_REQUIRED","P1",1,"TRUE",0,"FALSE","FALSE",0,"Immunoassay","Stool","RATE_PENDING","NUMERIC_RANGE_MISSING; RATE_MISSING"
"SER-0053","Cryptosporidium Antigen","Serology / Infectious Disease","IMMUNOASSAY","LAB_SPECIFICATION_REQUIRED","P1",1,"TRUE",0,"FALSE","FALSE",0,"Immunoassay","Stool","RATE_PENDING","NUMERIC_RANGE_MISSING; RATE_MISSING"
"SER-0054","Giardia Antigen","Serology / Infectious Disease","IMMUNOASSAY","LAB_SPECIFICATION_REQUIRED","P1",1,"TRUE",0,"FALSE","FALSE",0,"Immunoassay","Stool","RATE_PENDING","NUMERIC_RANGE_MISSING; RATE_MISSING"
"SER-0055","Entamoeba histolytica Antigen","Serology / Infectious Disease","IMMUNOASSAY","LAB_SPECIFICATION_REQUIRED","P1",1,"TRUE",0,"FALSE","FALSE",0,"Immunoassay","Stool","RATE_PENDING","NUMERIC_RANGE_MISSING; RATE_MISSING"
"SER-0056","Clostridioides difficile GDH Antigen","Serology / Infectious Disease","IMMUNOASSAY","LAB_SPECIFICATION_REQUIRED","P1",1,"TRUE",0,"FALSE","FALSE",0,"Immunoassay","Stool","RATE_PENDING","NUMERIC_RANGE_MISSING; RATE_MISSING"
"SER-0057","Clostridioides difficile Toxin A/B","Serology / Infectious Disease","NUMERIC_ANALYTE","LAB_SPECIFICATION_REQUIRED","P1",1,"TRUE",0,"FALSE","FALSE",0,"Immunoassay","Stool","RATE_PENDING","NUMERIC_RANGE_MISSING; RATE_MISSING"
"SER-0058","Malaria Pf/Pv Antigen","Serology / Infectious Disease","IMMUNOASSAY","LAB_SPECIFICATION_REQUIRED","P1",1,"TRUE",0,"FALSE","FALSE",0,"Rapid immunochromatography","Whole Blood","RATE_PENDING","NUMERIC_RANGE_MISSING; RATE_MISSING"
"SER-0059","Kala-azar rK39 Antibody","Serology / Infectious Disease","IMMUNOASSAY","LAB_SPECIFICATION_REQUIRED","P1",1,"TRUE",0,"FALSE","FALSE",0,"Rapid immunochromatography","Serum/Whole Blood","1500.00","NUMERIC_RANGE_MISSING"
"SER-0060","Filariasis Antigen","Serology / Infectious Disease","IMMUNOASSAY","LAB_SPECIFICATION_REQUIRED","P1",1,"TRUE",0,"FALSE","FALSE",0,"Immunoassay","Whole Blood","RATE_PENDING","NUMERIC_RANGE_MISSING; RATE_MISSING"
"SER-0061","Measles IgM","Serology / Infectious Disease","IMMUNOASSAY","LAB_SPECIFICATION_REQUIRED","P1",1,"TRUE",0,"FALSE","FALSE",0,"ELISA/CLIA as validated","Serum","RATE_PENDING","NUMERIC_RANGE_MISSING; RATE_MISSING"
"SER-0062","Measles IgG","Serology / Infectious Disease","IMMUNOASSAY","LAB_SPECIFICATION_REQUIRED","P1",1,"TRUE",0,"FALSE","FALSE",0,"ELISA/CLIA as validated","Serum","RATE_PENDING","NUMERIC_RANGE_MISSING; RATE_MISSING"
"SER-0063","Mumps IgM","Serology / Infectious Disease","IMMUNOASSAY","LAB_SPECIFICATION_REQUIRED","P1",1,"TRUE",0,"FALSE","FALSE",0,"ELISA/CLIA as validated","Serum","RATE_PENDING","NUMERIC_RANGE_MISSING; RATE_MISSING"
"SER-0064","Mumps IgG","Serology / Infectious Disease","IMMUNOASSAY","LAB_SPECIFICATION_REQUIRED","P1",1,"TRUE",0,"FALSE","FALSE",0,"ELISA/CLIA as validated","Serum","RATE_PENDING","NUMERIC_RANGE_MISSING; RATE_MISSING"
"SER-0065","Varicella Zoster IgM","Serology / Infectious Disease","IMMUNOASSAY","LAB_SPECIFICATION_REQUIRED","P1",1,"TRUE",0,"FALSE","FALSE",0,"ELISA/CLIA as validated","Serum","RATE_PENDING","NUMERIC_RANGE_MISSING; RATE_MISSING"
"SER-0066","Varicella Zoster IgG","Serology / Infectious Disease","IMMUNOASSAY","LAB_SPECIFICATION_REQUIRED","P1",1,"TRUE",0,"FALSE","FALSE",0,"ELISA/CLIA as validated","Serum","RATE_PENDING","NUMERIC_RANGE_MISSING; RATE_MISSING"
"SER-0067","Parvovirus B19 IgM","Serology / Infectious Disease","IMMUNOASSAY","LAB_SPECIFICATION_REQUIRED","P1",1,"TRUE",0,"FALSE","FALSE",0,"ELISA/CLIA as validated","Serum","RATE_PENDING","NUMERIC_RANGE_MISSING; RATE_MISSING"
"SER-0068","Parvovirus B19 IgG","Serology / Infectious Disease","IMMUNOASSAY","LAB_SPECIFICATION_REQUIRED","P1",1,"TRUE",0,"FALSE","FALSE",0,"ELISA/CLIA as validated","Serum","RATE_PENDING","NUMERIC_RANGE_MISSING; RATE_MISSING"
"SER-0069","Mycoplasma pneumoniae IgM","Serology / Infectious Disease","IMMUNOASSAY","LAB_SPECIFICATION_REQUIRED","P1",1,"TRUE",0,"FALSE","FALSE",0,"ELISA/CLIA as validated","Serum","RATE_PENDING","NUMERIC_RANGE_MISSING; RATE_MISSING"
"SER-0070","Mycoplasma pneumoniae IgG","Serology / Infectious Disease","IMMUNOASSAY","LAB_SPECIFICATION_REQUIRED","P1",1,"TRUE",0,"FALSE","FALSE",0,"ELISA/CLIA as validated","Serum","RATE_PENDING","NUMERIC_RANGE_MISSING; RATE_MISSING"
"SER-0071","Chlamydia trachomatis IgG","Serology / Infectious Disease","IMMUNOASSAY","LAB_SPECIFICATION_REQUIRED","P1",1,"TRUE",0,"FALSE","FALSE",0,"ELISA/CLIA as validated","Serum","RATE_PENDING","NUMERIC_RANGE_MISSING; RATE_MISSING"
"SER-0072","Chlamydia pneumoniae IgG","Serology / Infectious Disease","IMMUNOASSAY","LAB_SPECIFICATION_REQUIRED","P1",1,"TRUE",0,"FALSE","FALSE",0,"ELISA/CLIA as validated","Serum","RATE_PENDING","NUMERIC_RANGE_MISSING; RATE_MISSING"
"SER-0073","Coxiella burnetii Phase I IgG","Serology / Infectious Disease","IMMUNOASSAY","LAB_SPECIFICATION_REQUIRED","P1",1,"TRUE",0,"FALSE","FALSE",0,"ELISA/CLIA as validated","Serum","RATE_PENDING","NUMERIC_RANGE_MISSING; RATE_MISSING"
"SER-0074","Coxiella burnetii Phase II IgG","Serology / Infectious Disease","IMMUNOASSAY","LAB_SPECIFICATION_REQUIRED","P1",1,"TRUE",0,"FALSE","FALSE",0,"ELISA/CLIA as validated","Serum","RATE_PENDING","NUMERIC_RANGE_MISSING; RATE_MISSING"
"SER-0075","Brucella IgM","Serology / Infectious Disease","IMMUNOASSAY","LAB_SPECIFICATION_REQUIRED","P1",1,"TRUE",0,"FALSE","FALSE",0,"ELISA/CLIA as validated","Serum","RATE_PENDING","NUMERIC_RANGE_MISSING; RATE_MISSING"
"SER-0076","Brucella IgG","Serology / Infectious Disease","IMMUNOASSAY","LAB_SPECIFICATION_REQUIRED","P1",1,"TRUE",0,"FALSE","FALSE",0,"ELISA/CLIA as validated","Serum","RATE_PENDING","NUMERIC_RANGE_MISSING; RATE_MISSING"
"SER-0077","Strongyloides IgG","Serology / Infectious Disease","IMMUNOASSAY","LAB_SPECIFICATION_REQUIRED","P1",1,"TRUE",0,"FALSE","FALSE",0,"ELISA/CLIA as validated","Serum","RATE_PENDING","NUMERIC_RANGE_MISSING; RATE_MISSING"
"SER-0078","Echinococcus IgG","Serology / Infectious Disease","IMMUNOASSAY","LAB_SPECIFICATION_REQUIRED","P1",1,"TRUE",0,"FALSE","FALSE",0,"ELISA/CLIA as validated","Serum","RATE_PENDING","NUMERIC_RANGE_MISSING; RATE_MISSING"
"SER-0079","Cysticercus IgG","Serology / Infectious Disease","IMMUNOASSAY","LAB_SPECIFICATION_REQUIRED","P1",1,"TRUE",0,"FALSE","FALSE",0,"ELISA/CLIA as validated","Serum","RATE_PENDING","NUMERIC_RANGE_MISSING; RATE_MISSING"
"SER-0080","Amoebic Serology","Serology / Infectious Disease","IMMUNOASSAY","LAB_SPECIFICATION_REQUIRED","P1",1,"TRUE",0,"FALSE","FALSE",0,"ELISA/CLIA as validated","Serum","RATE_PENDING","NUMERIC_RANGE_MISSING; RATE_MISSING"
"SER-0081","Hydatid Serology","Serology / Infectious Disease","IMMUNOASSAY","LAB_SPECIFICATION_REQUIRED","P1",1,"TRUE",0,"FALSE","FALSE",0,"ELISA/CLIA as validated","Serum","RATE_PENDING","NUMERIC_RANGE_MISSING; RATE_MISSING"
"SER-0082","Filaria IgG4 Antibody","Serology / Infectious Disease","IMMUNOASSAY","LAB_SPECIFICATION_REQUIRED","P1",1,"TRUE",0,"FALSE","FALSE",0,"ELISA/CLIA as validated","Serum","RATE_PENDING","NUMERIC_RANGE_MISSING; RATE_MISSING"
"SER-0083","Japanese Encephalitis IgM","Serology / Infectious Disease","IMMUNOASSAY","LAB_SPECIFICATION_REQUIRED","P1",1,"TRUE",0,"FALSE","FALSE",0,"ELISA/CLIA as validated","Serum","RATE_PENDING","NUMERIC_RANGE_MISSING; RATE_MISSING"
"SER-0084","West Nile Virus IgM","Serology / Infectious Disease","IMMUNOASSAY","LAB_SPECIFICATION_REQUIRED","P1",1,"TRUE",0,"FALSE","FALSE",0,"ELISA/CLIA as validated","Serum","RATE_PENDING","NUMERIC_RANGE_MISSING; RATE_MISSING"
"SER-0085","West Nile Virus IgG","Serology / Infectious Disease","IMMUNOASSAY","LAB_SPECIFICATION_REQUIRED","P1",1,"TRUE",0,"FALSE","FALSE",0,"ELISA/CLIA as validated","Serum","RATE_PENDING","NUMERIC_RANGE_MISSING; RATE_MISSING"
"SER-0001","HIV 1/2 Ag/Ab 4th Generation","Serology & Immunology","QUALITATIVE_RESULT","LAB_SPECIFICATION_REQUIRED","P1",1,"FALSE",0,"TRUE","FALSE",0,"4th Generation Rapid Immunochromatography (Ag/Ab)","Serum/Plasma","500.00","QUALITATIVE_OPTIONS_MISSING"
"SER-0086","HUMAN IMMUNODEFICIENCY VIRUS (HIV), RAPID SCREENING TEST","Serology & Immunology","QUALITATIVE_RESULT","LAB_SPECIFICATION_REQUIRED","P1",1,"FALSE",0,"TRUE","FALSE",0,"Rapid Immunochromatography (Rapid Screening Test)","Serum","500.00","QUALITATIVE_OPTIONS_MISSING"
"SER-0087","HEPATITIS B SURFACE ANTIGEN (HBsAg), RAPID SCREENING TEST","Serology & Immunology","QUALITATIVE_RESULT","LAB_SPECIFICATION_REQUIRED","P1",1,"FALSE",0,"TRUE","FALSE",0,"Rapid Immunochromatography (Rapid Screening Test)","Serum","600.00","QUALITATIVE_OPTIONS_MISSING"
"SER-0088","HCV RAPID SCREENING TEST","Serology & Immunology","QUALITATIVE_RESULT","LAB_SPECIFICATION_REQUIRED","P1",1,"FALSE",0,"TRUE","FALSE",0,"Rapid Immunochromatography (Rapid Screening Test)","Specimen Pending Validation","600.00","QUALITATIVE_OPTIONS_MISSING"
"SPC-0001","Neonatal TSH Screen","Special Chemistry","ANALYZER_CHEMISTRY","LAB_SPECIFICATION_REQUIRED","P1",1,"TRUE",0,"FALSE","FALSE",0,"Validated screening/LC-MS/MS method","Blood/DBS/Urine/Sweat as specified","RATE_PENDING","NUMERIC_RANGE_MISSING; RATE_MISSING"
"SPC-0002","Neonatal 17-OHP Screen","Special Chemistry","ANALYZER_CHEMISTRY","LAB_SPECIFICATION_REQUIRED","P1",1,"TRUE",0,"FALSE","FALSE",0,"Validated screening/LC-MS/MS method","Blood/DBS/Urine/Sweat as specified","RATE_PENDING","NUMERIC_RANGE_MISSING; RATE_MISSING"
"SPC-0003","Neonatal G6PD Screen","Special Chemistry","ANALYZER_CHEMISTRY","LAB_SPECIFICATION_REQUIRED","P1",1,"TRUE",0,"FALSE","FALSE",0,"Validated screening/LC-MS/MS method","Blood/DBS/Urine/Sweat as specified","RATE_PENDING","NUMERIC_RANGE_MISSING; RATE_MISSING"
"SPC-0004","Phenylalanine, Dried Blood Spot","Special Chemistry","ANALYZER_CHEMISTRY","LAB_SPECIFICATION_REQUIRED","P1",1,"TRUE",0,"FALSE","FALSE",0,"Validated screening/LC-MS/MS method","Blood/DBS/Urine/Sweat as specified","RATE_PENDING","NUMERIC_RANGE_MISSING; RATE_MISSING"
"SPC-0008","Galactosemia Screen","Special Chemistry","ANALYZER_CHEMISTRY","LAB_SPECIFICATION_REQUIRED","P1",1,"TRUE",0,"FALSE","FALSE",0,"Validated screening/LC-MS/MS method","Blood/DBS/Urine/Sweat as specified","RATE_PENDING","NUMERIC_RANGE_MISSING; RATE_MISSING"
"SPC-0009","Biotinidase Activity","Special Chemistry","ANALYZER_CHEMISTRY","LAB_SPECIFICATION_REQUIRED","P1",1,"TRUE",0,"FALSE","FALSE",0,"Validated screening/LC-MS/MS method","Blood/DBS/Urine/Sweat as specified","RATE_PENDING","NUMERIC_RANGE_MISSING; RATE_MISSING"
"SPC-0010","Sweat Chloride","Special Chemistry","ANALYZER_CHEMISTRY","LAB_SPECIFICATION_REQUIRED","P1",1,"TRUE",0,"FALSE","FALSE",0,"Validated screening/LC-MS/MS method","Blood/DBS/Urine/Sweat as specified","RATE_PENDING","NUMERIC_RANGE_MISSING; RATE_MISSING"
"SPC-0011","Alpha-Fetoprotein Maternal Serum","Special Chemistry","ANALYZER_CHEMISTRY","LAB_SPECIFICATION_REQUIRED","P1",1,"TRUE",0,"FALSE","FALSE",0,"Validated screening/LC-MS/MS method","Blood/DBS/Urine/Sweat as specified","RATE_PENDING","NUMERIC_RANGE_MISSING; RATE_MISSING"
"SPC-0012","PAPP-A","Special Chemistry","ANALYZER_CHEMISTRY","LAB_SPECIFICATION_REQUIRED","P1",1,"TRUE",0,"FALSE","FALSE",0,"Validated screening/LC-MS/MS method","Blood/DBS/Urine/Sweat as specified","RATE_PENDING","NUMERIC_RANGE_MISSING; RATE_MISSING"
"SPC-0013","Free Beta-hCG, First Trimester","Special Chemistry","ANALYZER_CHEMISTRY","LAB_SPECIFICATION_REQUIRED","P1",1,"TRUE",0,"FALSE","FALSE",0,"Validated screening/LC-MS/MS method","Blood/DBS/Urine/Sweat as specified","RATE_PENDING","NUMERIC_RANGE_MISSING; RATE_MISSING"
"SPC-0014","Quadruple Marker Screen","Special Chemistry","ANALYZER_CHEMISTRY","LAB_SPECIFICATION_REQUIRED","P1",1,"TRUE",0,"FALSE","FALSE",0,"Validated screening/LC-MS/MS method","Blood/DBS/Urine/Sweat as specified","6000.00","NUMERIC_RANGE_MISSING"
"SPC-0015","Dual Marker Screen","Special Chemistry","ANALYZER_CHEMISTRY","LAB_SPECIFICATION_REQUIRED","P1",1,"TRUE",0,"FALSE","FALSE",0,"Validated screening/LC-MS/MS method","Blood/DBS/Urine/Sweat as specified","RATE_PENDING","NUMERIC_RANGE_MISSING; RATE_MISSING"
"SPC-0016","Triple Marker Screen","Special Chemistry","ANALYZER_CHEMISTRY","LAB_SPECIFICATION_REQUIRED","P1",1,"TRUE",0,"FALSE","FALSE",0,"Validated screening/LC-MS/MS method","Blood/DBS/Urine/Sweat as specified","RATE_PENDING","NUMERIC_RANGE_MISSING; RATE_MISSING"
"SPC-0017","Selenium, Serum","Special Chemistry","ANALYZER_CHEMISTRY","LAB_SPECIFICATION_REQUIRED","P1",1,"TRUE",0,"FALSE","FALSE",0,"LC-MS/MS/HPLC/ICP-MS as validated","Serum/Whole Blood/Urine as specified","RATE_PENDING","NUMERIC_RANGE_MISSING; RATE_MISSING"
"SPC-0018","Manganese, Whole Blood","Special Chemistry","ANALYZER_CHEMISTRY","LAB_SPECIFICATION_REQUIRED","P1",1,"TRUE",0,"FALSE","FALSE",0,"LC-MS/MS/HPLC/ICP-MS as validated","Serum/Whole Blood/Urine as specified","RATE_PENDING","NUMERIC_RANGE_MISSING; RATE_MISSING"
"SPC-0019","Chromium, Blood","Special Chemistry","ANALYZER_CHEMISTRY","LAB_SPECIFICATION_REQUIRED","P1",1,"TRUE",0,"FALSE","FALSE",0,"LC-MS/MS/HPLC/ICP-MS as validated","Serum/Whole Blood/Urine as specified","RATE_PENDING","NUMERIC_RANGE_MISSING; RATE_MISSING"
"SPC-0020","Cobalt, Blood","Special Chemistry","ANALYZER_CHEMISTRY","LAB_SPECIFICATION_REQUIRED","P1",1,"TRUE",0,"FALSE","FALSE",0,"LC-MS/MS/HPLC/ICP-MS as validated","Serum/Whole Blood/Urine as specified","RATE_PENDING","NUMERIC_RANGE_MISSING; RATE_MISSING"
"SPC-0021","Nickel, Blood","Special Chemistry","ANALYZER_CHEMISTRY","LAB_SPECIFICATION_REQUIRED","P1",1,"TRUE",0,"FALSE","FALSE",0,"LC-MS/MS/HPLC/ICP-MS as validated","Serum/Whole Blood/Urine as specified","RATE_PENDING","NUMERIC_RANGE_MISSING; RATE_MISSING"
"SPC-0022","Iodine, Urine","Special Chemistry","ANALYZER_CHEMISTRY","LAB_SPECIFICATION_REQUIRED","P1",1,"TRUE",0,"FALSE","FALSE",0,"LC-MS/MS/HPLC/ICP-MS as validated","Serum/Whole Blood/Urine as specified","RATE_PENDING","NUMERIC_RANGE_MISSING; RATE_MISSING"
"SPC-0023","Iodine, Serum","Special Chemistry","ANALYZER_CHEMISTRY","LAB_SPECIFICATION_REQUIRED","P1",1,"TRUE",0,"FALSE","FALSE",0,"LC-MS/MS/HPLC/ICP-MS as validated","Serum/Whole Blood/Urine as specified","RATE_PENDING","NUMERIC_RANGE_MISSING; RATE_MISSING"
"SPC-0024","Molybdenum, Blood","Special Chemistry","ANALYZER_CHEMISTRY","LAB_SPECIFICATION_REQUIRED","P1",1,"TRUE",0,"FALSE","FALSE",0,"LC-MS/MS/HPLC/ICP-MS as validated","Serum/Whole Blood/Urine as specified","RATE_PENDING","NUMERIC_RANGE_MISSING; RATE_MISSING"
"SPC-0025","Vitamin A (Retinol)","Special Chemistry","ANALYZER_CHEMISTRY","LAB_SPECIFICATION_REQUIRED","P1",1,"TRUE",0,"FALSE","FALSE",0,"LC-MS/MS/HPLC/ICP-MS as validated","Serum/Whole Blood/Urine as specified","RATE_PENDING","NUMERIC_RANGE_MISSING; RATE_MISSING"
"SPC-0026","Vitamin E (Alpha-Tocopherol)","Special Chemistry","ANALYZER_CHEMISTRY","LAB_SPECIFICATION_REQUIRED","P1",1,"TRUE",0,"FALSE","FALSE",0,"LC-MS/MS/HPLC/ICP-MS as validated","Serum/Whole Blood/Urine as specified","RATE_PENDING","NUMERIC_RANGE_MISSING; RATE_MISSING"
"SPC-0027","Vitamin B1 (Thiamine)","Special Chemistry","ANALYZER_CHEMISTRY","LAB_SPECIFICATION_REQUIRED","P1",1,"TRUE",0,"FALSE","FALSE",0,"LC-MS/MS/HPLC/ICP-MS as validated","Serum/Whole Blood/Urine as specified","RATE_PENDING","NUMERIC_RANGE_MISSING; RATE_MISSING"
"SPC-0028","Vitamin B6 (PLP)","Special Chemistry","ANALYZER_CHEMISTRY","LAB_SPECIFICATION_REQUIRED","P1",1,"TRUE",0,"FALSE","FALSE",0,"LC-MS/MS/HPLC/ICP-MS as validated","Serum/Whole Blood/Urine as specified","RATE_PENDING","NUMERIC_RANGE_MISSING; RATE_MISSING"
"SPC-0029","Vitamin C","Special Chemistry","ANALYZER_CHEMISTRY","LAB_SPECIFICATION_REQUIRED","P1",1,"TRUE",0,"FALSE","FALSE",0,"LC-MS/MS/HPLC/ICP-MS as validated","Serum/Whole Blood/Urine as specified","RATE_PENDING","NUMERIC_RANGE_MISSING; RATE_MISSING"
"SPC-0030","Methylmalonic Acid","Special Chemistry","ANALYZER_CHEMISTRY","LAB_SPECIFICATION_REQUIRED","P1",1,"TRUE",0,"FALSE","FALSE",0,"LC-MS/MS/HPLC/ICP-MS as validated","Serum/Whole Blood/Urine as specified","RATE_PENDING","NUMERIC_RANGE_MISSING; RATE_MISSING"
"TOX-0001","Lithium","Toxicology / TDM","ANALYZER_CHEMISTRY","LAB_SPECIFICATION_REQUIRED","P1",1,"TRUE",0,"FALSE","FALSE",0,"Immunoassay/Chromatography/LC-MS","Serum/Plasma","RATE_PENDING","NUMERIC_RANGE_MISSING; RATE_MISSING"
"TOX-0002","Valproic Acid","Toxicology / TDM","ANALYZER_CHEMISTRY","LAB_SPECIFICATION_REQUIRED","P1",1,"TRUE",0,"FALSE","FALSE",0,"Immunoassay/Chromatography/LC-MS","Serum/Plasma","RATE_PENDING","NUMERIC_RANGE_MISSING; RATE_MISSING"
"TOX-0003","Carbamazepine","Toxicology / TDM","ANALYZER_CHEMISTRY","LAB_SPECIFICATION_REQUIRED","P1",1,"TRUE",0,"FALSE","FALSE",0,"Immunoassay/Chromatography/LC-MS","Serum/Plasma","RATE_PENDING","NUMERIC_RANGE_MISSING; RATE_MISSING"
"TOX-0004","Phenytoin, Total","Toxicology / TDM","ANALYZER_CHEMISTRY","LAB_SPECIFICATION_REQUIRED","P1",1,"TRUE",0,"FALSE","FALSE",0,"Immunoassay/Chromatography/LC-MS","Serum/Plasma","RATE_PENDING","NUMERIC_RANGE_MISSING; RATE_MISSING"
"TOX-0005","Phenytoin, Free","Toxicology / TDM","ANALYZER_CHEMISTRY","LAB_SPECIFICATION_REQUIRED","P1",1,"TRUE",0,"FALSE","FALSE",0,"Immunoassay/Chromatography/LC-MS","Serum/Plasma","RATE_PENDING","NUMERIC_RANGE_MISSING; RATE_MISSING"
"TOX-0006","Phenobarbital","Toxicology / TDM","ANALYZER_CHEMISTRY","LAB_SPECIFICATION_REQUIRED","P1",1,"TRUE",0,"FALSE","FALSE",0,"Immunoassay/Chromatography/LC-MS","Serum/Plasma","RATE_PENDING","NUMERIC_RANGE_MISSING; RATE_MISSING"
"TOX-0007","Digoxin","Toxicology / TDM","ANALYZER_CHEMISTRY","LAB_SPECIFICATION_REQUIRED","P1",1,"TRUE",0,"FALSE","FALSE",0,"Immunoassay/Chromatography/LC-MS","Serum/Plasma","RATE_PENDING","NUMERIC_RANGE_MISSING; RATE_MISSING"
"TOX-0008","Theophylline","Toxicology / TDM","ANALYZER_CHEMISTRY","LAB_SPECIFICATION_REQUIRED","P1",1,"TRUE",0,"FALSE","FALSE",0,"Immunoassay/Chromatography/LC-MS","Serum/Plasma","RATE_PENDING","NUMERIC_RANGE_MISSING; RATE_MISSING"
"TOX-0009","Vancomycin Trough","Toxicology / TDM","ANALYZER_CHEMISTRY","LAB_SPECIFICATION_REQUIRED","P1",1,"TRUE",0,"FALSE","FALSE",0,"Immunoassay/Chromatography/LC-MS","Serum/Plasma","RATE_PENDING","NUMERIC_RANGE_MISSING; RATE_MISSING"
"TOX-0010","Vancomycin Peak","Toxicology / TDM","ANALYZER_CHEMISTRY","LAB_SPECIFICATION_REQUIRED","P1",1,"TRUE",0,"FALSE","FALSE",0,"Immunoassay/Chromatography/LC-MS","Serum/Plasma","RATE_PENDING","NUMERIC_RANGE_MISSING; RATE_MISSING"
"TOX-0011","Gentamicin Trough","Toxicology / TDM","ANALYZER_CHEMISTRY","LAB_SPECIFICATION_REQUIRED","P1",1,"TRUE",0,"FALSE","FALSE",0,"Immunoassay/Chromatography/LC-MS","Serum/Plasma","RATE_PENDING","NUMERIC_RANGE_MISSING; RATE_MISSING"
"TOX-0012","Gentamicin Peak","Toxicology / TDM","ANALYZER_CHEMISTRY","LAB_SPECIFICATION_REQUIRED","P1",1,"TRUE",0,"FALSE","FALSE",0,"Immunoassay/Chromatography/LC-MS","Serum/Plasma","RATE_PENDING","NUMERIC_RANGE_MISSING; RATE_MISSING"
"TOX-0013","Amikacin Trough","Toxicology / TDM","ANALYZER_CHEMISTRY","LAB_SPECIFICATION_REQUIRED","P1",1,"TRUE",0,"FALSE","FALSE",0,"Immunoassay/Chromatography/LC-MS","Serum/Plasma","RATE_PENDING","NUMERIC_RANGE_MISSING; RATE_MISSING"
"TOX-0014","Amikacin Peak","Toxicology / TDM","ANALYZER_CHEMISTRY","LAB_SPECIFICATION_REQUIRED","P1",1,"TRUE",0,"FALSE","FALSE",0,"Immunoassay/Chromatography/LC-MS","Serum/Plasma","RATE_PENDING","NUMERIC_RANGE_MISSING; RATE_MISSING"
"TOX-0015","Tacrolimus","Toxicology / TDM","ANALYZER_CHEMISTRY","LAB_SPECIFICATION_REQUIRED","P1",1,"TRUE",0,"FALSE","FALSE",0,"Immunoassay/Chromatography/LC-MS","EDTA Whole Blood","RATE_PENDING","NUMERIC_RANGE_MISSING; RATE_MISSING"
"TOX-0016","Cyclosporine","Toxicology / TDM","ANALYZER_CHEMISTRY","LAB_SPECIFICATION_REQUIRED","P1",1,"TRUE",0,"FALSE","FALSE",0,"Immunoassay/Chromatography/LC-MS","EDTA Whole Blood","RATE_PENDING","NUMERIC_RANGE_MISSING; RATE_MISSING"
"TOX-0017","Sirolimus","Toxicology / TDM","ANALYZER_CHEMISTRY","LAB_SPECIFICATION_REQUIRED","P1",1,"TRUE",0,"FALSE","FALSE",0,"Immunoassay/Chromatography/LC-MS","EDTA Whole Blood","RATE_PENDING","NUMERIC_RANGE_MISSING; RATE_MISSING"
"TOX-0018","Everolimus","Toxicology / TDM","ANALYZER_CHEMISTRY","LAB_SPECIFICATION_REQUIRED","P1",1,"TRUE",0,"FALSE","FALSE",0,"Immunoassay/Chromatography/LC-MS","EDTA Whole Blood","RATE_PENDING","NUMERIC_RANGE_MISSING; RATE_MISSING"
"TOX-0019","Methotrexate","Toxicology / TDM","ANALYZER_CHEMISTRY","LAB_SPECIFICATION_REQUIRED","P1",1,"TRUE",0,"FALSE","FALSE",0,"Immunoassay/Chromatography/LC-MS","Serum/Plasma","RATE_PENDING","NUMERIC_RANGE_MISSING; RATE_MISSING"
"TOX-0020","Acetaminophen / Paracetamol","Toxicology / TDM","ANALYZER_CHEMISTRY","LAB_SPECIFICATION_REQUIRED","P1",1,"TRUE",0,"FALSE","FALSE",0,"Immunoassay/Chromatography/LC-MS","Serum/Plasma","RATE_PENDING","NUMERIC_RANGE_MISSING; RATE_MISSING"
"TOX-0021","Salicylate","Toxicology / TDM","ANALYZER_CHEMISTRY","LAB_SPECIFICATION_REQUIRED","P1",1,"TRUE",0,"FALSE","FALSE",0,"Immunoassay/Chromatography/LC-MS","Serum/Plasma","RATE_PENDING","NUMERIC_RANGE_MISSING; RATE_MISSING"
"TOX-0022","Ethanol","Toxicology / TDM","ANALYZER_CHEMISTRY","LAB_SPECIFICATION_REQUIRED","P1",1,"TRUE",0,"FALSE","FALSE",0,"Immunoassay/Chromatography/LC-MS","Serum/Plasma","RATE_PENDING","NUMERIC_RANGE_MISSING; RATE_MISSING"
"TOX-0023","Methanol","Toxicology / TDM","ANALYZER_CHEMISTRY","LAB_SPECIFICATION_REQUIRED","P1",1,"TRUE",0,"FALSE","FALSE",0,"Immunoassay/Chromatography/LC-MS","Serum/Plasma","RATE_PENDING","NUMERIC_RANGE_MISSING; RATE_MISSING"
"TOX-0024","Ethylene Glycol","Toxicology / TDM","ANALYZER_CHEMISTRY","LAB_SPECIFICATION_REQUIRED","P1",1,"TRUE",0,"FALSE","FALSE",0,"Immunoassay/Chromatography/LC-MS","Serum/Plasma","RATE_PENDING","NUMERIC_RANGE_MISSING; RATE_MISSING"
"TOX-0025","Urine Drug Screen - Amphetamine","Toxicology / TDM","ANALYZER_CHEMISTRY","LAB_SPECIFICATION_REQUIRED","P1",1,"TRUE",0,"FALSE","FALSE",0,"Immunoassay screen; confirm by GC-MS/LC-MS if required","Urine","RATE_PENDING","NUMERIC_RANGE_MISSING; RATE_MISSING"
"TOX-0026","Urine Drug Screen - Methamphetamine","Toxicology / TDM","ANALYZER_CHEMISTRY","LAB_SPECIFICATION_REQUIRED","P1",1,"TRUE",0,"FALSE","FALSE",0,"Immunoassay screen; confirm by GC-MS/LC-MS if required","Urine","RATE_PENDING","NUMERIC_RANGE_MISSING; RATE_MISSING"
"TOX-0027","Urine Drug Screen - Cocaine Metabolite","Toxicology / TDM","ANALYZER_CHEMISTRY","LAB_SPECIFICATION_REQUIRED","P1",1,"TRUE",0,"FALSE","FALSE",0,"Immunoassay screen; confirm by GC-MS/LC-MS if required","Urine","RATE_PENDING","NUMERIC_RANGE_MISSING; RATE_MISSING"
"TOX-0028","Urine Drug Screen - Opiates","Toxicology / TDM","ANALYZER_CHEMISTRY","LAB_SPECIFICATION_REQUIRED","P1",1,"TRUE",0,"FALSE","FALSE",0,"Immunoassay screen; confirm by GC-MS/LC-MS if required","Urine","RATE_PENDING","NUMERIC_RANGE_MISSING; RATE_MISSING"
"TOX-0029","Urine Drug Screen - Morphine","Toxicology / TDM","ANALYZER_CHEMISTRY","LAB_SPECIFICATION_REQUIRED","P1",1,"TRUE",0,"FALSE","FALSE",0,"Immunoassay screen; confirm by GC-MS/LC-MS if required","Urine","RATE_PENDING","NUMERIC_RANGE_MISSING; RATE_MISSING"
"TOX-0030","Urine Drug Screen - Heroin/6-MAM","Toxicology / TDM","ANALYZER_CHEMISTRY","LAB_SPECIFICATION_REQUIRED","P1",1,"TRUE",0,"FALSE","FALSE",0,"Immunoassay screen; confirm by GC-MS/LC-MS if required","Urine","RATE_PENDING","NUMERIC_RANGE_MISSING; RATE_MISSING"
"TOX-0031","Urine Drug Screen - Cannabinoids/THC","Toxicology / TDM","ANALYZER_CHEMISTRY","LAB_SPECIFICATION_REQUIRED","P1",1,"TRUE",0,"FALSE","FALSE",0,"Immunoassay screen; confirm by GC-MS/LC-MS if required","Urine","RATE_PENDING","NUMERIC_RANGE_MISSING; RATE_MISSING"
"TOX-0032","Urine Drug Screen - Benzodiazepines","Toxicology / TDM","ANALYZER_CHEMISTRY","LAB_SPECIFICATION_REQUIRED","P1",1,"TRUE",0,"FALSE","FALSE",0,"Immunoassay screen; confirm by GC-MS/LC-MS if required","Urine","RATE_PENDING","NUMERIC_RANGE_MISSING; RATE_MISSING"
"TOX-0033","Urine Drug Screen - Barbiturates","Toxicology / TDM","ANALYZER_CHEMISTRY","LAB_SPECIFICATION_REQUIRED","P1",1,"TRUE",0,"FALSE","FALSE",0,"Immunoassay screen; confirm by GC-MS/LC-MS if required","Urine","RATE_PENDING","NUMERIC_RANGE_MISSING; RATE_MISSING"
"TOX-0034","Urine Drug Screen - Methadone","Toxicology / TDM","ANALYZER_CHEMISTRY","LAB_SPECIFICATION_REQUIRED","P1",1,"TRUE",0,"FALSE","FALSE",0,"Immunoassay screen; confirm by GC-MS/LC-MS if required","Urine","RATE_PENDING","NUMERIC_RANGE_MISSING; RATE_MISSING"
"TOX-0035","Urine Drug Screen - Buprenorphine","Toxicology / TDM","ANALYZER_CHEMISTRY","LAB_SPECIFICATION_REQUIRED","P1",1,"TRUE",0,"FALSE","FALSE",0,"Immunoassay screen; confirm by GC-MS/LC-MS if required","Urine","RATE_PENDING","NUMERIC_RANGE_MISSING; RATE_MISSING"
"TOX-0036","Urine Drug Screen - Tramadol","Toxicology / TDM","ANALYZER_CHEMISTRY","LAB_SPECIFICATION_REQUIRED","P1",1,"TRUE",0,"FALSE","FALSE",0,"Immunoassay screen; confirm by GC-MS/LC-MS if required","Urine","RATE_PENDING","NUMERIC_RANGE_MISSING; RATE_MISSING"
"TOX-0037","Urine Drug Screen - Fentanyl","Toxicology / TDM","ANALYZER_CHEMISTRY","LAB_SPECIFICATION_REQUIRED","P1",1,"TRUE",0,"FALSE","FALSE",0,"Immunoassay screen; confirm by GC-MS/LC-MS if required","Urine","RATE_PENDING","NUMERIC_RANGE_MISSING; RATE_MISSING"
"TOX-0038","Urine Drug Screen - Phencyclidine (PCP)","Toxicology / TDM","ANALYZER_CHEMISTRY","LAB_SPECIFICATION_REQUIRED","P1",1,"TRUE",0,"FALSE","FALSE",0,"Immunoassay screen; confirm by GC-MS/LC-MS if required","Urine","RATE_PENDING","NUMERIC_RANGE_MISSING; RATE_MISSING"
"TOX-0039","Urine Drug Screen - Tricyclic Antidepressants","Toxicology / TDM","ANALYZER_CHEMISTRY","LAB_SPECIFICATION_REQUIRED","P1",1,"TRUE",0,"FALSE","FALSE",0,"Immunoassay screen; confirm by GC-MS/LC-MS if required","Urine","RATE_PENDING","NUMERIC_RANGE_MISSING; RATE_MISSING"
"TOX-0040","Urine Drug Screen - Ketamine","Toxicology / TDM","ANALYZER_CHEMISTRY","LAB_SPECIFICATION_REQUIRED","P1",1,"TRUE",0,"FALSE","FALSE",0,"Immunoassay screen; confirm by GC-MS/LC-MS if required","Urine","RATE_PENDING","NUMERIC_RANGE_MISSING; RATE_MISSING"
"TOX-0041","Urine Drug Screen - MDMA/Ecstasy","Toxicology / TDM","ANALYZER_CHEMISTRY","LAB_SPECIFICATION_REQUIRED","P1",1,"TRUE",0,"FALSE","FALSE",0,"Immunoassay screen; confirm by GC-MS/LC-MS if required","Urine","RATE_PENDING","NUMERIC_RANGE_MISSING; RATE_MISSING"
"TOX-0042","Lead, Blood","Toxicology / TDM","ANALYZER_CHEMISTRY","LAB_SPECIFICATION_REQUIRED","P1",1,"TRUE",0,"FALSE","FALSE",0,"ICP-MS/AAS","Blood/Urine as specified","RATE_PENDING","NUMERIC_RANGE_MISSING; RATE_MISSING"
"TOX-0043","Mercury, Blood","Toxicology / TDM","ANALYZER_CHEMISTRY","LAB_SPECIFICATION_REQUIRED","P1",1,"TRUE",0,"FALSE","FALSE",0,"ICP-MS/AAS","Blood/Urine as specified","RATE_PENDING","NUMERIC_RANGE_MISSING; RATE_MISSING"
"TOX-0044","Mercury, Urine","Toxicology / TDM","ANALYZER_CHEMISTRY","LAB_SPECIFICATION_REQUIRED","P1",1,"TRUE",0,"FALSE","FALSE",0,"ICP-MS/AAS","Blood/Urine as specified","RATE_PENDING","NUMERIC_RANGE_MISSING; RATE_MISSING"
"TOX-0045","Arsenic, Blood","Toxicology / TDM","ANALYZER_CHEMISTRY","LAB_SPECIFICATION_REQUIRED","P1",1,"TRUE",0,"FALSE","FALSE",0,"ICP-MS/AAS","Blood/Urine as specified","RATE_PENDING","NUMERIC_RANGE_MISSING; RATE_MISSING"
"TOX-0046","Arsenic, Urine","Toxicology / TDM","ANALYZER_CHEMISTRY","LAB_SPECIFICATION_REQUIRED","P1",1,"TRUE",0,"FALSE","FALSE",0,"ICP-MS/AAS","Blood/Urine as specified","RATE_PENDING","NUMERIC_RANGE_MISSING; RATE_MISSING"
"TOX-0047","Cadmium, Blood","Toxicology / TDM","ANALYZER_CHEMISTRY","LAB_SPECIFICATION_REQUIRED","P1",1,"TRUE",0,"FALSE","FALSE",0,"ICP-MS/AAS","Blood/Urine as specified","RATE_PENDING","NUMERIC_RANGE_MISSING; RATE_MISSING"
"TOX-0048","Cadmium, Urine","Toxicology / TDM","ANALYZER_CHEMISTRY","LAB_SPECIFICATION_REQUIRED","P1",1,"TRUE",0,"FALSE","FALSE",0,"ICP-MS/AAS","Blood/Urine as specified","RATE_PENDING","NUMERIC_RANGE_MISSING; RATE_MISSING"
"TOX-0049","Aluminium, Serum","Toxicology / TDM","ANALYZER_CHEMISTRY","LAB_SPECIFICATION_REQUIRED","P1",1,"TRUE",0,"FALSE","FALSE",0,"ICP-MS/AAS","Blood/Urine as specified","RATE_PENDING","NUMERIC_RANGE_MISSING; RATE_MISSING"
"TUM-0001","AFP","Tumor Markers","IMMUNOASSAY","LAB_SPECIFICATION_REQUIRED","P1",1,"TRUE",0,"FALSE","FALSE",0,"CLIA/ECLIA/Validated immunoassay","Serum / Plasma","1400.00","NUMERIC_RANGE_MISSING"
"TUM-0002","CEA","Tumor Markers","IMMUNOASSAY","LAB_SPECIFICATION_REQUIRED","P1",1,"TRUE",0,"FALSE","FALSE",0,"CLIA/ECLIA/Validated immunoassay","Serum / Plasma","1400.00","NUMERIC_RANGE_MISSING"
"TUM-0003","CA 125","Tumor Markers","IMMUNOASSAY","LAB_SPECIFICATION_REQUIRED","P1",1,"TRUE",0,"FALSE","FALSE",0,"CLIA/ECLIA/Validated immunoassay","Serum / Plasma","2000.00","NUMERIC_RANGE_MISSING"
"TUM-0004","CA 19-9","Tumor Markers","IMMUNOASSAY","LAB_SPECIFICATION_REQUIRED","P1",1,"TRUE",0,"FALSE","FALSE",0,"CLIA/ECLIA/Validated immunoassay","Serum / Plasma","2000.00","NUMERIC_RANGE_MISSING"
"TUM-0005","CA 15-3","Tumor Markers","IMMUNOASSAY","LAB_SPECIFICATION_REQUIRED","P1",1,"TRUE",0,"FALSE","FALSE",0,"CLIA/ECLIA/Validated immunoassay","Serum / Plasma","2000.00","NUMERIC_RANGE_MISSING"
"TUM-0006","CA 72-4","Tumor Markers","IMMUNOASSAY","LAB_SPECIFICATION_REQUIRED","P1",1,"TRUE",0,"FALSE","FALSE",0,"CLIA/ECLIA/Validated immunoassay","Serum / Plasma","RATE_PENDING","NUMERIC_RANGE_MISSING; RATE_MISSING"
"TUM-0007","PSA, Total","Tumor Markers","IMMUNOASSAY","LAB_SPECIFICATION_REQUIRED","P1",1,"TRUE",0,"FALSE","FALSE",0,"CLIA/ECLIA/Validated immunoassay","Serum / Plasma","1200.00","NUMERIC_RANGE_MISSING"
"TUM-0008","PSA, Free","Tumor Markers","IMMUNOASSAY","LAB_SPECIFICATION_REQUIRED","P1",1,"TRUE",0,"FALSE","FALSE",0,"CLIA/ECLIA/Validated immunoassay","Serum / Plasma","RATE_PENDING","NUMERIC_RANGE_MISSING; RATE_MISSING"
"TUM-0009","Free/Total PSA Ratio","Tumor Markers","IMMUNOASSAY","LAB_SPECIFICATION_REQUIRED","P1",1,"TRUE",0,"FALSE","FALSE",0,"Governed Mathematical Calculation","Serum / Plasma","RATE_PENDING","NUMERIC_RANGE_MISSING; RATE_MISSING"
"TUM-0010","Beta-hCG Tumor Marker","Tumor Markers","IMMUNOASSAY","LAB_SPECIFICATION_REQUIRED","P1",1,"TRUE",0,"FALSE","FALSE",0,"CLIA/ECLIA/Validated immunoassay","Serum / Plasma","RATE_PENDING","NUMERIC_RANGE_MISSING; RATE_MISSING"
"TUM-0011","HE4","Tumor Markers","IMMUNOASSAY","LAB_SPECIFICATION_REQUIRED","P1",1,"TRUE",0,"FALSE","FALSE",0,"CLIA/ECLIA/Validated immunoassay","Serum / Plasma","RATE_PENDING","NUMERIC_RANGE_MISSING; RATE_MISSING"
"TUM-0012","ROMA Index","Tumor Markers","IMMUNOASSAY","LAB_SPECIFICATION_REQUIRED","P1",1,"TRUE",0,"FALSE","FALSE",0,"Governed Mathematical Calculation","Serum / Plasma","RATE_PENDING","NUMERIC_RANGE_MISSING; RATE_MISSING"
"TUM-0013","NSE","Tumor Markers","IMMUNOASSAY","LAB_SPECIFICATION_REQUIRED","P1",1,"TRUE",0,"FALSE","FALSE",0,"CLIA/ECLIA/Validated immunoassay","Serum / Plasma","RATE_PENDING","NUMERIC_RANGE_MISSING; RATE_MISSING"
"TUM-0014","ProGRP","Tumor Markers","IMMUNOASSAY","LAB_SPECIFICATION_REQUIRED","P1",1,"TRUE",0,"FALSE","FALSE",0,"CLIA/ECLIA/Validated immunoassay","Serum / Plasma","RATE_PENDING","NUMERIC_RANGE_MISSING; RATE_MISSING"
"TUM-0015","SCC Antigen","Tumor Markers","IMMUNOASSAY","LAB_SPECIFICATION_REQUIRED","P1",1,"TRUE",0,"FALSE","FALSE",0,"CLIA/ECLIA/Validated immunoassay","Serum / Plasma","RATE_PENDING","NUMERIC_RANGE_MISSING; RATE_MISSING"
"TUM-0016","CYFRA 21-1","Tumor Markers","IMMUNOASSAY","LAB_SPECIFICATION_REQUIRED","P1",1,"TRUE",0,"FALSE","FALSE",0,"CLIA/ECLIA/Validated immunoassay","Serum / Plasma","RATE_PENDING","NUMERIC_RANGE_MISSING; RATE_MISSING"
"TUM-0017","Thyroglobulin Tumor Marker","Tumor Markers","IMMUNOASSAY","LAB_SPECIFICATION_REQUIRED","P1",1,"TRUE",0,"FALSE","FALSE",0,"CLIA/ECLIA/Validated immunoassay","Serum / Plasma","RATE_PENDING","NUMERIC_RANGE_MISSING; RATE_MISSING"
"TUM-0018","Calcitonin Tumor Marker","Tumor Markers","IMMUNOASSAY","LAB_SPECIFICATION_REQUIRED","P1",1,"TRUE",0,"FALSE","FALSE",0,"CLIA/ECLIA/Validated immunoassay","Serum / Plasma","RATE_PENDING","NUMERIC_RANGE_MISSING; RATE_MISSING"
"TUM-0019","Beta-2 Microglobulin","Tumor Markers","IMMUNOASSAY","LAB_SPECIFICATION_REQUIRED","P1",1,"TRUE",0,"FALSE","FALSE",0,"CLIA/ECLIA/Validated immunoassay","Serum / Plasma","RATE_PENDING","NUMERIC_RANGE_MISSING; RATE_MISSING"
"TUM-0020","LDH - Oncology","Tumor Markers","IMMUNOASSAY","LAB_SPECIFICATION_REQUIRED","P1",1,"TRUE",0,"FALSE","FALSE",0,"CLIA/ECLIA/Validated immunoassay","Serum / Plasma","RATE_PENDING","NUMERIC_RANGE_MISSING; RATE_MISSING"
"TUM-0021","CA 27.29","Tumor Markers","IMMUNOASSAY","LAB_SPECIFICATION_REQUIRED","P1",1,"TRUE",0,"FALSE","FALSE",0,"CLIA/ECLIA/Validated immunoassay","Serum / Plasma","RATE_PENDING","NUMERIC_RANGE_MISSING; RATE_MISSING"
"TUM-0022","PIVKA-II / DCP","Tumor Markers","IMMUNOASSAY","LAB_SPECIFICATION_REQUIRED","P1",1,"TRUE",0,"FALSE","FALSE",0,"CLIA/ECLIA/Validated immunoassay","Serum / Plasma","RATE_PENDING","NUMERIC_RANGE_MISSING; RATE_MISSING"
"TUM-0023","PAP (Prostatic Acid Phosphatase)","Tumor Markers","IMMUNOASSAY","LAB_SPECIFICATION_REQUIRED","P1",1,"TRUE",0,"FALSE","FALSE",0,"CLIA/ECLIA/Validated immunoassay","Serum / Plasma","RATE_PENDING","NUMERIC_RANGE_MISSING; RATE_MISSING"
"TUM-0024","Chromogranin A Tumor Marker","Tumor Markers","IMMUNOASSAY","LAB_SPECIFICATION_REQUIRED","P1",1,"TRUE",0,"FALSE","FALSE",0,"CLIA/ECLIA/Validated immunoassay","Serum / Plasma","RATE_PENDING","NUMERIC_RANGE_MISSING; RATE_MISSING"
"HEM-0060","Antibody Identification Panel","Hematology","PROFILE_PANEL","PARTIAL","P2",1,"FALSE",0,"FALSE","FALSE",0,"Configure per analyzer/SOP","EDTA Whole Blood / Serum as applicable","RATE_PENDING","RATE_MISSING"
"HEM-0070","Acute Leukemia Screening Panel","Hematology","PROFILE_PANEL","PARTIAL","P2",1,"FALSE",0,"FALSE","FALSE",0,"Multiparameter flow cytometry","EDTA/Heparin Blood or Bone Marrow","RATE_PENDING","RATE_MISSING"
"HEM-0071","AML Flow Cytometry Panel","Hematology","PROFILE_PANEL","PARTIAL","P2",1,"FALSE",0,"FALSE","FALSE",0,"Multiparameter flow cytometry","EDTA/Heparin Blood or Bone Marrow","RATE_PENDING","RATE_MISSING"
"HEM-0072","B-ALL Flow Cytometry Panel","Hematology","PROFILE_PANEL","PARTIAL","P2",1,"FALSE",0,"FALSE","FALSE",0,"Multiparameter flow cytometry","EDTA/Heparin Blood or Bone Marrow","RATE_PENDING","RATE_MISSING"
"HEM-0073","T-ALL Flow Cytometry Panel","Hematology","PROFILE_PANEL","PARTIAL","P2",1,"FALSE",0,"FALSE","FALSE",0,"Multiparameter flow cytometry","EDTA/Heparin Blood or Bone Marrow","RATE_PENDING","RATE_MISSING"
"HEM-0074","CLL Flow Cytometry Panel","Hematology","PROFILE_PANEL","PARTIAL","P2",1,"FALSE",0,"FALSE","FALSE",0,"Multiparameter flow cytometry","EDTA/Heparin Blood or Bone Marrow","RATE_PENDING","RATE_MISSING"
"HEM-0075","Lymphoma Flow Cytometry Panel","Hematology","PROFILE_PANEL","PARTIAL","P2",1,"FALSE",0,"FALSE","FALSE",0,"Multiparameter flow cytometry","EDTA/Heparin Blood or Bone Marrow","RATE_PENDING","RATE_MISSING"
"HEM-0076","Plasma Cell Myeloma Flow Panel","Hematology","PROFILE_PANEL","PARTIAL","P2",1,"FALSE",0,"FALSE","FALSE",0,"Multiparameter flow cytometry","EDTA/Heparin Blood or Bone Marrow","RATE_PENDING","RATE_MISSING"
"HEM-0077","PNH Flow Cytometry Panel","Hematology","PROFILE_PANEL","PARTIAL","P2",1,"FALSE",0,"FALSE","FALSE",0,"Multiparameter flow cytometry","EDTA/Heparin Blood or Bone Marrow","RATE_PENDING","RATE_MISSING"
"IMM-0090","Lymphocyte Subset Panel","Immunology","PROFILE_PANEL","PARTIAL","P2",1,"FALSE",0,"FALSE","FALSE",0,"ELISA/Flow/Functional assay as validated","Serum / Whole Blood as applicable","RATE_PENDING","RATE_MISSING"