"test_code","test_name","category","active_rate_npr","active_rate_paisa","rate_status","rate_source","effective_from","needs_admin_price"
"ALG-0001","Specific IgE - House Dust Mite D. pteronyssinus","Specific IgE","0.00","0","RATE_PENDING","NONE","N/A","TRUE"
"ALG-0002","Specific IgE - House Dust Mite D. farinae","Specific IgE","0.00","0","RATE_PENDING","NONE","N/A","TRUE"
"ALG-0003","Specific IgE - Cockroach","Specific IgE","0.00","0","RATE_PENDING","NONE","N/A","TRUE"
"ALG-0004","Specific IgE - Cat Dander","Specific IgE","0.00","0","RATE_PENDING","NONE","N/A","TRUE"
"ALG-0005","Specific IgE - Dog Dander","Specific IgE","0.00","0","RATE_PENDING","NONE","N/A","TRUE"
"ALG-0006","Specific IgE - Alternaria alternata","Specific IgE","0.00","0","RATE_PENDING","NONE","N/A","TRUE"
"ALG-0007","Specific IgE - Aspergillus fumigatus","Specific IgE","0.00","0","RATE_PENDING","NONE","N/A","TRUE"
"ALG-0008","Specific IgE - Cladosporium herbarum","Specific IgE","0.00","0","RATE_PENDING","NONE","N/A","TRUE"
"ALG-0009","Specific IgE - Penicillium chrysogenum","Specific IgE","0.00","0","RATE_PENDING","NONE","N/A","TRUE"
"ALG-0010","Specific IgE - Bermuda Grass","Specific IgE","0.00","0","RATE_PENDING","NONE","N/A","TRUE"
"ALG-0011","Specific IgE - Timothy Grass","Specific IgE","0.00","0","RATE_PENDING","NONE","N/A","TRUE"
"ALG-0012","Specific IgE - Rye Grass","Specific IgE","0.00","0","RATE_PENDING","NONE","N/A","TRUE"
"ALG-0013","Specific IgE - Johnson Grass","Specific IgE","0.00","0","RATE_PENDING","NONE","N/A","TRUE"
"ALG-0014","Specific IgE - Common Ragweed","Specific IgE","0.00","0","RATE_PENDING","NONE","N/A","TRUE"
"ALG-0015","Specific IgE - Mugwort","Specific IgE","0.00","0","RATE_PENDING","NONE","N/A","TRUE"
"ALG-0016","Specific IgE - Birch","Specific IgE","0.00","0","RATE_PENDING","NONE","N/A","TRUE"
"ALG-0017","Specific IgE - Oak","Specific IgE","0.00","0","RATE_PENDING","NONE","N/A","TRUE"
"ALG-0018","Specific IgE - Olive Tree","Specific IgE","0.00","0","RATE_PENDING","NONE","N/A","TRUE"
"ALG-0019","Specific IgE - Cow's Milk","Specific IgE","0.00","0","RATE_PENDING","NONE","N/A","TRUE"
"ALG-0020","Specific IgE - Egg White","Specific IgE","0.00","0","RATE_PENDING","NONE","N/A","TRUE"
"ALG-0021","Specific IgE - Egg Yolk","Specific IgE","0.00","0","RATE_PENDING","NONE","N/A","TRUE"
"ALG-0022","Specific IgE - Peanut","Specific IgE","0.00","0","RATE_PENDING","NONE","N/A","TRUE"
"ALG-0023","Specific IgE - Soybean","Specific IgE","0.00","0","RATE_PENDING","NONE","N/A","TRUE"
"ALG-0024","Specific IgE - Wheat","Specific IgE","0.00","0","RATE_PENDING","NONE","N/A","TRUE"
"ALG-0025","Specific IgE - Rice","Specific IgE","0.00","0","RATE_PENDING","NONE","N/A","TRUE"
"ALG-0026","Specific IgE - Maize/Corn","Specific IgE","0.00","0","RATE_PENDING","NONE","N/A","TRUE"
"ALG-0027","Specific IgE - Sesame","Specific IgE","0.00","0","RATE_PENDING","NONE","N/A","TRUE"
"ALG-0028","Specific IgE - Walnut","Specific IgE","0.00","0","RATE_PENDING","NONE","N/A","TRUE"
"ALG-0029","Specific IgE - Cashew","Specific IgE","0.00","0","RATE_PENDING","NONE","N/A","TRUE"
"ALG-0030","Specific IgE - Almond","Specific IgE","0.00","0","RATE_PENDING","NONE","N/A","TRUE"
"ALG-0031","Specific IgE - Hazelnut","Specific IgE","0.00","0","RATE_PENDING","NONE","N/A","TRUE"
"ALG-0032","Specific IgE - Shrimp","Specific IgE","0.00","0","RATE_PENDING","NONE","N/A","TRUE"
"ALG-0033","Specific IgE - Crab","Specific IgE","0.00","0","RATE_PENDING","NONE","N/A","TRUE"
"ALG-0034","Specific IgE - Lobster","Specific IgE","0.00","0","RATE_PENDING","NONE","N/A","TRUE"
"ALG-0035","Specific IgE - Tuna","Specific IgE","0.00","0","RATE_PENDING","NONE","N/A","TRUE"
"ALG-0036","Specific IgE - Salmon","Specific IgE","0.00","0","RATE_PENDING","NONE","N/A","TRUE"
"ALG-0037","Specific IgE - Codfish","Specific IgE","0.00","0","RATE_PENDING","NONE","N/A","TRUE"
"ALG-0038","Specific IgE - Beef","Specific IgE","0.00","0","RATE_PENDING","NONE","N/A","TRUE"
"ALG-0039","Specific IgE - Chicken Meat","Specific IgE","0.00","0","RATE_PENDING","NONE","N/A","TRUE"
"ALG-0040","Specific IgE - Pork","Specific IgE","0.00","0","RATE_PENDING","NONE","N/A","TRUE"
"ALG-0041","Specific IgE - Mustard","Specific IgE","0.00","0","RATE_PENDING","NONE","N/A","TRUE"
"ALG-0042","Specific IgE - Latex","Specific IgE","0.00","0","RATE_PENDING","NONE","N/A","TRUE"
"ALG-0043","Specific IgE - Honey Bee Venom","Specific IgE","0.00","0","RATE_PENDING","NONE","N/A","TRUE"
"ALG-0044","Specific IgE - Wasp Venom","Specific IgE","0.00","0","RATE_PENDING","NONE","N/A","TRUE"
"ALG-0045","Specific IgE - Mosquito","Specific IgE","0.00","0","RATE_PENDING","NONE","N/A","TRUE"
"ALG-0046","Specific IgE - Penicillin G","Specific IgE","0.00","0","RATE_PENDING","NONE","N/A","TRUE"
"ALG-0047","Specific IgE - Penicillin V","Specific IgE","0.00","0","RATE_PENDING","NONE","N/A","TRUE"
"ALG-0048","Specific IgE - Amoxicillin","Specific IgE","0.00","0","RATE_PENDING","NONE","N/A","TRUE"
"ALG-0049","Food Allergy Panel","Panels","0.00","0","RATE_PENDING","NONE","N/A","TRUE"
"ALG-0050","Inhalant Allergy Panel","Panels","0.00","0","RATE_PENDING","NONE","N/A","TRUE"
"ALG-0051","Pediatric Allergy Panel","Panels","0.00","0","RATE_PENDING","NONE","N/A","TRUE"
"ALG-0052","Atopy Screen","Panels","0.00","0","RATE_PENDING","NONE","N/A","TRUE"
"BIO-0001","Glucose, Fasting","General Chemistry","150.00","15000","ACTIVE","CATALOGUE_RATE_VERSIONS","2026-09-17T02:24:52.214398+00:00","FALSE"
"BIO-0002","Glucose, Random","General Chemistry","150.00","15000","ACTIVE","CATALOGUE_RATE_VERSIONS","2026-09-17T02:24:52.222438+00:00","FALSE"
"BIO-0003","Glucose, Postprandial 2 hr","General Chemistry","150.00","15000","ACTIVE","CATALOGUE_RATE_VERSIONS","2026-09-17T02:24:52.222507+00:00","FALSE"
"BIO-0004","Glucose, 1 hr Post Glucose","General Chemistry","0.00","0","RATE_PENDING","NONE","N/A","TRUE"
"BIO-0005","Glucose, 2 hr Post Glucose","General Chemistry","0.00","0","RATE_PENDING","NONE","N/A","TRUE"
"BIO-0006","HbA1c","General Chemistry","800.00","80000","ACTIVE","CATALOGUE_RATE_VERSIONS","2026-09-16T07:36:39.564555+00:00","FALSE"
"BIO-0007","Fructosamine","General Chemistry","0.00","0","RATE_PENDING","NONE","N/A","TRUE"
"BIO-0008","Urea","General Chemistry","200.00","20000","ACTIVE","CATALOGUE_RATE_VERSIONS","2026-09-17T02:24:52.222538+00:00","FALSE"
"BIO-0009","Blood Urea Nitrogen (BUN)","General Chemistry","200.00","20000","ACTIVE","CATALOGUE_RATE_VERSIONS","2026-09-17T02:24:52.222572+00:00","FALSE"
"BIO-0010","Creatinine","General Chemistry","200.00","20000","ACTIVE","CATALOGUE_RATE_VERSIONS","2026-09-17T02:24:52.222602+00:00","FALSE"
"BIO-0011","eGFR","General Chemistry","0.00","0","RATE_PENDING","NONE","N/A","TRUE"
"BIO-0012","Uric Acid","General Chemistry","250.00","25000","ACTIVE","CATALOGUE_RATE_VERSIONS","2026-09-17T02:24:52.222657+00:00","FALSE"
"BIO-0013","Total Protein","General Chemistry","200.00","20000","ACTIVE","CATALOGUE_RATE_VERSIONS","2026-09-18T12:20:51.538254+00:00","FALSE"
"BIO-0014","Albumin","General Chemistry","200.00","20000","ACTIVE","CATALOGUE_RATE_VERSIONS","2026-09-18T12:20:51.538226+00:00","FALSE"
"BIO-0015","Globulin","General Chemistry","0.00","0","RATE_PENDING","NONE","N/A","TRUE"
"BIO-0016","A/G Ratio","General Chemistry","0.00","0","RATE_PENDING","NONE","N/A","TRUE"
"BIO-0017","Total Bilirubin","General Chemistry","0.00","0","RATE_PENDING","NONE","N/A","TRUE"
"BIO-0018","Direct Bilirubin","General Chemistry","0.00","0","RATE_PENDING","NONE","N/A","TRUE"
"BIO-0019","Indirect Bilirubin","General Chemistry","0.00","0","RATE_PENDING","NONE","N/A","TRUE"
"BIO-0020","AST (SGOT)","General Chemistry","300.00","30000","ACTIVE","CATALOGUE_RATE_VERSIONS","2026-09-18T12:20:51.538126+00:00","FALSE"
"BIO-0021","ALT (SGPT)","General Chemistry","300.00","30000","ACTIVE","CATALOGUE_RATE_VERSIONS","2026-09-18T12:20:51.530416+00:00","FALSE"
"BIO-0022","Alkaline Phosphatase (ALP)","General Chemistry","250.00","25000","ACTIVE","CATALOGUE_RATE_VERSIONS","2026-09-18T12:20:51.538202+00:00","FALSE"
"BIO-0023","GGT","General Chemistry","800.00","80000","ACTIVE","CATALOGUE_RATE_VERSIONS","2026-09-18T12:20:51.53829+00:00","FALSE"
"BIO-0024","LDH","General Chemistry","500.00","50000","ACTIVE","CATALOGUE_RATE_VERSIONS","2026-09-18T12:20:51.538444+00:00","FALSE"
"BIO-0025","Cholinesterase","General Chemistry","0.00","0","RATE_PENDING","NONE","N/A","TRUE"
"BIO-0026","Ammonia","General Chemistry","0.00","0","RATE_PENDING","NONE","N/A","TRUE"
"BIO-0027","Total Cholesterol","General Chemistry","200.00","20000","ACTIVE","CATALOGUE_RATE_VERSIONS","2026-09-18T12:20:51.538345+00:00","FALSE"
"BIO-0028","Triglycerides","General Chemistry","250.00","25000","ACTIVE","CATALOGUE_RATE_VERSIONS","2026-09-18T12:20:51.53837+00:00","FALSE"
"BIO-0029","HDL Cholesterol","General Chemistry","250.00","25000","ACTIVE","CATALOGUE_RATE_VERSIONS","2026-09-18T12:20:51.538387+00:00","FALSE"
"BIO-0030","LDL Cholesterol, Direct","General Chemistry","450.00","45000","ACTIVE","CATALOGUE_RATE_VERSIONS","2026-09-18T12:20:51.538403+00:00","FALSE"
"BIO-0031","LDL Cholesterol, Calculated","General Chemistry","0.00","0","RATE_PENDING","NONE","N/A","TRUE"
"BIO-0032","VLDL Cholesterol","General Chemistry","0.00","0","RATE_PENDING","NONE","N/A","TRUE"
"BIO-0033","Non-HDL Cholesterol","General Chemistry","0.00","0","RATE_PENDING","NONE","N/A","TRUE"
"BIO-0034","Apolipoprotein A1","General Chemistry","0.00","0","RATE_PENDING","NONE","N/A","TRUE"
"BIO-0035","Apolipoprotein B","General Chemistry","0.00","0","RATE_PENDING","NONE","N/A","TRUE"
"BIO-0036","Lipoprotein(a)","General Chemistry","0.00","0","RATE_PENDING","NONE","N/A","TRUE"
"BIO-0037","Sodium","General Chemistry","250.00","25000","ACTIVE","CATALOGUE_RATE_VERSIONS","2026-09-17T02:24:52.222672+00:00","FALSE"
"BIO-0038","Potassium","General Chemistry","250.00","25000","ACTIVE","CATALOGUE_RATE_VERSIONS","2026-09-17T02:24:52.222686+00:00","FALSE"
"BIO-0039","Chloride","General Chemistry","0.00","0","RATE_PENDING","NONE","N/A","TRUE"
"BIO-0040","Bicarbonate / Total CO2","General Chemistry","0.00","0","RATE_PENDING","NONE","N/A","TRUE"
"BIO-0041","Calcium, Total","General Chemistry","300.00","30000","ACTIVE","CATALOGUE_RATE_VERSIONS","2026-09-17T02:24:52.222749+00:00","FALSE"
"BIO-0042","Calcium, Ionized","General Chemistry","0.00","0","RATE_PENDING","NONE","N/A","TRUE"
"BIO-0043","Phosphorus","General Chemistry","300.00","30000","ACTIVE","CATALOGUE_RATE_VERSIONS","2026-09-17T02:24:52.222784+00:00","FALSE"
"BIO-0044","Magnesium","General Chemistry","0.00","0","RATE_PENDING","NONE","N/A","TRUE"
"BIO-0045","Iron","General Chemistry","0.00","0","RATE_PENDING","NONE","N/A","TRUE"
"BIO-0046","TIBC","General Chemistry","0.00","0","RATE_PENDING","NONE","N/A","TRUE"
"BIO-0047","UIBC","General Chemistry","0.00","0","RATE_PENDING","NONE","N/A","TRUE"
"BIO-0048","Transferrin","General Chemistry","0.00","0","RATE_PENDING","NONE","N/A","TRUE"
"BIO-0049","Transferrin Saturation","General Chemistry","0.00","0","RATE_PENDING","NONE","N/A","TRUE"
"BIO-0050","Ferritin","General Chemistry","1000.00","100000","ACTIVE","CATALOGUE_RATE_VERSIONS","2026-09-16T07:36:39.564555+00:00","FALSE"
"BIO-0051","Vitamin B12","General Chemistry","1800.00","180000","ACTIVE","CATALOGUE_RATE_VERSIONS","2026-09-18T12:20:51.539294+00:00","FALSE"
"BIO-0052","Folate","General Chemistry","2000.00","200000","ACTIVE","CATALOGUE_RATE_VERSIONS","2026-09-18T12:20:51.539216+00:00","FALSE"
"BIO-0053","Vitamin D, 25-OH","General Chemistry","2000.00","200000","ACTIVE","CATALOGUE_RATE_VERSIONS","2026-09-16T07:36:39.564555+00:00","FALSE"
"BIO-0054","Vitamin D, 1,25-dihydroxy","General Chemistry","0.00","0","RATE_PENDING","NONE","N/A","TRUE"
"BIO-0055","Zinc","General Chemistry","0.00","0","RATE_PENDING","NONE","N/A","TRUE"
"BIO-0056","Copper","General Chemistry","0.00","0","RATE_PENDING","NONE","N/A","TRUE"
"BIO-0057","Ceruloplasmin","General Chemistry","0.00","0","RATE_PENDING","NONE","N/A","TRUE"
"BIO-0058","Amylase","General Chemistry","500.00","50000","ACTIVE","CATALOGUE_RATE_VERSIONS","2026-09-17T02:24:52.224217+00:00","FALSE"
"BIO-0059","Lipase","General Chemistry","600.00","60000","ACTIVE","CATALOGUE_RATE_VERSIONS","2026-09-17T02:24:52.22429+00:00","FALSE"
"BIO-0060","CK Total","General Chemistry","0.00","0","RATE_PENDING","NONE","N/A","TRUE"
"BIO-0061","CK-MB Mass","General Chemistry","700.00","70000","ACTIVE","CATALOGUE_RATE_VERSIONS","2026-09-16T07:36:39.564555+00:00","FALSE"
"BIO-0062","CK-MB Activity","General Chemistry","1000.00","100000","ACTIVE","CATALOGUE_RATE_VERSIONS","2026-09-18T12:20:51.538427+00:00","FALSE"
"BIO-0063","Troponin I, High Sensitivity","General Chemistry","1200.00","120000","ACTIVE","CATALOGUE_RATE_VERSIONS","2026-09-16T07:36:39.564555+00:00","FALSE"
"BIO-0064","Troponin T, High Sensitivity","General Chemistry","1800.00","180000","ACTIVE","CATALOGUE_RATE_VERSIONS","2026-09-16T07:36:39.564555+00:00","FALSE"
"BIO-0065","Myoglobin","General Chemistry","0.00","0","RATE_PENDING","NONE","N/A","TRUE"
"BIO-0066","BNP","General Chemistry","0.00","0","RATE_PENDING","NONE","N/A","TRUE"
"BIO-0067","NT-proBNP","General Chemistry","3000.00","300000","ACTIVE","CATALOGUE_RATE_VERSIONS","2026-09-16T07:36:39.564555+00:00","FALSE"
"BIO-0068","hs-CRP","General Chemistry","700.00","70000","ACTIVE","CATALOGUE_RATE_VERSIONS","2026-09-16T07:36:39.564555+00:00","FALSE"
"BIO-0069","Lactate","General Chemistry","0.00","0","RATE_PENDING","NONE","N/A","TRUE"
"BIO-0070","Pyruvate","General Chemistry","0.00","0","RATE_PENDING","NONE","N/A","TRUE"
"BIO-0071","Homocysteine","General Chemistry","0.00","0","RATE_PENDING","NONE","N/A","TRUE"
"BIO-0072","Osmolality, Serum","General Chemistry","0.00","0","RATE_PENDING","NONE","N/A","TRUE"
"BIO-0073","Anion Gap","General Chemistry","0.00","0","RATE_PENDING","NONE","N/A","TRUE"
"BIO-0074","Beta-Hydroxybutyrate","General Chemistry","0.00","0","RATE_PENDING","NONE","N/A","TRUE"
"BIO-0075","Acetone, Blood","General Chemistry","0.00","0","RATE_PENDING","NONE","N/A","TRUE"
"BIO-0076","Prealbumin","General Chemistry","0.00","0","RATE_PENDING","NONE","N/A","TRUE"
"BIO-0077","Haptoglobin","General Chemistry","0.00","0","RATE_PENDING","NONE","N/A","TRUE"
"BIO-0078","Alpha-1 Antitrypsin","General Chemistry","0.00","0","RATE_PENDING","NONE","N/A","TRUE"
"BIO-0079","Bile Acids, Total","General Chemistry","0.00","0","RATE_PENDING","NONE","N/A","TRUE"
"BIO-0080","ALP Isoenzymes","General Chemistry","0.00","0","RATE_PENDING","NONE","N/A","TRUE"
"BIO-0081","LDH Isoenzymes","General Chemistry","0.00","0","RATE_PENDING","NONE","N/A","TRUE"
"BIO-0082","Urine Protein, Random","Urine Chemistry","0.00","0","RATE_PENDING","NONE","N/A","TRUE"
"BIO-0083","Urine Protein, 24 Hour","Urine Chemistry","0.00","0","RATE_PENDING","NONE","N/A","TRUE"
"BIO-0084","Urine Albumin, Random","Urine Chemistry","0.00","0","RATE_PENDING","NONE","N/A","TRUE"
"BIO-0085","Urine Microalbumin","Urine Chemistry","800.00","80000","ACTIVE","CATALOGUE_RATE_VERSIONS","2026-09-16T07:36:39.564555+00:00","FALSE"
"BIO-0086","Urine Albumin/Creatinine Ratio","Urine Chemistry","0.00","0","RATE_PENDING","NONE","N/A","TRUE"
"BIO-0087","Urine Creatinine, Random","Urine Chemistry","0.00","0","RATE_PENDING","NONE","N/A","TRUE"
"BIO-0088","Urine Creatinine, 24 Hour","Urine Chemistry","0.00","0","RATE_PENDING","NONE","N/A","TRUE"
"BIO-0089","Creatinine Clearance","Urine Chemistry","0.00","0","RATE_PENDING","NONE","N/A","TRUE"
"BIO-0090","Urine Urea, 24 Hour","Urine Chemistry","0.00","0","RATE_PENDING","NONE","N/A","TRUE"
"BIO-0091","Urine Sodium, Random","Urine Chemistry","0.00","0","RATE_PENDING","NONE","N/A","TRUE"
"BIO-0092","Urine Sodium, 24 Hour","Urine Chemistry","0.00","0","RATE_PENDING","NONE","N/A","TRUE"
"BIO-0093","Urine Potassium, Random","Urine Chemistry","0.00","0","RATE_PENDING","NONE","N/A","TRUE"
"BIO-0094","Urine Potassium, 24 Hour","Urine Chemistry","0.00","0","RATE_PENDING","NONE","N/A","TRUE"
"BIO-0095","Urine Chloride, Random","Urine Chemistry","0.00","0","RATE_PENDING","NONE","N/A","TRUE"
"BIO-0096","Urine Chloride, 24 Hour","Urine Chemistry","0.00","0","RATE_PENDING","NONE","N/A","TRUE"
"BIO-0097","Urine Calcium, Random","Urine Chemistry","0.00","0","RATE_PENDING","NONE","N/A","TRUE"
"BIO-0098","Urine Calcium, 24 Hour","Urine Chemistry","0.00","0","RATE_PENDING","NONE","N/A","TRUE"
"BIO-0099","Urine Phosphorus, 24 Hour","Urine Chemistry","0.00","0","RATE_PENDING","NONE","N/A","TRUE"
"BIO-0100","Urine Magnesium, 24 Hour","Urine Chemistry","0.00","0","RATE_PENDING","NONE","N/A","TRUE"
"BIO-0101","Urine Uric Acid, 24 Hour","Urine Chemistry","0.00","0","RATE_PENDING","NONE","N/A","TRUE"
"BIO-0102","Urine Glucose, Quantitative","Urine Chemistry","0.00","0","RATE_PENDING","NONE","N/A","TRUE"
"BIO-0103","Urine Osmolality","Urine Chemistry","0.00","0","RATE_PENDING","NONE","N/A","TRUE"
"BIO-0104","Urine Citrate, 24 Hour","Urine Chemistry","0.00","0","RATE_PENDING","NONE","N/A","TRUE"
"BIO-0105","Urine Oxalate, 24 Hour","Urine Chemistry","0.00","0","RATE_PENDING","NONE","N/A","TRUE"
"BIO-0106","Urine Copper, 24 Hour","Urine Chemistry","0.00","0","RATE_PENDING","NONE","N/A","TRUE"
"BIO-0107","Urine Free Cortisol, 24 Hour","Urine Chemistry","0.00","0","RATE_PENDING","NONE","N/A","TRUE"
"BIO-0108","Urine Metanephrine, 24 Hour","Urine Chemistry","0.00","0","RATE_PENDING","NONE","N/A","TRUE"
"BIO-0109","Urine Normetanephrine, 24 Hour","Urine Chemistry","0.00","0","RATE_PENDING","NONE","N/A","TRUE"
"BIO-0110","Urine VMA, 24 Hour","Urine Chemistry","0.00","0","RATE_PENDING","NONE","N/A","TRUE"
"BIO-0111","Urine 5-HIAA, 24 Hour","Urine Chemistry","0.00","0","RATE_PENDING","NONE","N/A","TRUE"
"BIO-0112","Urine Catecholamines, 24 Hour","Urine Chemistry","0.00","0","RATE_PENDING","NONE","N/A","TRUE"
"BIO-0113","Urine Amino Acid Screen","Urine Chemistry","0.00","0","RATE_PENDING","NONE","N/A","TRUE"
"BIO-0114","Urine Porphobilinogen","Urine Chemistry","0.00","0","RATE_PENDING","NONE","N/A","TRUE"
"BIO-0115","Urine Porphyrins","Urine Chemistry","0.00","0","RATE_PENDING","NONE","N/A","TRUE"
"BIO-0116","Urine Cystine","Urine Chemistry","0.00","0","RATE_PENDING","NONE","N/A","TRUE"
"BIO-0117","CSF Protein","Body Fluid Chemistry","0.00","0","RATE_PENDING","NONE","N/A","TRUE"
"BIO-0118","CSF Glucose","Body Fluid Chemistry","0.00","0","RATE_PENDING","NONE","N/A","TRUE"
"BIO-0119","CSF LDH","Body Fluid Chemistry","0.00","0","RATE_PENDING","NONE","N/A","TRUE"
"BIO-0120","Pleural Fluid Protein","Body Fluid Chemistry","0.00","0","RATE_PENDING","NONE","N/A","TRUE"
"BIO-0121","Pleural Fluid Glucose","Body Fluid Chemistry","0.00","0","RATE_PENDING","NONE","N/A","TRUE"
"BIO-0122","Pleural Fluid LDH","Body Fluid Chemistry","0.00","0","RATE_PENDING","NONE","N/A","TRUE"
"BIO-0123","Ascitic Fluid Protein","Body Fluid Chemistry","0.00","0","RATE_PENDING","NONE","N/A","TRUE"
"BIO-0124","Ascitic Fluid Glucose","Body Fluid Chemistry","0.00","0","RATE_PENDING","NONE","N/A","TRUE"
"BIO-0125","Ascitic Fluid LDH","Body Fluid Chemistry","0.00","0","RATE_PENDING","NONE","N/A","TRUE"
"BIO-0126","Pericardial Fluid Protein","Body Fluid Chemistry","0.00","0","RATE_PENDING","NONE","N/A","TRUE"
"BIO-0127","Pericardial Fluid Glucose","Body Fluid Chemistry","0.00","0","RATE_PENDING","NONE","N/A","TRUE"
"BIO-0128","Pericardial Fluid LDH","Body Fluid Chemistry","0.00","0","RATE_PENDING","NONE","N/A","TRUE"
"BIO-0129","Synovial Fluid Protein","Body Fluid Chemistry","0.00","0","RATE_PENDING","NONE","N/A","TRUE"
"BIO-0130","Synovial Fluid Glucose","Body Fluid Chemistry","0.00","0","RATE_PENDING","NONE","N/A","TRUE"
"BIO-0131","Synovial Fluid LDH","Body Fluid Chemistry","0.00","0","RATE_PENDING","NONE","N/A","TRUE"
"BIO-0132","Pleural Fluid ADA","Body Fluid Chemistry","1000.00","100000","ACTIVE","CATALOGUE_RATE_VERSIONS","2026-09-18T12:20:51.53849+00:00","FALSE"
"BIO-0133","Ascitic Fluid Albumin","Body Fluid Chemistry","0.00","0","RATE_PENDING","NONE","N/A","TRUE"
"BIO-0134","Serum-Ascites Albumin Gradient (SAAG)","Body Fluid Chemistry","0.00","0","RATE_PENDING","NONE","N/A","TRUE"
"BIO-0135","CSF Chloride","Body Fluid Chemistry","0.00","0","RATE_PENDING","NONE","N/A","TRUE"
"BIO-0136","CSF Lactate","Body Fluid Chemistry","0.00","0","RATE_PENDING","NONE","N/A","TRUE"
"BIO-0137","Synovial Fluid Uric Acid","Body Fluid Chemistry","0.00","0","RATE_PENDING","NONE","N/A","TRUE"
"BIO-0138","Drain Fluid Creatinine","Body Fluid Chemistry","0.00","0","RATE_PENDING","NONE","N/A","TRUE"
"BIO-0139","Drain Fluid Amylase","Body Fluid Chemistry","0.00","0","RATE_PENDING","NONE","N/A","TRUE"
"BIO-0140","Body Fluid Triglyceride","Body Fluid Chemistry","0.00","0","RATE_PENDING","NONE","N/A","TRUE"
"BIO-0141","Cystatin C","Clinical Biochemistry","1200.00","120000","ACTIVE","CATALOGUE_RATE_VERSIONS","2026-09-16T07:36:39.564555+00:00","FALSE"
"CLP-0001","Urine Routine Examination (RE/ME)","Urinalysis","200.00","20000","ACTIVE","CATALOGUE_RATE_VERSIONS","2026-09-17T02:24:52.224315+00:00","FALSE"
"CLP-0002","Urine Color","Urinalysis","0.00","0","RATE_PENDING","NONE","N/A","TRUE"
"CLP-0003","Urine Appearance","Urinalysis","0.00","0","RATE_PENDING","NONE","N/A","TRUE"
"CLP-0004","Urine Specific Gravity","Urinalysis","0.00","0","RATE_PENDING","NONE","N/A","TRUE"
"CLP-0005","Urine pH","Urinalysis","0.00","0","RATE_PENDING","NONE","N/A","TRUE"
"CLP-0006","Urine Protein, Dipstick","Urinalysis","0.00","0","RATE_PENDING","NONE","N/A","TRUE"
"CLP-0007","Urine Glucose, Dipstick","Urinalysis","0.00","0","RATE_PENDING","NONE","N/A","TRUE"
"CLP-0008","Urine Ketone","Urinalysis","200.00","20000","ACTIVE","CATALOGUE_RATE_VERSIONS","2026-09-18T12:20:51.538594+00:00","FALSE"
"CLP-0009","Urine Blood/Hemoglobin","Urinalysis","0.00","0","RATE_PENDING","NONE","N/A","TRUE"
"CLP-0010","Urine Bilirubin","Urinalysis","0.00","0","RATE_PENDING","NONE","N/A","TRUE"
"CLP-0011","Urine Urobilinogen","Urinalysis","0.00","0","RATE_PENDING","NONE","N/A","TRUE"
"CLP-0012","Urine Nitrite","Urinalysis","0.00","0","RATE_PENDING","NONE","N/A","TRUE"
"CLP-0013","Urine Leukocyte Esterase","Urinalysis","0.00","0","RATE_PENDING","NONE","N/A","TRUE"
"CLP-0014","Urine RBC Microscopy","Urinalysis","0.00","0","RATE_PENDING","NONE","N/A","TRUE"
"CLP-0015","Urine WBC/Pus Cells","Urinalysis","0.00","0","RATE_PENDING","NONE","N/A","TRUE"
"CLP-0016","Urine Epithelial Cells","Urinalysis","0.00","0","RATE_PENDING","NONE","N/A","TRUE"
"CLP-0017","Urine Casts","Urinalysis","0.00","0","RATE_PENDING","NONE","N/A","TRUE"
"CLP-0018","Urine Crystals","Urinalysis","0.00","0","RATE_PENDING","NONE","N/A","TRUE"
"CLP-0019","Urine Bacteria","Urinalysis","0.00","0","RATE_PENDING","NONE","N/A","TRUE"
"CLP-0020","Urine Yeast","Urinalysis","0.00","0","RATE_PENDING","NONE","N/A","TRUE"
"CLP-0021","Stool Routine Examination","Stool Examination","200.00","20000","ACTIVE","CATALOGUE_RATE_VERSIONS","2026-09-17T02:24:52.22439+00:00","FALSE"
"CLP-0022","Stool Color","Stool Examination","0.00","0","RATE_PENDING","NONE","N/A","TRUE"
"CLP-0023","Stool Consistency","Stool Examination","0.00","0","RATE_PENDING","NONE","N/A","TRUE"
"CLP-0024","Stool Mucus","Stool Examination","0.00","0","RATE_PENDING","NONE","N/A","TRUE"
"CLP-0025","Stool Occult Blood","Stool Examination","200.00","20000","ACTIVE","CATALOGUE_RATE_VERSIONS","2026-09-18T12:20:51.538612+00:00","FALSE"
"CLP-0026","Fecal Occult Blood Test (FOBT)","Stool Examination","0.00","0","RATE_PENDING","NONE","N/A","TRUE"
"CLP-0027","Fecal Immunochemical Test (FIT)","Stool Examination","0.00","0","RATE_PENDING","NONE","N/A","TRUE"
"CLP-0028","Stool Reducing Substance","Stool Examination","0.00","0","RATE_PENDING","NONE","N/A","TRUE"
"CLP-0029","Stool pH","Stool Examination","0.00","0","RATE_PENDING","NONE","N/A","TRUE"
"CLP-0030","Stool Fat, Qualitative","Stool Examination","0.00","0","RATE_PENDING","NONE","N/A","TRUE"
"CLP-0031","Stool Fat, Quantitative 72 hr","Stool Examination","0.00","0","RATE_PENDING","NONE","N/A","TRUE"
"CLP-0032","Stool Ova & Parasite Examination","Stool Examination","0.00","0","RATE_PENDING","NONE","N/A","TRUE"
"CLP-0033","Stool RBC","Stool Examination","0.00","0","RATE_PENDING","NONE","N/A","TRUE"
"CLP-0034","Stool WBC/Pus Cells","Stool Examination","0.00","0","RATE_PENDING","NONE","N/A","TRUE"
"CLP-0035","Fecal Calprotectin","Stool Examination","0.00","0","RATE_PENDING","NONE","N/A","TRUE"
"CLP-0036","Fecal Lactoferrin","Stool Examination","0.00","0","RATE_PENDING","NONE","N/A","TRUE"
"CLP-0037","Pancreatic Elastase, Stool","Stool Examination","0.00","0","RATE_PENDING","NONE","N/A","TRUE"
"CLP-0038","Semen Analysis","Andrology","500.00","50000","ACTIVE","CATALOGUE_RATE_VERSIONS","2026-09-18T12:20:51.538783+00:00","FALSE"
"CLP-0039","Semen Volume","Andrology","0.00","0","RATE_PENDING","NONE","N/A","TRUE"
"CLP-0040","Semen pH","Andrology","0.00","0","RATE_PENDING","NONE","N/A","TRUE"
"CLP-0041","Sperm Concentration","Andrology","0.00","0","RATE_PENDING","NONE","N/A","TRUE"
"CLP-0042","Total Sperm Count","Andrology","0.00","0","RATE_PENDING","NONE","N/A","TRUE"
"CLP-0043","Progressive Motility","Andrology","0.00","0","RATE_PENDING","NONE","N/A","TRUE"
"CLP-0044","Non-progressive Motility","Andrology","0.00","0","RATE_PENDING","NONE","N/A","TRUE"
"CLP-0045","Immotile Sperm","Andrology","0.00","0","RATE_PENDING","NONE","N/A","TRUE"
"CLP-0046","Normal Morphology","Andrology","0.00","0","RATE_PENDING","NONE","N/A","TRUE"
"CLP-0047","Sperm Vitality","Andrology","0.00","0","RATE_PENDING","NONE","N/A","TRUE"
"CLP-0048","Round Cells","Andrology","0.00","0","RATE_PENDING","NONE","N/A","TRUE"
"CLP-0049","Semen Fructose","Andrology","0.00","0","RATE_PENDING","NONE","N/A","TRUE"
"CLP-0050","Antisperm Antibody","Andrology","0.00","0","RATE_PENDING","NONE","N/A","TRUE"
"CLP-0051","CSF Total Cell Count","Body Fluid Analysis","0.00","0","RATE_PENDING","NONE","N/A","TRUE"
"CLP-0052","CSF RBC Count","Body Fluid Analysis","0.00","0","RATE_PENDING","NONE","N/A","TRUE"
"CLP-0053","CSF Differential Count","Body Fluid Analysis","0.00","0","RATE_PENDING","NONE","N/A","TRUE"
"CLP-0054","CSF Appearance","Body Fluid Analysis","0.00","0","RATE_PENDING","NONE","N/A","TRUE"
"CLP-0055","Pleural Fluid Total Cell Count","Body Fluid Analysis","0.00","0","RATE_PENDING","NONE","N/A","TRUE"
"CLP-0056","Pleural Fluid RBC Count","Body Fluid Analysis","0.00","0","RATE_PENDING","NONE","N/A","TRUE"
"CLP-0057","Pleural Fluid Differential Count","Body Fluid Analysis","0.00","0","RATE_PENDING","NONE","N/A","TRUE"
"CLP-0058","Pleural Fluid Appearance","Body Fluid Analysis","0.00","0","RATE_PENDING","NONE","N/A","TRUE"
"CLP-0059","Ascitic Fluid Total Cell Count","Body Fluid Analysis","0.00","0","RATE_PENDING","NONE","N/A","TRUE"
"CLP-0060","Ascitic Fluid RBC Count","Body Fluid Analysis","0.00","0","RATE_PENDING","NONE","N/A","TRUE"
"CLP-0061","Ascitic Fluid Differential Count","Body Fluid Analysis","0.00","0","RATE_PENDING","NONE","N/A","TRUE"
"CLP-0062","Ascitic Fluid Appearance","Body Fluid Analysis","0.00","0","RATE_PENDING","NONE","N/A","TRUE"
"CLP-0063","Pericardial Fluid Total Cell Count","Body Fluid Analysis","0.00","0","RATE_PENDING","NONE","N/A","TRUE"
"CLP-0064","Pericardial Fluid RBC Count","Body Fluid Analysis","0.00","0","RATE_PENDING","NONE","N/A","TRUE"
"CLP-0065","Pericardial Fluid Differential Count","Body Fluid Analysis","0.00","0","RATE_PENDING","NONE","N/A","TRUE"
"CLP-0066","Pericardial Fluid Appearance","Body Fluid Analysis","0.00","0","RATE_PENDING","NONE","N/A","TRUE"
"CLP-0067","Synovial Fluid Total Cell Count","Body Fluid Analysis","0.00","0","RATE_PENDING","NONE","N/A","TRUE"
"CLP-0068","Synovial Fluid RBC Count","Body Fluid Analysis","0.00","0","RATE_PENDING","NONE","N/A","TRUE"
"CLP-0069","Synovial Fluid Differential Count","Body Fluid Analysis","0.00","0","RATE_PENDING","NONE","N/A","TRUE"
"CLP-0070","Synovial Fluid Appearance","Body Fluid Analysis","0.00","0","RATE_PENDING","NONE","N/A","TRUE"
"CLP-0071","Synovial Fluid Crystal Analysis","Body Fluid Analysis","0.00","0","RATE_PENDING","NONE","N/A","TRUE"
"CLP-0072","CSF Xanthochromia","Body Fluid Analysis","0.00","0","RATE_PENDING","NONE","N/A","TRUE"
"CLP-0073","Pleural Fluid Hematocrit","Body Fluid Analysis","0.00","0","RATE_PENDING","NONE","N/A","TRUE"
"CLP-0074","Ascitic Fluid Cell Count & Differential","Body Fluid Analysis","0.00","0","RATE_PENDING","NONE","N/A","TRUE"
"COA-0001","Prothrombin Time / INR","Hemostasis","500.00","50000","ACTIVE","CATALOGUE_RATE_VERSIONS","2026-09-16T13:48:43.598317+00:00","FALSE"
"COA-0002","INR","Hemostasis","350.00","35000","ACTIVE","CATALOGUE_RATE_VERSIONS","2026-09-17T02:24:52.224418+00:00","FALSE"
"COA-0003","Activated Partial Thromboplastin Time (APTT)","Hemostasis","450.00","45000","ACTIVE","CATALOGUE_RATE_VERSIONS","2026-09-17T02:24:52.224455+00:00","FALSE"
"COA-0004","Thrombin Time (TT)","Hemostasis","0.00","0","RATE_PENDING","NONE","N/A","TRUE"
"COA-0005","Fibrinogen (Clauss)","Hemostasis","0.00","0","RATE_PENDING","NONE","N/A","TRUE"
"COA-0006","D-Dimer","Hemostasis","1500.00","150000","ACTIVE","CATALOGUE_RATE_VERSIONS","2026-09-16T07:36:39.564555+00:00","FALSE"
"COA-0007","Bleeding Time","Hemostasis","0.00","0","RATE_PENDING","NONE","N/A","TRUE"
"COA-0008","Clotting Time","Hemostasis","0.00","0","RATE_PENDING","NONE","N/A","TRUE"
"COA-0009","Factor VIII Activity","Hemostasis","0.00","0","RATE_PENDING","NONE","N/A","TRUE"
"COA-0010","Factor IX Activity","Hemostasis","0.00","0","RATE_PENDING","NONE","N/A","TRUE"
"COA-0011","Factor XI Activity","Hemostasis","0.00","0","RATE_PENDING","NONE","N/A","TRUE"
"COA-0012","Factor XII Activity","Hemostasis","0.00","0","RATE_PENDING","NONE","N/A","TRUE"
"COA-0013","Factor VII Activity","Hemostasis","0.00","0","RATE_PENDING","NONE","N/A","TRUE"
"COA-0014","Factor V Activity","Hemostasis","0.00","0","RATE_PENDING","NONE","N/A","TRUE"
"COA-0015","Factor X Activity","Hemostasis","0.00","0","RATE_PENDING","NONE","N/A","TRUE"
"COA-0016","Factor XIII Activity","Hemostasis","0.00","0","RATE_PENDING","NONE","N/A","TRUE"
"COA-0017","Von Willebrand Factor Antigen","Hemostasis","0.00","0","RATE_PENDING","NONE","N/A","TRUE"
"COA-0018","Von Willebrand Factor Activity","Hemostasis","0.00","0","RATE_PENDING","NONE","N/A","TRUE"
"COA-0019","Protein C Activity","Hemostasis","0.00","0","RATE_PENDING","NONE","N/A","TRUE"
"COA-0020","Protein S Activity","Hemostasis","0.00","0","RATE_PENDING","NONE","N/A","TRUE"
"COA-0021","Antithrombin III Activity","Hemostasis","0.00","0","RATE_PENDING","NONE","N/A","TRUE"
"COA-0022","Lupus Anticoagulant Screen","Hemostasis","0.00","0","RATE_PENDING","NONE","N/A","TRUE"
"COA-0023","dRVVT Screen","Hemostasis","0.00","0","RATE_PENDING","NONE","N/A","TRUE"
"COA-0024","dRVVT Confirm","Hemostasis","0.00","0","RATE_PENDING","NONE","N/A","TRUE"
"COA-0025","Mixing Study PT","Hemostasis","0.00","0","RATE_PENDING","NONE","N/A","TRUE"
"COA-0026","Mixing Study APTT","Hemostasis","0.00","0","RATE_PENDING","NONE","N/A","TRUE"
"COA-0027","Anti-Xa Heparin Assay","Hemostasis","0.00","0","RATE_PENDING","NONE","N/A","TRUE"
"COA-0028","Fibrin Degradation Products","Hemostasis","0.00","0","RATE_PENDING","NONE","N/A","TRUE"
"COA-0029","Platelet Function Screen","Hemostasis","0.00","0","RATE_PENDING","NONE","N/A","TRUE"
"COA-0030","Platelet Aggregation Studies","Hemostasis","0.00","0","RATE_PENDING","NONE","N/A","TRUE"
"CYT-0001","FNAC - Thyroid","Cytopathology","0.00","0","RATE_PENDING","NONE","N/A","TRUE"
"CYT-0002","FNAC - Breast","Cytopathology","0.00","0","RATE_PENDING","NONE","N/A","TRUE"
"CYT-0003","FNAC - Lymph Node","Cytopathology","0.00","0","RATE_PENDING","NONE","N/A","TRUE"
"CYT-0004","FNAC - Salivary Gland","Cytopathology","0.00","0","RATE_PENDING","NONE","N/A","TRUE"
"CYT-0005","FNAC - Soft Tissue","Cytopathology","0.00","0","RATE_PENDING","NONE","N/A","TRUE"
"CYT-0006","FNAC - Other Site","Cytopathology","0.00","0","RATE_PENDING","NONE","N/A","TRUE"
"CYT-0007","Pap Smear - Conventional","Cytopathology","0.00","0","RATE_PENDING","NONE","N/A","TRUE"
"CYT-0008","Pap Smear - Liquid Based Cytology","Cytopathology","0.00","0","RATE_PENDING","NONE","N/A","TRUE"
"CYT-0009","Pleural Fluid Cytology","Cytopathology","0.00","0","RATE_PENDING","NONE","N/A","TRUE"
"CYT-0010","Ascitic Fluid Cytology","Cytopathology","0.00","0","RATE_PENDING","NONE","N/A","TRUE"
"CYT-0011","Pericardial Fluid Cytology","Cytopathology","0.00","0","RATE_PENDING","NONE","N/A","TRUE"
"CYT-0012","CSF Cytology","Cytopathology","0.00","0","RATE_PENDING","NONE","N/A","TRUE"
"CYT-0013","Urine Cytology","Cytopathology","0.00","0","RATE_PENDING","NONE","N/A","TRUE"
"CYT-0014","Sputum Cytology","Cytopathology","0.00","0","RATE_PENDING","NONE","N/A","TRUE"
"CYT-0015","BAL Cytology","Cytopathology","0.00","0","RATE_PENDING","NONE","N/A","TRUE"
"CYT-0016","Brush Cytology","Cytopathology","0.00","0","RATE_PENDING","NONE","N/A","TRUE"
"CYT-0017","Imprint Cytology","Cytopathology","0.00","0","RATE_PENDING","NONE","N/A","TRUE"
"CYT-0018","Cell Block Preparation","Cytopathology","0.00","0","RATE_PENDING","NONE","N/A","TRUE"
"END-0001","TSH","Hormones","500.00","50000","ACTIVE","CATALOGUE_RATE_VERSIONS","2026-09-16T07:36:39.564555+00:00","FALSE"
"END-0002","Free T4 (FT4)","Hormones","550.00","55000","ACTIVE","CATALOGUE_RATE_VERSIONS","2026-09-16T07:36:39.564555+00:00","FALSE"
"END-0003","Free T3 (FT3)","Hormones","550.00","55000","ACTIVE","CATALOGUE_RATE_VERSIONS","2026-09-16T07:36:39.564555+00:00","FALSE"
"END-0004","Total T4","Hormones","0.00","0","RATE_PENDING","NONE","N/A","TRUE"
"END-0005","Total T3","Hormones","0.00","0","RATE_PENDING","NONE","N/A","TRUE"
"END-0006","Anti-TPO Antibody","Hormones","2000.00","200000","ACTIVE","CATALOGUE_RATE_VERSIONS","2026-09-18T12:20:51.538971+00:00","FALSE"
"END-0007","Anti-Thyroglobulin Antibody","Hormones","0.00","0","RATE_PENDING","NONE","N/A","TRUE"
"END-0008","Thyroglobulin","Hormones","0.00","0","RATE_PENDING","NONE","N/A","TRUE"
"END-0009","TSH Receptor Antibody (TRAb)","Hormones","0.00","0","RATE_PENDING","NONE","N/A","TRUE"
"END-0010","Thyroid Stimulating Immunoglobulin (TSI)","Hormones","0.00","0","RATE_PENDING","NONE","N/A","TRUE"
"END-0011","PTH, Intact","Hormones","3000.00","300000","ACTIVE","CATALOGUE_RATE_VERSIONS","2026-09-18T12:20:51.539311+00:00","FALSE"
"END-0012","Calcitonin","Hormones","0.00","0","RATE_PENDING","NONE","N/A","TRUE"
"END-0013","Cortisol, 8 AM","Hormones","2500.00","250000","ACTIVE","CATALOGUE_RATE_VERSIONS","2026-09-18T12:20:51.539102+00:00","FALSE"
"END-0014","Cortisol, 4 PM","Hormones","0.00","0","RATE_PENDING","NONE","N/A","TRUE"
"END-0015","ACTH","Hormones","0.00","0","RATE_PENDING","NONE","N/A","TRUE"
"END-0016","DHEA-S","Hormones","0.00","0","RATE_PENDING","NONE","N/A","TRUE"
"END-0017","DHEA","Hormones","0.00","0","RATE_PENDING","NONE","N/A","TRUE"
"END-0018","Aldosterone","Hormones","0.00","0","RATE_PENDING","NONE","N/A","TRUE"
"END-0019","Plasma Renin Activity","Hormones","0.00","0","RATE_PENDING","NONE","N/A","TRUE"
"END-0020","Direct Renin","Hormones","0.00","0","RATE_PENDING","NONE","N/A","TRUE"
"END-0021","Aldosterone/Renin Ratio","Hormones","0.00","0","RATE_PENDING","NONE","N/A","TRUE"
"END-0022","Growth Hormone (GH)","Hormones","2000.00","200000","ACTIVE","CATALOGUE_RATE_VERSIONS","2026-09-18T12:20:51.539258+00:00","FALSE"
"END-0023","IGF-1","Hormones","0.00","0","RATE_PENDING","NONE","N/A","TRUE"
"END-0024","IGFBP-3","Hormones","0.00","0","RATE_PENDING","NONE","N/A","TRUE"
"END-0025","Prolactin","Hormones","800.00","80000","ACTIVE","CATALOGUE_RATE_VERSIONS","2026-09-16T07:36:39.564555+00:00","FALSE"
"END-0026","Macroprolactin","Hormones","0.00","0","RATE_PENDING","NONE","N/A","TRUE"
"END-0027","FSH","Hormones","800.00","80000","ACTIVE","CATALOGUE_RATE_VERSIONS","2026-09-16T07:36:39.564555+00:00","FALSE"
"END-0028","LH","Hormones","800.00","80000","ACTIVE","CATALOGUE_RATE_VERSIONS","2026-09-16T07:36:39.564555+00:00","FALSE"
"END-0029","Estradiol (E2)","Hormones","0.00","0","RATE_PENDING","NONE","N/A","TRUE"
"END-0030","Progesterone","Hormones","2500.00","250000","ACTIVE","CATALOGUE_RATE_VERSIONS","2026-09-18T12:20:51.539083+00:00","FALSE"
"END-0031","Testosterone, Total","Hormones","1200.00","120000","ACTIVE","CATALOGUE_RATE_VERSIONS","2026-09-16T07:36:39.564555+00:00","FALSE"
"END-0032","Testosterone, Free","Hormones","0.00","0","RATE_PENDING","NONE","N/A","TRUE"
"END-0033","SHBG","Hormones","0.00","0","RATE_PENDING","NONE","N/A","TRUE"
"END-0034","Free Androgen Index","Hormones","0.00","0","RATE_PENDING","NONE","N/A","TRUE"
"END-0035","Androstenedione","Hormones","0.00","0","RATE_PENDING","NONE","N/A","TRUE"
"END-0036","17-OH Progesterone","Hormones","0.00","0","RATE_PENDING","NONE","N/A","TRUE"
"END-0037","AMH","Hormones","3500.00","350000","ACTIVE","CATALOGUE_RATE_VERSIONS","2026-09-16T07:36:39.564555+00:00","FALSE"
"END-0038","Inhibin B","Hormones","0.00","0","RATE_PENDING","NONE","N/A","TRUE"
"END-0039","Beta-hCG, Quantitative","Hormones","1000.00","100000","ACTIVE","CATALOGUE_RATE_VERSIONS","2026-09-16T07:36:39.564555+00:00","FALSE"
"END-0040","Beta-hCG, Qualitative","Hormones","0.00","0","RATE_PENDING","NONE","N/A","TRUE"
"END-0041","Insulin, Fasting","Hormones","3000.00","300000","ACTIVE","CATALOGUE_RATE_VERSIONS","2026-09-18T12:20:51.539277+00:00","FALSE"
"END-0042","Insulin, Postprandial","Hormones","0.00","0","RATE_PENDING","NONE","N/A","TRUE"
"END-0043","C-Peptide, Fasting","Hormones","0.00","0","RATE_PENDING","NONE","N/A","TRUE"
"END-0044","C-Peptide, Postprandial","Hormones","0.00","0","RATE_PENDING","NONE","N/A","TRUE"
"END-0045","HOMA-IR","Hormones","0.00","0","RATE_PENDING","NONE","N/A","TRUE"
"END-0046","Leptin","Hormones","0.00","0","RATE_PENDING","NONE","N/A","TRUE"
"END-0047","Adiponectin","Hormones","0.00","0","RATE_PENDING","NONE","N/A","TRUE"
"END-0048","Erythropoietin","Hormones","0.00","0","RATE_PENDING","NONE","N/A","TRUE"
"END-0049","Gastrin","Hormones","0.00","0","RATE_PENDING","NONE","N/A","TRUE"
"END-0050","Insulin-like Growth Factor 2","Hormones","0.00","0","RATE_PENDING","NONE","N/A","TRUE"
"END-0051","Chromogranin A","Hormones","0.00","0","RATE_PENDING","NONE","N/A","TRUE"
"END-0052","Serotonin, Serum","Hormones","0.00","0","RATE_PENDING","NONE","N/A","TRUE"
"END-0053","Melatonin","Hormones","0.00","0","RATE_PENDING","NONE","N/A","TRUE"
"END-0054","ADH / Vasopressin","Hormones","0.00","0","RATE_PENDING","NONE","N/A","TRUE"
"END-0055","Copeptin","Hormones","0.00","0","RATE_PENDING","NONE","N/A","TRUE"
"END-0056","Oral Glucose Tolerance Test (75 g)","Dynamic Function Tests","0.00","0","RATE_PENDING","NONE","N/A","TRUE"
"END-0057","Gestational OGTT 75 g","Dynamic Function Tests","0.00","0","RATE_PENDING","NONE","N/A","TRUE"
"END-0058","Glucose Challenge Test 50 g","Dynamic Function Tests","0.00","0","RATE_PENDING","NONE","N/A","TRUE"
"END-0059","Dexamethasone Suppression Test - Overnight","Dynamic Function Tests","0.00","0","RATE_PENDING","NONE","N/A","TRUE"
"END-0060","Low Dose Dexamethasone Suppression Test","Dynamic Function Tests","0.00","0","RATE_PENDING","NONE","N/A","TRUE"
"END-0061","High Dose Dexamethasone Suppression Test","Dynamic Function Tests","0.00","0","RATE_PENDING","NONE","N/A","TRUE"
"END-0062","ACTH Stimulation Test","Dynamic Function Tests","0.00","0","RATE_PENDING","NONE","N/A","TRUE"
"END-0063","Growth Hormone Suppression Test","Dynamic Function Tests","0.00","0","RATE_PENDING","NONE","N/A","TRUE"
"END-0064","Growth Hormone Stimulation Test","Dynamic Function Tests","0.00","0","RATE_PENDING","NONE","N/A","TRUE"
"END-0065","Water Deprivation Test","Dynamic Function Tests","0.00","0","RATE_PENDING","NONE","N/A","TRUE"
"END-0066","Free T4 by Equilibrium Dialysis","Special Hormones","0.00","0","RATE_PENDING","NONE","N/A","TRUE"
"END-0067","Reverse T3","Special Hormones","0.00","0","RATE_PENDING","NONE","N/A","TRUE"
"END-0068","Thyroxine Binding Globulin","Special Hormones","0.00","0","RATE_PENDING","NONE","N/A","TRUE"
"END-0069","IGF Binding Protein 1","Special Hormones","0.00","0","RATE_PENDING","NONE","N/A","TRUE"
"END-0070","Free Cortisol, Serum","Special Hormones","0.00","0","RATE_PENDING","NONE","N/A","TRUE"
"END-0071","Salivary Cortisol, Morning","Special Hormones","0.00","0","RATE_PENDING","NONE","N/A","TRUE"
"END-0072","Salivary Cortisol, Midnight","Special Hormones","0.00","0","RATE_PENDING","NONE","N/A","TRUE"
"END-0073","17-Hydroxypregnenolone","Special Hormones","0.00","0","RATE_PENDING","NONE","N/A","TRUE"
"END-0074","11-Deoxycortisol","Special Hormones","0.00","0","RATE_PENDING","NONE","N/A","TRUE"
"END-0075","Deoxycorticosterone","Special Hormones","0.00","0","RATE_PENDING","NONE","N/A","TRUE"
"END-0076","Pregnenolone","Special Hormones","0.00","0","RATE_PENDING","NONE","N/A","TRUE"
"END-0077","Estrone (E1)","Special Hormones","0.00","0","RATE_PENDING","NONE","N/A","TRUE"
"END-0078","Estriol (E3)","Special Hormones","0.00","0","RATE_PENDING","NONE","N/A","TRUE"
"END-0079","Dihydrotestosterone","Special Hormones","0.00","0","RATE_PENDING","NONE","N/A","TRUE"
"END-0080","Free Testosterone by Equilibrium Dialysis","Special Hormones","0.00","0","RATE_PENDING","NONE","N/A","TRUE"
"END-0081","Inhibin A","Special Hormones","0.00","0","RATE_PENDING","NONE","N/A","TRUE"
"END-0082","Anti-Mullerian Hormone - Pediatric","Special Hormones","0.00","0","RATE_PENDING","NONE","N/A","TRUE"
"END-0083","Proinsulin","Special Hormones","0.00","0","RATE_PENDING","NONE","N/A","TRUE"
"END-0084","Glucagon","Special Hormones","0.00","0","RATE_PENDING","NONE","N/A","TRUE"
"END-0085","Pancreatic Polypeptide","Special Hormones","0.00","0","RATE_PENDING","NONE","N/A","TRUE"
"GEN-0001","Conventional Karyotyping - Peripheral Blood","Genetic Testing","0.00","0","RATE_PENDING","NONE","N/A","TRUE"
"GEN-0002","Conventional Karyotyping - Bone Marrow","Genetic Testing","0.00","0","RATE_PENDING","NONE","N/A","TRUE"
"GEN-0003","FISH - BCR/ABL1","Genetic Testing","0.00","0","RATE_PENDING","NONE","N/A","TRUE"
"GEN-0004","FISH - PML/RARA","Genetic Testing","0.00","0","RATE_PENDING","NONE","N/A","TRUE"
"GEN-0005","FISH - HER2","Genetic Testing","0.00","0","RATE_PENDING","NONE","N/A","TRUE"
"GEN-0006","FISH - ALK","Genetic Testing","0.00","0","RATE_PENDING","NONE","N/A","TRUE"
"GEN-0007","FISH - ROS1","Genetic Testing","0.00","0","RATE_PENDING","NONE","N/A","TRUE"
"GEN-0008","FISH - 1p/19q Codeletion","Genetic Testing","0.00","0","RATE_PENDING","NONE","N/A","TRUE"
"GEN-0009","FISH - MYC","Genetic Testing","0.00","0","RATE_PENDING","NONE","N/A","TRUE"
"GEN-0010","FISH - BCL2","Genetic Testing","0.00","0","RATE_PENDING","NONE","N/A","TRUE"
"GEN-0011","FISH - BCL6","Genetic Testing","0.00","0","RATE_PENDING","NONE","N/A","TRUE"
"GEN-0012","FISH - EWSR1","Genetic Testing","0.00","0","RATE_PENDING","NONE","N/A","TRUE"
"GEN-0013","FISH - SS18","Genetic Testing","0.00","0","RATE_PENDING","NONE","N/A","TRUE"
"GEN-0014","FISH - MDM2","Genetic Testing","0.00","0","RATE_PENDING","NONE","N/A","TRUE"
"GEN-0015","FISH - DDIT3","Genetic Testing","0.00","0","RATE_PENDING","NONE","N/A","TRUE"
"GEN-0016","FISH - RET","Genetic Testing","0.00","0","RATE_PENDING","NONE","N/A","TRUE"
"GEN-0017","FISH - NTRK","Genetic Testing","0.00","0","RATE_PENDING","NONE","N/A","TRUE"
"GEN-0018","Chromosomal Microarray","Genetic Testing","0.00","0","RATE_PENDING","NONE","N/A","TRUE"
"GEN-0019","Whole Exome Sequencing","Genetic Testing","0.00","0","RATE_PENDING","NONE","N/A","TRUE"
"GEN-0020","Targeted Clinical Exome","Genetic Testing","0.00","0","RATE_PENDING","NONE","N/A","TRUE"
"GEN-0021","Carrier Screening Panel","Genetic Testing","0.00","0","RATE_PENDING","NONE","N/A","TRUE"
"GEN-0022","Thalassemia Mutation Analysis","Genetic Testing","0.00","0","RATE_PENDING","NONE","N/A","TRUE"
"GEN-0023","HFE Hemochromatosis Mutation","Genetic Testing","0.00","0","RATE_PENDING","NONE","N/A","TRUE"
"GEN-0024","Factor V Leiden Mutation","Genetic Testing","0.00","0","RATE_PENDING","NONE","N/A","TRUE"
"GEN-0025","Prothrombin G20210A Mutation","Genetic Testing","0.00","0","RATE_PENDING","NONE","N/A","TRUE"
"GEN-0026","MTHFR C677T/A1298C","Genetic Testing","0.00","0","RATE_PENDING","NONE","N/A","TRUE"
"GEN-0027","HLA-B27 Genotyping","Genetic Testing","0.00","0","RATE_PENDING","NONE","N/A","TRUE"
"GEN-0028","HLA-B*57:01","Genetic Testing","0.00","0","RATE_PENDING","NONE","N/A","TRUE"
"GEN-0029","HLA-B*15:02","Genetic Testing","0.00","0","RATE_PENDING","NONE","N/A","TRUE"
"GEN-0030","HLA Typing Class I","Genetic Testing","0.00","0","RATE_PENDING","NONE","N/A","TRUE"
"GEN-0031","HLA Typing Class II","Genetic Testing","0.00","0","RATE_PENDING","NONE","N/A","TRUE"
"HEM-0001","Complete Blood Count (CBC)","General Hematology","400.00","40000","ACTIVE","CATALOGUE_RATE_VERSIONS","2026-09-17T02:24:52.225049+00:00","FALSE"
"HEM-0002","Hemoglobin (Hb)","General Hematology","100.00","10000","ACTIVE","CATALOGUE_RATE_VERSIONS","2026-09-17T02:24:52.225666+00:00","FALSE"
"HEM-0003","Hematocrit (HCT/PCV)","General Hematology","0.00","0","RATE_PENDING","NONE","N/A","TRUE"
"HEM-0004","RBC Count","General Hematology","300.00","30000","ACTIVE","CATALOGUE_RATE_VERSIONS","2026-09-18T12:20:51.538541+00:00","FALSE"
"HEM-0005","WBC Count / TLC","General Hematology","0.00","0","RATE_PENDING","NONE","N/A","TRUE"
"HEM-0006","Platelet Count","General Hematology","150.00","15000","ACTIVE","CATALOGUE_RATE_VERSIONS","2026-09-17T02:24:52.225689+00:00","FALSE"
"HEM-0007","MCV","General Hematology","0.00","0","RATE_PENDING","NONE","N/A","TRUE"
"HEM-0008","MCH","General Hematology","0.00","0","RATE_PENDING","NONE","N/A","TRUE"
"HEM-0009","MCHC","General Hematology","0.00","0","RATE_PENDING","NONE","N/A","TRUE"
"HEM-0010","RDW-CV","General Hematology","0.00","0","RATE_PENDING","NONE","N/A","TRUE"
"HEM-0011","RDW-SD","General Hematology","0.00","0","RATE_PENDING","NONE","N/A","TRUE"
"HEM-0012","MPV","General Hematology","0.00","0","RATE_PENDING","NONE","N/A","TRUE"
"HEM-0013","PDW","General Hematology","0.00","0","RATE_PENDING","NONE","N/A","TRUE"
"HEM-0014","PCT (Plateletcrit)","General Hematology","0.00","0","RATE_PENDING","NONE","N/A","TRUE"
"HEM-0015","Neutrophil %","General Hematology","0.00","0","RATE_PENDING","NONE","N/A","TRUE"
"HEM-0016","Lymphocyte %","General Hematology","0.00","0","RATE_PENDING","NONE","N/A","TRUE"
"HEM-0017","Monocyte %","General Hematology","0.00","0","RATE_PENDING","NONE","N/A","TRUE"
"HEM-0018","Eosinophil %","General Hematology","0.00","0","RATE_PENDING","NONE","N/A","TRUE"
"HEM-0019","Basophil %","General Hematology","0.00","0","RATE_PENDING","NONE","N/A","TRUE"
"HEM-0020","Absolute Neutrophil Count","General Hematology","0.00","0","RATE_PENDING","NONE","N/A","TRUE"
"HEM-0021","Absolute Lymphocyte Count","General Hematology","0.00","0","RATE_PENDING","NONE","N/A","TRUE"
"HEM-0022","Absolute Eosinophil Count","General Hematology","0.00","0","RATE_PENDING","NONE","N/A","TRUE"
"HEM-0023","Reticulocyte Count","General Hematology","500.00","50000","ACTIVE","CATALOGUE_RATE_VERSIONS","2026-09-18T12:20:51.538558+00:00","FALSE"
"HEM-0024","Absolute Reticulocyte Count","General Hematology","0.00","0","RATE_PENDING","NONE","N/A","TRUE"
"HEM-0025","Immature Reticulocyte Fraction","General Hematology","0.00","0","RATE_PENDING","NONE","N/A","TRUE"
"HEM-0026","Peripheral Blood Smear","General Hematology","300.00","30000","ACTIVE","CATALOGUE_RATE_VERSIONS","2026-09-17T02:24:52.225851+00:00","FALSE"
"HEM-0027","ESR (Westergren)","General Hematology","100.00","10000","ACTIVE","CATALOGUE_RATE_VERSIONS","2026-09-17T02:24:52.225884+00:00","FALSE"
"HEM-0028","Malarial Parasite Smear","General Hematology","0.00","0","RATE_PENDING","NONE","N/A","TRUE"
"HEM-0029","Sickling Test","General Hematology","0.00","0","RATE_PENDING","NONE","N/A","TRUE"
"HEM-0030","Osmotic Fragility Test","General Hematology","0.00","0","RATE_PENDING","NONE","N/A","TRUE"
"HEM-0031","G6PD Screen","General Hematology","0.00","0","RATE_PENDING","NONE","N/A","TRUE"
"HEM-0032","G6PD Quantitative","General Hematology","6000.00","600000","ACTIVE","CATALOGUE_RATE_VERSIONS","2026-09-18T12:20:51.539241+00:00","FALSE"
"HEM-0033","Hb Electrophoresis","General Hematology","0.00","0","RATE_PENDING","NONE","N/A","TRUE"
"HEM-0034","HbA2","General Hematology","0.00","0","RATE_PENDING","NONE","N/A","TRUE"
"HEM-0035","HbF","General Hematology","0.00","0","RATE_PENDING","NONE","N/A","TRUE"
"HEM-0036","Heinz Bodies","General Hematology","0.00","0","RATE_PENDING","NONE","N/A","TRUE"
"HEM-0037","Bone Marrow Aspiration Examination","General Hematology","6000.00","600000","ACTIVE","CATALOGUE_RATE_VERSIONS","2026-09-18T12:20:51.539327+00:00","FALSE"
"HEM-0038","Bone Marrow Biopsy Examination","General Hematology","0.00","0","RATE_PENDING","NONE","N/A","TRUE"
"HEM-0039","Manual Differential Count","Morphology / Transfusion","400.00","40000","ACTIVE","CATALOGUE_RATE_VERSIONS","2026-09-18T12:20:51.538518+00:00","FALSE"
"HEM-0040","Nucleated RBC Count","Morphology / Transfusion","0.00","0","RATE_PENDING","NONE","N/A","TRUE"
"HEM-0041","Immature Granulocyte Count","Morphology / Transfusion","0.00","0","RATE_PENDING","NONE","N/A","TRUE"
"HEM-0042","Immature Granulocyte %","Morphology / Transfusion","0.00","0","RATE_PENDING","NONE","N/A","TRUE"
"HEM-0043","Large Unstained Cells","Morphology / Transfusion","0.00","0","RATE_PENDING","NONE","N/A","TRUE"
"HEM-0044","Platelet Estimate on Smear","Morphology / Transfusion","0.00","0","RATE_PENDING","NONE","N/A","TRUE"
"HEM-0045","RBC Morphology Review","Morphology / Transfusion","0.00","0","RATE_PENDING","NONE","N/A","TRUE"
"HEM-0046","WBC Morphology Review","Morphology / Transfusion","0.00","0","RATE_PENDING","NONE","N/A","TRUE"
"HEM-0047","Platelet Morphology Review","Morphology / Transfusion","0.00","0","RATE_PENDING","NONE","N/A","TRUE"
"HEM-0048","Microfilaria Detection in Blood","Morphology / Transfusion","0.00","0","RATE_PENDING","NONE","N/A","TRUE"
"HEM-0049","Blood Parasite Examination","Morphology / Transfusion","0.00","0","RATE_PENDING","NONE","N/A","TRUE"
"HEM-0050","Hemoglobin H Inclusion Body Test","Morphology / Transfusion","0.00","0","RATE_PENDING","NONE","N/A","TRUE"
"HEM-0051","Kleihauer-Betke Test","Morphology / Transfusion","0.00","0","RATE_PENDING","NONE","N/A","TRUE"
"HEM-0052","Fetal Hemoglobin Screen","Morphology / Transfusion","0.00","0","RATE_PENDING","NONE","N/A","TRUE"
"HEM-0053","Cold Agglutinin Titer","Morphology / Transfusion","0.00","0","RATE_PENDING","NONE","N/A","TRUE"
"HEM-0054","Direct Antiglobulin Test (DAT/Direct Coombs)","Morphology / Transfusion","0.00","0","RATE_PENDING","NONE","N/A","TRUE"
"HEM-0055","Indirect Antiglobulin Test (IAT/Indirect Coombs)","Morphology / Transfusion","0.00","0","RATE_PENDING","NONE","N/A","TRUE"
"HEM-0056","Blood Group ABO","Morphology / Transfusion","0.00","0","RATE_PENDING","NONE","N/A","TRUE"
"HEM-0057","Rh(D) Typing","Morphology / Transfusion","0.00","0","RATE_PENDING","NONE","N/A","TRUE"
"HEM-0058","ABO & Rh Typing","Morphology / Transfusion","100.00","10000","ACTIVE","CATALOGUE_RATE_VERSIONS","2026-09-18T12:20:51.538574+00:00","FALSE"
"HEM-0059","Antibody Screen","Morphology / Transfusion","0.00","0","RATE_PENDING","NONE","N/A","TRUE"
"HEM-0060","Antibody Identification Panel","Morphology / Transfusion","0.00","0","RATE_PENDING","NONE","N/A","TRUE"
"HEM-0061","Crossmatch (Major)","Morphology / Transfusion","0.00","0","RATE_PENDING","NONE","N/A","TRUE"
"HEM-0062","Crossmatch (Minor)","Morphology / Transfusion","0.00","0","RATE_PENDING","NONE","N/A","TRUE"
"HEM-0063","Red Cell Phenotyping","Morphology / Transfusion","0.00","0","RATE_PENDING","NONE","N/A","TRUE"
"HEM-0064","Weak D Test","Morphology / Transfusion","0.00","0","RATE_PENDING","NONE","N/A","TRUE"
"HEM-0065","Rh Antibody Titer","Morphology / Transfusion","0.00","0","RATE_PENDING","NONE","N/A","TRUE"
"HEM-0066","Isohemagglutinin Titer","Morphology / Transfusion","0.00","0","RATE_PENDING","NONE","N/A","TRUE"
"HEM-0067","Donor Hemoglobin","Morphology / Transfusion","0.00","0","RATE_PENDING","NONE","N/A","TRUE"
"HEM-0068","Donor CBC","Morphology / Transfusion","0.00","0","RATE_PENDING","NONE","N/A","TRUE"
"HEM-0069","Platelet Count Post Transfusion","Morphology / Transfusion","0.00","0","RATE_PENDING","NONE","N/A","TRUE"
"HEM-0070","Acute Leukemia Screening Panel","Flow Cytometry","0.00","0","RATE_PENDING","NONE","N/A","TRUE"
"HEM-0071","AML Flow Cytometry Panel","Flow Cytometry","0.00","0","RATE_PENDING","NONE","N/A","TRUE"
"HEM-0072","B-ALL Flow Cytometry Panel","Flow Cytometry","0.00","0","RATE_PENDING","NONE","N/A","TRUE"
"HEM-0073","T-ALL Flow Cytometry Panel","Flow Cytometry","0.00","0","RATE_PENDING","NONE","N/A","TRUE"
"HEM-0074","CLL Flow Cytometry Panel","Flow Cytometry","0.00","0","RATE_PENDING","NONE","N/A","TRUE"
"HEM-0075","Lymphoma Flow Cytometry Panel","Flow Cytometry","0.00","0","RATE_PENDING","NONE","N/A","TRUE"
"HEM-0076","Plasma Cell Myeloma Flow Panel","Flow Cytometry","0.00","0","RATE_PENDING","NONE","N/A","TRUE"
"HEM-0077","PNH Flow Cytometry Panel","Flow Cytometry","0.00","0","RATE_PENDING","NONE","N/A","TRUE"
"HEM-0078","CD4 Count","Flow Cytometry","0.00","0","RATE_PENDING","NONE","N/A","TRUE"
"HEM-0079","CD8 Count","Flow Cytometry","0.00","0","RATE_PENDING","NONE","N/A","TRUE"
"HEM-0080","CD4/CD8 Ratio","Flow Cytometry","0.00","0","RATE_PENDING","NONE","N/A","TRUE"
"HEM-0081","CD3 Count","Flow Cytometry","0.00","0","RATE_PENDING","NONE","N/A","TRUE"
"HEM-0082","CD19 Count","Flow Cytometry","0.00","0","RATE_PENDING","NONE","N/A","TRUE"
"HEM-0083","CD20 Count","Flow Cytometry","0.00","0","RATE_PENDING","NONE","N/A","TRUE"
"HEM-0084","CD16/56 NK Cell Count","Flow Cytometry","0.00","0","RATE_PENDING","NONE","N/A","TRUE"
"HEM-0085","CD34 Stem Cell Count","Flow Cytometry","0.00","0","RATE_PENDING","NONE","N/A","TRUE"
"HEM-0086","Reticulocyte Flow Cytometry","Flow Cytometry","0.00","0","RATE_PENDING","NONE","N/A","TRUE"
"HEM-0087","Platelet Glycoprotein Analysis","Flow Cytometry","0.00","0","RATE_PENDING","NONE","N/A","TRUE"
"HEM-0088","HLA-B27 by Flow Cytometry","Flow Cytometry","0.00","0","RATE_PENDING","NONE","N/A","TRUE"
"HEM-0089","Minimal Residual Disease - B-ALL","Flow Cytometry","0.00","0","RATE_PENDING","NONE","N/A","TRUE"
"HEM-0090","Minimal Residual Disease - T-ALL","Flow Cytometry","0.00","0","RATE_PENDING","NONE","N/A","TRUE"
"HEM-0091","Minimal Residual Disease - AML","Flow Cytometry","0.00","0","RATE_PENDING","NONE","N/A","TRUE"
"HEM-0092","Minimal Residual Disease - Multiple Myeloma","Flow Cytometry","0.00","0","RATE_PENDING","NONE","N/A","TRUE"
"HEM-0093","Fetal RBC Detection by Flow Cytometry","Flow Cytometry","0.00","0","RATE_PENDING","NONE","N/A","TRUE"
"HIS-0001","Small Biopsy Histopathology","Surgical Pathology","2500.00","250000","ACTIVE","CATALOGUE_RATE_VERSIONS","2026-09-18T12:20:51.540297+00:00","FALSE"
"HIS-0002","Medium Biopsy Histopathology","Surgical Pathology","3500.00","350000","ACTIVE","CATALOGUE_RATE_VERSIONS","2026-09-18T12:20:51.54034+00:00","FALSE"
"HIS-0003","Large Specimen Histopathology","Surgical Pathology","5000.00","500000","ACTIVE","CATALOGUE_RATE_VERSIONS","2026-09-18T12:20:51.540359+00:00","FALSE"
"HIS-0004","GI Endoscopic Biopsy","Surgical Pathology","0.00","0","RATE_PENDING","NONE","N/A","TRUE"
"HIS-0005","Skin Biopsy","Surgical Pathology","0.00","0","RATE_PENDING","NONE","N/A","TRUE"
"HIS-0006","Lymph Node Biopsy","Surgical Pathology","0.00","0","RATE_PENDING","NONE","N/A","TRUE"
"HIS-0007","Breast Core Biopsy","Surgical Pathology","0.00","0","RATE_PENDING","NONE","N/A","TRUE"
"HIS-0008","Prostate Core Biopsy","Surgical Pathology","0.00","0","RATE_PENDING","NONE","N/A","TRUE"
"HIS-0009","Cervical Biopsy","Surgical Pathology","0.00","0","RATE_PENDING","NONE","N/A","TRUE"
"HIS-0010","Endometrial Biopsy","Surgical Pathology","0.00","0","RATE_PENDING","NONE","N/A","TRUE"
"HIS-0011","Bone Biopsy","Surgical Pathology","0.00","0","RATE_PENDING","NONE","N/A","TRUE"
"HIS-0012","Liver Biopsy","Surgical Pathology","0.00","0","RATE_PENDING","NONE","N/A","TRUE"
"HIS-0013","Kidney Biopsy","Surgical Pathology","0.00","0","RATE_PENDING","NONE","N/A","TRUE"
"HIS-0014","Lung Biopsy","Surgical Pathology","0.00","0","RATE_PENDING","NONE","N/A","TRUE"
"HIS-0015","Brain/CNS Biopsy","Surgical Pathology","0.00","0","RATE_PENDING","NONE","N/A","TRUE"
"HIS-0016","Oral Cavity Biopsy","Surgical Pathology","0.00","0","RATE_PENDING","NONE","N/A","TRUE"
"HIS-0017","Bladder Biopsy","Surgical Pathology","0.00","0","RATE_PENDING","NONE","N/A","TRUE"
"HIS-0018","Thyroid Biopsy Histology","Surgical Pathology","0.00","0","RATE_PENDING","NONE","N/A","TRUE"
"HIS-0019","Appendix Histopathology","Surgical Pathology","0.00","0","RATE_PENDING","NONE","N/A","TRUE"
"HIS-0020","Gallbladder Histopathology","Surgical Pathology","0.00","0","RATE_PENDING","NONE","N/A","TRUE"
"HIS-0021","Uterus Histopathology","Surgical Pathology","0.00","0","RATE_PENDING","NONE","N/A","TRUE"
"HIS-0022","Ovary Histopathology","Surgical Pathology","0.00","0","RATE_PENDING","NONE","N/A","TRUE"
"HIS-0023","Placenta Histopathology","Surgical Pathology","0.00","0","RATE_PENDING","NONE","N/A","TRUE"
"HIS-0024","Resection Specimen - Colon","Surgical Pathology","0.00","0","RATE_PENDING","NONE","N/A","TRUE"
"HIS-0025","Resection Specimen - Stomach","Surgical Pathology","0.00","0","RATE_PENDING","NONE","N/A","TRUE"
"HIS-0026","Resection Specimen - Breast","Surgical Pathology","0.00","0","RATE_PENDING","NONE","N/A","TRUE"
"HIS-0027","Resection Specimen - Lung","Surgical Pathology","0.00","0","RATE_PENDING","NONE","N/A","TRUE"
"HIS-0028","Resection Specimen - Kidney","Surgical Pathology","0.00","0","RATE_PENDING","NONE","N/A","TRUE"
"HIS-0029","Resection Specimen - Prostate","Surgical Pathology","0.00","0","RATE_PENDING","NONE","N/A","TRUE"
"HIS-0030","Resection Specimen - Bladder","Surgical Pathology","0.00","0","RATE_PENDING","NONE","N/A","TRUE"
"HIS-0031","Resection Specimen - Head & Neck","Surgical Pathology","0.00","0","RATE_PENDING","NONE","N/A","TRUE"
"HIS-0032","Resection Specimen - Soft Tissue","Surgical Pathology","0.00","0","RATE_PENDING","NONE","N/A","TRUE"
"HIS-0033","IHC - ER","Immunohistochemistry","0.00","0","RATE_PENDING","NONE","N/A","TRUE"
"HIS-0034","IHC - PR","Immunohistochemistry","0.00","0","RATE_PENDING","NONE","N/A","TRUE"
"HIS-0035","IHC - HER2 IHC","Immunohistochemistry","0.00","0","RATE_PENDING","NONE","N/A","TRUE"
"HIS-0036","IHC - Ki-67","Immunohistochemistry","0.00","0","RATE_PENDING","NONE","N/A","TRUE"
"HIS-0037","IHC - p53","Immunohistochemistry","0.00","0","RATE_PENDING","NONE","N/A","TRUE"
"HIS-0038","IHC - CK7","Immunohistochemistry","0.00","0","RATE_PENDING","NONE","N/A","TRUE"
"HIS-0039","IHC - CK20","Immunohistochemistry","0.00","0","RATE_PENDING","NONE","N/A","TRUE"
"HIS-0040","IHC - Pan-Cytokeratin AE1/AE3","Immunohistochemistry","0.00","0","RATE_PENDING","NONE","N/A","TRUE"
"HIS-0041","IHC - EMA","Immunohistochemistry","0.00","0","RATE_PENDING","NONE","N/A","TRUE"
"HIS-0042","IHC - Vimentin","Immunohistochemistry","0.00","0","RATE_PENDING","NONE","N/A","TRUE"
"HIS-0043","IHC - S100","Immunohistochemistry","0.00","0","RATE_PENDING","NONE","N/A","TRUE"
"HIS-0044","IHC - SOX10","Immunohistochemistry","0.00","0","RATE_PENDING","NONE","N/A","TRUE"
"HIS-0045","IHC - TTF-1","Immunohistochemistry","0.00","0","RATE_PENDING","NONE","N/A","TRUE"
"HIS-0046","IHC - Napsin A","Immunohistochemistry","0.00","0","RATE_PENDING","NONE","N/A","TRUE"
"HIS-0047","IHC - PAX8","Immunohistochemistry","0.00","0","RATE_PENDING","NONE","N/A","TRUE"
"HIS-0048","IHC - GATA3","Immunohistochemistry","0.00","0","RATE_PENDING","NONE","N/A","TRUE"
"HIS-0049","IHC - CDX2","Immunohistochemistry","0.00","0","RATE_PENDING","NONE","N/A","TRUE"
"HIS-0050","IHC - SATB2","Immunohistochemistry","0.00","0","RATE_PENDING","NONE","N/A","TRUE"
"HIS-0051","IHC - PSA","Immunohistochemistry","0.00","0","RATE_PENDING","NONE","N/A","TRUE"
"HIS-0052","IHC - PSAP","Immunohistochemistry","0.00","0","RATE_PENDING","NONE","N/A","TRUE"
"HIS-0053","IHC - NKX3.1","Immunohistochemistry","0.00","0","RATE_PENDING","NONE","N/A","TRUE"
"HIS-0054","IHC - Thyroglobulin","Immunohistochemistry","0.00","0","RATE_PENDING","NONE","N/A","TRUE"
"HIS-0055","IHC - Calcitonin","Immunohistochemistry","0.00","0","RATE_PENDING","NONE","N/A","TRUE"
"HIS-0056","IHC - Synaptophysin","Immunohistochemistry","0.00","0","RATE_PENDING","NONE","N/A","TRUE"
"HIS-0057","IHC - Chromogranin","Immunohistochemistry","0.00","0","RATE_PENDING","NONE","N/A","TRUE"
"HIS-0058","IHC - INSM1","Immunohistochemistry","0.00","0","RATE_PENDING","NONE","N/A","TRUE"
"HIS-0059","IHC - CD56","Immunohistochemistry","0.00","0","RATE_PENDING","NONE","N/A","TRUE"
"HIS-0060","IHC - CD3","Immunohistochemistry","0.00","0","RATE_PENDING","NONE","N/A","TRUE"
"HIS-0061","IHC - CD20","Immunohistochemistry","0.00","0","RATE_PENDING","NONE","N/A","TRUE"
"HIS-0062","IHC - PAX5","Immunohistochemistry","0.00","0","RATE_PENDING","NONE","N/A","TRUE"
"HIS-0063","IHC - CD30","Immunohistochemistry","0.00","0","RATE_PENDING","NONE","N/A","TRUE"
"HIS-0064","IHC - CD15","Immunohistochemistry","0.00","0","RATE_PENDING","NONE","N/A","TRUE"
"HIS-0065","IHC - ALK","Immunohistochemistry","0.00","0","RATE_PENDING","NONE","N/A","TRUE"
"HIS-0066","IHC - BCL2","Immunohistochemistry","0.00","0","RATE_PENDING","NONE","N/A","TRUE"
"HIS-0067","IHC - BCL6","Immunohistochemistry","0.00","0","RATE_PENDING","NONE","N/A","TRUE"
"HIS-0068","IHC - MUM1","Immunohistochemistry","0.00","0","RATE_PENDING","NONE","N/A","TRUE"
"HIS-0069","IHC - c-MYC","Immunohistochemistry","0.00","0","RATE_PENDING","NONE","N/A","TRUE"
"HIS-0070","IHC - Cyclin D1","Immunohistochemistry","0.00","0","RATE_PENDING","NONE","N/A","TRUE"
"HIS-0071","IHC - CD5","Immunohistochemistry","0.00","0","RATE_PENDING","NONE","N/A","TRUE"
"HIS-0072","IHC - CD10","Immunohistochemistry","0.00","0","RATE_PENDING","NONE","N/A","TRUE"
"HIS-0073","IHC - CD23","Immunohistochemistry","0.00","0","RATE_PENDING","NONE","N/A","TRUE"
"HIS-0074","IHC - TdT","Immunohistochemistry","0.00","0","RATE_PENDING","NONE","N/A","TRUE"
"HIS-0075","IHC - MPO","Immunohistochemistry","0.00","0","RATE_PENDING","NONE","N/A","TRUE"
"HIS-0076","IHC - CD34","Immunohistochemistry","0.00","0","RATE_PENDING","NONE","N/A","TRUE"
"HIS-0077","IHC - CD117","Immunohistochemistry","0.00","0","RATE_PENDING","NONE","N/A","TRUE"
"HIS-0078","IHC - DOG1","Immunohistochemistry","0.00","0","RATE_PENDING","NONE","N/A","TRUE"
"HIS-0079","IHC - CD117 (GIST)","Immunohistochemistry","0.00","0","RATE_PENDING","NONE","N/A","TRUE"
"HIS-0080","IHC - Desmin","Immunohistochemistry","0.00","0","RATE_PENDING","NONE","N/A","TRUE"
"HIS-0081","IHC - SMA","Immunohistochemistry","0.00","0","RATE_PENDING","NONE","N/A","TRUE"
"HIS-0082","IHC - Myogenin","Immunohistochemistry","0.00","0","RATE_PENDING","NONE","N/A","TRUE"
"HIS-0083","IHC - MyoD1","Immunohistochemistry","0.00","0","RATE_PENDING","NONE","N/A","TRUE"
"HIS-0084","IHC - WT1","Immunohistochemistry","0.00","0","RATE_PENDING","NONE","N/A","TRUE"
"HIS-0085","IHC - Calretinin","Immunohistochemistry","0.00","0","RATE_PENDING","NONE","N/A","TRUE"
"HIS-0086","IHC - D2-40","Immunohistochemistry","0.00","0","RATE_PENDING","NONE","N/A","TRUE"
"HIS-0087","IHC - BerEP4","Immunohistochemistry","0.00","0","RATE_PENDING","NONE","N/A","TRUE"
"HIS-0088","IHC - MOC31","Immunohistochemistry","0.00","0","RATE_PENDING","NONE","N/A","TRUE"
"HIS-0089","IHC - p63","Immunohistochemistry","0.00","0","RATE_PENDING","NONE","N/A","TRUE"
"HIS-0090","IHC - p40","Immunohistochemistry","0.00","0","RATE_PENDING","NONE","N/A","TRUE"
"HIS-0091","IHC - Uroplakin II","Immunohistochemistry","0.00","0","RATE_PENDING","NONE","N/A","TRUE"
"HIS-0092","IHC - GCDFP-15","Immunohistochemistry","0.00","0","RATE_PENDING","NONE","N/A","TRUE"
"HIS-0093","IHC - Mammaglobin","Immunohistochemistry","0.00","0","RATE_PENDING","NONE","N/A","TRUE"
"HIS-0094","IHC - Androgen Receptor","Immunohistochemistry","0.00","0","RATE_PENDING","NONE","N/A","TRUE"
"HIS-0095","IHC - E-cadherin","Immunohistochemistry","0.00","0","RATE_PENDING","NONE","N/A","TRUE"
"HIS-0096","IHC - Beta-catenin","Immunohistochemistry","0.00","0","RATE_PENDING","NONE","N/A","TRUE"
"HIS-0097","IHC - SMAD4","Immunohistochemistry","0.00","0","RATE_PENDING","NONE","N/A","TRUE"
"HIS-0098","IHC - INI1/SMARCB1","Immunohistochemistry","0.00","0","RATE_PENDING","NONE","N/A","TRUE"
"HIS-0099","IHC - BRG1/SMARCA4","Immunohistochemistry","0.00","0","RATE_PENDING","NONE","N/A","TRUE"
"HIS-0100","IHC - ATRX","Immunohistochemistry","0.00","0","RATE_PENDING","NONE","N/A","TRUE"
"HIS-0101","IHC - IDH1 R132H","Immunohistochemistry","0.00","0","RATE_PENDING","NONE","N/A","TRUE"
"HIS-0102","IHC - GFAP","Immunohistochemistry","0.00","0","RATE_PENDING","NONE","N/A","TRUE"
"HIS-0103","IHC - OLIG2","Immunohistochemistry","0.00","0","RATE_PENDING","NONE","N/A","TRUE"
"HIS-0104","IHC - H3 K27M","Immunohistochemistry","0.00","0","RATE_PENDING","NONE","N/A","TRUE"
"HIS-0105","IHC - PD-L1 IHC","Immunohistochemistry","0.00","0","RATE_PENDING","NONE","N/A","TRUE"
"HIS-0106","IHC - MMR MLH1","Immunohistochemistry","0.00","0","RATE_PENDING","NONE","N/A","TRUE"
"HIS-0107","IHC - MMR PMS2","Immunohistochemistry","0.00","0","RATE_PENDING","NONE","N/A","TRUE"
"HIS-0108","IHC - MMR MSH2","Immunohistochemistry","0.00","0","RATE_PENDING","NONE","N/A","TRUE"
"HIS-0109","IHC - MMR MSH6","Immunohistochemistry","0.00","0","RATE_PENDING","NONE","N/A","TRUE"
"HIS-0110","PAS Stain","Special Stains","0.00","0","RATE_PENDING","NONE","N/A","TRUE"
"HIS-0111","PAS with Diastase","Special Stains","0.00","0","RATE_PENDING","NONE","N/A","TRUE"
"HIS-0112","GMS Stain","Special Stains","0.00","0","RATE_PENDING","NONE","N/A","TRUE"
"HIS-0113","Ziehl-Neelsen Stain on Tissue","Special Stains","0.00","0","RATE_PENDING","NONE","N/A","TRUE"
"HIS-0114","Fite-Faraco Stain","Special Stains","0.00","0","RATE_PENDING","NONE","N/A","TRUE"
"HIS-0115","Gram Stain on Tissue","Special Stains","0.00","0","RATE_PENDING","NONE","N/A","TRUE"
"HIS-0116","Masson's Trichrome","Special Stains","0.00","0","RATE_PENDING","NONE","N/A","TRUE"
"HIS-0117","Reticulin Stain","Special Stains","0.00","0","RATE_PENDING","NONE","N/A","TRUE"
"HIS-0118","Congo Red","Special Stains","0.00","0","RATE_PENDING","NONE","N/A","TRUE"
"HIS-0119","Perls' Prussian Blue","Special Stains","0.00","0","RATE_PENDING","NONE","N/A","TRUE"
"HIS-0120","Alcian Blue","Special Stains","0.00","0","RATE_PENDING","NONE","N/A","TRUE"
"HIS-0121","Mucicarmine","Special Stains","0.00","0","RATE_PENDING","NONE","N/A","TRUE"
"HIS-0122","Fontana-Masson","Special Stains","0.00","0","RATE_PENDING","NONE","N/A","TRUE"
"HIS-0123","Elastic Van Gieson","Special Stains","0.00","0","RATE_PENDING","NONE","N/A","TRUE"
"HIS-0124","Oil Red O","Special Stains","0.00","0","RATE_PENDING","NONE","N/A","TRUE"
"HIS-0125","Toluidine Blue","Special Stains","0.00","0","RATE_PENDING","NONE","N/A","TRUE"
"HIS-0126","PTAH Stain","Special Stains","0.00","0","RATE_PENDING","NONE","N/A","TRUE"
"HIS-0127","Jones Methenamine Silver","Special Stains","0.00","0","RATE_PENDING","NONE","N/A","TRUE"
"HIS-0128","Cresyl Violet","Special Stains","0.00","0","RATE_PENDING","NONE","N/A","TRUE"
"HIS-0129","Luxol Fast Blue","Special Stains","0.00","0","RATE_PENDING","NONE","N/A","TRUE"
"HIS-0130","Von Kossa Stain","Special Stains","0.00","0","RATE_PENDING","NONE","N/A","TRUE"
"HIS-0131","Alizarin Red","Special Stains","0.00","0","RATE_PENDING","NONE","N/A","TRUE"
"HIS-0132","Warthin-Starry Stain","Special Stains","0.00","0","RATE_PENDING","NONE","N/A","TRUE"
"HIS-0133","Giemsa Stain on Tissue","Special Stains","0.00","0","RATE_PENDING","NONE","N/A","TRUE"
"IMM-0001","CRP, Quantitative","Autoimmune / Immunoglobulins","700.00","70000","ACTIVE","CATALOGUE_RATE_VERSIONS","2026-09-16T07:36:39.564555+00:00","FALSE"
"IMM-0002","Rheumatoid Factor (RF)","Autoimmune / Immunoglobulins","600.00","60000","ACTIVE","CATALOGUE_RATE_VERSIONS","2026-09-16T07:36:39.564555+00:00","FALSE"
"IMM-0003","ASO Titer","Autoimmune / Immunoglobulins","600.00","60000","ACTIVE","CATALOGUE_RATE_VERSIONS","2026-09-16T07:36:39.564555+00:00","FALSE"
"IMM-0004","Anti-CCP","Autoimmune / Immunoglobulins","2200.00","220000","ACTIVE","CATALOGUE_RATE_VERSIONS","2026-09-16T07:36:39.564555+00:00","FALSE"
"IMM-0005","ANA by IFA","Autoimmune / Immunoglobulins","2200.00","220000","ACTIVE","CATALOGUE_RATE_VERSIONS","2026-09-18T12:20:51.538988+00:00","FALSE"
"IMM-0006","ANA Screen by ELISA","Autoimmune / Immunoglobulins","0.00","0","RATE_PENDING","NONE","N/A","TRUE"
"IMM-0007","Anti-dsDNA","Autoimmune / Immunoglobulins","3000.00","300000","ACTIVE","CATALOGUE_RATE_VERSIONS","2026-09-18T12:20:51.539118+00:00","FALSE"
"IMM-0008","Anti-Sm Antibody","Autoimmune / Immunoglobulins","0.00","0","RATE_PENDING","NONE","N/A","TRUE"
"IMM-0009","Anti-RNP Antibody","Autoimmune / Immunoglobulins","0.00","0","RATE_PENDING","NONE","N/A","TRUE"
"IMM-0010","Anti-SSA/Ro","Autoimmune / Immunoglobulins","0.00","0","RATE_PENDING","NONE","N/A","TRUE"
"IMM-0011","Anti-SSB/La","Autoimmune / Immunoglobulins","0.00","0","RATE_PENDING","NONE","N/A","TRUE"
"IMM-0012","Anti-Scl-70","Autoimmune / Immunoglobulins","0.00","0","RATE_PENDING","NONE","N/A","TRUE"
"IMM-0013","Anti-Jo-1","Autoimmune / Immunoglobulins","0.00","0","RATE_PENDING","NONE","N/A","TRUE"
"IMM-0014","Anti-Centromere Antibody","Autoimmune / Immunoglobulins","0.00","0","RATE_PENDING","NONE","N/A","TRUE"
"IMM-0015","Anti-Ribosomal P","Autoimmune / Immunoglobulins","0.00","0","RATE_PENDING","NONE","N/A","TRUE"
"IMM-0016","C3 Complement","Autoimmune / Immunoglobulins","0.00","0","RATE_PENDING","NONE","N/A","TRUE"
"IMM-0017","C4 Complement","Autoimmune / Immunoglobulins","0.00","0","RATE_PENDING","NONE","N/A","TRUE"
"IMM-0018","CH50","Autoimmune / Immunoglobulins","0.00","0","RATE_PENDING","NONE","N/A","TRUE"
"IMM-0019","ANCA Screen","Autoimmune / Immunoglobulins","0.00","0","RATE_PENDING","NONE","N/A","TRUE"
"IMM-0020","c-ANCA / PR3","Autoimmune / Immunoglobulins","0.00","0","RATE_PENDING","NONE","N/A","TRUE"
"IMM-0021","p-ANCA / MPO","Autoimmune / Immunoglobulins","0.00","0","RATE_PENDING","NONE","N/A","TRUE"
"IMM-0022","Anti-GBM Antibody","Autoimmune / Immunoglobulins","0.00","0","RATE_PENDING","NONE","N/A","TRUE"
"IMM-0023","Anticardiolipin IgG","Autoimmune / Immunoglobulins","0.00","0","RATE_PENDING","NONE","N/A","TRUE"
"IMM-0024","Anticardiolipin IgM","Autoimmune / Immunoglobulins","0.00","0","RATE_PENDING","NONE","N/A","TRUE"
"IMM-0025","Beta-2 Glycoprotein I IgG","Autoimmune / Immunoglobulins","0.00","0","RATE_PENDING","NONE","N/A","TRUE"
"IMM-0026","Beta-2 Glycoprotein I IgM","Autoimmune / Immunoglobulins","0.00","0","RATE_PENDING","NONE","N/A","TRUE"
"IMM-0027","Lupus Anticoagulant Panel","Autoimmune / Immunoglobulins","0.00","0","RATE_PENDING","NONE","N/A","TRUE"
"IMM-0028","Total IgG","Autoimmune / Immunoglobulins","0.00","0","RATE_PENDING","NONE","N/A","TRUE"
"IMM-0029","Total IgA","Autoimmune / Immunoglobulins","0.00","0","RATE_PENDING","NONE","N/A","TRUE"
"IMM-0030","Total IgM","Autoimmune / Immunoglobulins","0.00","0","RATE_PENDING","NONE","N/A","TRUE"
"IMM-0031","Total IgE","Autoimmune / Immunoglobulins","1200.00","120000","ACTIVE","CATALOGUE_RATE_VERSIONS","2026-09-16T07:36:39.564555+00:00","FALSE"
"IMM-0032","IgG Subclass 1","Autoimmune / Immunoglobulins","0.00","0","RATE_PENDING","NONE","N/A","TRUE"
"IMM-0033","IgG Subclass 2","Autoimmune / Immunoglobulins","0.00","0","RATE_PENDING","NONE","N/A","TRUE"
"IMM-0034","IgG Subclass 3","Autoimmune / Immunoglobulins","0.00","0","RATE_PENDING","NONE","N/A","TRUE"
"IMM-0035","IgG Subclass 4","Autoimmune / Immunoglobulins","0.00","0","RATE_PENDING","NONE","N/A","TRUE"
"IMM-0036","Cryoglobulin","Autoimmune / Immunoglobulins","0.00","0","RATE_PENDING","NONE","N/A","TRUE"
"IMM-0037","Cryofibrinogen","Autoimmune / Immunoglobulins","0.00","0","RATE_PENDING","NONE","N/A","TRUE"
"IMM-0038","Serum Protein Electrophoresis","Autoimmune / Immunoglobulins","0.00","0","RATE_PENDING","NONE","N/A","TRUE"
"IMM-0039","Immunofixation Electrophoresis, Serum","Autoimmune / Immunoglobulins","0.00","0","RATE_PENDING","NONE","N/A","TRUE"
"IMM-0040","Free Kappa Light Chain","Autoimmune / Immunoglobulins","0.00","0","RATE_PENDING","NONE","N/A","TRUE"
"IMM-0041","Free Lambda Light Chain","Autoimmune / Immunoglobulins","0.00","0","RATE_PENDING","NONE","N/A","TRUE"
"IMM-0042","Kappa/Lambda Ratio","Autoimmune / Immunoglobulins","0.00","0","RATE_PENDING","NONE","N/A","TRUE"
"IMM-0043","tTG IgA","Autoimmune / Immunoglobulins","0.00","0","RATE_PENDING","NONE","N/A","TRUE"
"IMM-0044","tTG IgG","Autoimmune / Immunoglobulins","0.00","0","RATE_PENDING","NONE","N/A","TRUE"
"IMM-0045","Deamidated Gliadin Peptide IgA","Autoimmune / Immunoglobulins","0.00","0","RATE_PENDING","NONE","N/A","TRUE"
"IMM-0046","Deamidated Gliadin Peptide IgG","Autoimmune / Immunoglobulins","0.00","0","RATE_PENDING","NONE","N/A","TRUE"
"IMM-0047","Endomysial Antibody IgA","Autoimmune / Immunoglobulins","0.00","0","RATE_PENDING","NONE","N/A","TRUE"
"IMM-0048","Intrinsic Factor Antibody","Autoimmune / Immunoglobulins","0.00","0","RATE_PENDING","NONE","N/A","TRUE"
"IMM-0049","Parietal Cell Antibody","Autoimmune / Immunoglobulins","0.00","0","RATE_PENDING","NONE","N/A","TRUE"
"IMM-0050","Anti-Smooth Muscle Antibody","Autoimmune / Immunoglobulins","0.00","0","RATE_PENDING","NONE","N/A","TRUE"
"IMM-0051","Anti-Mitochondrial Antibody M2","Autoimmune / Immunoglobulins","0.00","0","RATE_PENDING","NONE","N/A","TRUE"
"IMM-0052","Liver Kidney Microsomal Antibody (LKM-1)","Autoimmune / Immunoglobulins","0.00","0","RATE_PENDING","NONE","N/A","TRUE"
"IMM-0053","Soluble Liver Antigen Antibody","Autoimmune / Immunoglobulins","0.00","0","RATE_PENDING","NONE","N/A","TRUE"
"IMM-0054","Anti-Phosphatidylserine Antibody IgG","Autoimmune / Immunoglobulins","0.00","0","RATE_PENDING","NONE","N/A","TRUE"
"IMM-0055","Anti-Phosphatidylserine Antibody IgM","Autoimmune / Immunoglobulins","0.00","0","RATE_PENDING","NONE","N/A","TRUE"
"IMM-0056","Anti-Histone Antibody","Autoimmune / Immunoglobulins","0.00","0","RATE_PENDING","NONE","N/A","TRUE"
"IMM-0057","Anti-Nucleosome Antibody","Autoimmune / Immunoglobulins","0.00","0","RATE_PENDING","NONE","N/A","TRUE"
"IMM-0058","Anti-RNA Polymerase III","Autoimmune / Immunoglobulins","0.00","0","RATE_PENDING","NONE","N/A","TRUE"
"IMM-0059","Anti-PM/Scl Antibody","Autoimmune / Immunoglobulins","0.00","0","RATE_PENDING","NONE","N/A","TRUE"
"IMM-0060","Anti-Mi-2 Antibody","Autoimmune / Immunoglobulins","0.00","0","RATE_PENDING","NONE","N/A","TRUE"
"IMM-0061","Anti-SRP Antibody","Autoimmune / Immunoglobulins","0.00","0","RATE_PENDING","NONE","N/A","TRUE"
"IMM-0062","Anti-AChR Binding Antibody","Autoimmune / Immunoglobulins","0.00","0","RATE_PENDING","NONE","N/A","TRUE"
"IMM-0063","Anti-MuSK Antibody","Autoimmune / Immunoglobulins","0.00","0","RATE_PENDING","NONE","N/A","TRUE"
"IMM-0064","Aquaporin-4 Antibody","Autoimmune / Immunoglobulins","0.00","0","RATE_PENDING","NONE","N/A","TRUE"
"IMM-0065","MOG Antibody","Autoimmune / Immunoglobulins","0.00","0","RATE_PENDING","NONE","N/A","TRUE"
"IMM-0066","Anti-GAD65 Antibody","Autoimmune / Immunoglobulins","0.00","0","RATE_PENDING","NONE","N/A","TRUE"
"IMM-0067","IA-2 Antibody","Autoimmune / Immunoglobulins","0.00","0","RATE_PENDING","NONE","N/A","TRUE"
"IMM-0068","ZnT8 Antibody","Autoimmune / Immunoglobulins","0.00","0","RATE_PENDING","NONE","N/A","TRUE"
"IMM-0069","Islet Cell Antibody","Autoimmune / Immunoglobulins","0.00","0","RATE_PENDING","NONE","N/A","TRUE"
"IMM-0070","Anti-PLA2R Antibody","Special Immunology","0.00","0","RATE_PENDING","NONE","N/A","TRUE"
"IMM-0071","Anti-THSD7A Antibody","Special Immunology","0.00","0","RATE_PENDING","NONE","N/A","TRUE"
"IMM-0072","Anti-BP180 Antibody","Special Immunology","0.00","0","RATE_PENDING","NONE","N/A","TRUE"
"IMM-0073","Anti-BP230 Antibody","Special Immunology","0.00","0","RATE_PENDING","NONE","N/A","TRUE"
"IMM-0074","Desmoglein 1 Antibody","Special Immunology","0.00","0","RATE_PENDING","NONE","N/A","TRUE"
"IMM-0075","Desmoglein 3 Antibody","Special Immunology","0.00","0","RATE_PENDING","NONE","N/A","TRUE"
"IMM-0076","Anti-TTG IgA with Total IgA Reflex","Special Immunology","0.00","0","RATE_PENDING","NONE","N/A","TRUE"
"IMM-0077","Anti-Saccharomyces cerevisiae IgA","Special Immunology","0.00","0","RATE_PENDING","NONE","N/A","TRUE"
"IMM-0078","Anti-Saccharomyces cerevisiae IgG","Special Immunology","0.00","0","RATE_PENDING","NONE","N/A","TRUE"
"IMM-0079","Anti-CCP3","Special Immunology","0.00","0","RATE_PENDING","NONE","N/A","TRUE"
"IMM-0080","Anti-CarP Antibody","Special Immunology","0.00","0","RATE_PENDING","NONE","N/A","TRUE"
"IMM-0081","Anti-DFS70 Antibody","Special Immunology","0.00","0","RATE_PENDING","NONE","N/A","TRUE"
"IMM-0082","Anti-C1q Antibody","Special Immunology","0.00","0","RATE_PENDING","NONE","N/A","TRUE"
"IMM-0083","C1 Esterase Inhibitor Level","Special Immunology","0.00","0","RATE_PENDING","NONE","N/A","TRUE"
"IMM-0084","C1 Esterase Inhibitor Function","Special Immunology","0.00","0","RATE_PENDING","NONE","N/A","TRUE"
"IMM-0085","C2 Complement","Special Immunology","0.00","0","RATE_PENDING","NONE","N/A","TRUE"
"IMM-0086","C5 Complement","Special Immunology","0.00","0","RATE_PENDING","NONE","N/A","TRUE"
"IMM-0087","Properdin","Special Immunology","0.00","0","RATE_PENDING","NONE","N/A","TRUE"
"IMM-0088","Mannose Binding Lectin","Special Immunology","0.00","0","RATE_PENDING","NONE","N/A","TRUE"
"IMM-0089","Neutrophil Oxidative Burst Test","Special Immunology","0.00","0","RATE_PENDING","NONE","N/A","TRUE"
"IMM-0090","Lymphocyte Subset Panel","Special Immunology","0.00","0","RATE_PENDING","NONE","N/A","TRUE"
"IMM-0091","NK Cell Function","Special Immunology","0.00","0","RATE_PENDING","NONE","N/A","TRUE"
"IMM-0092","Serum Immunoglobulin Electrophoresis","Special Immunology","0.00","0","RATE_PENDING","NONE","N/A","TRUE"
"IMM-0093","Interleukin-6 (IL-6)","Serology & Immunology","3000.00","300000","ACTIVE","CATALOGUE_RATE_VERSIONS","2026-09-16T07:36:39.564555+00:00","FALSE"
"IMM-INFLAMMATION","Sepsis & Inflammatory Markers Panel","Special Chemistry","0.00","0","RATE_PENDING","NONE","N/A","TRUE"
"IMM-VITAMINS","Vitamins Suite (Vit D & B12)","Special Chemistry","0.00","0","RATE_PENDING","NONE","N/A","TRUE"
"MIC-0001","Gram Stain","Microscopy / Stains","200.00","20000","ACTIVE","CATALOGUE_RATE_VERSIONS","2026-09-18T12:20:51.538691+00:00","FALSE"
"MIC-0002","AFB Smear by Ziehl-Neelsen","Microscopy / Stains","200.00","20000","ACTIVE","CATALOGUE_RATE_VERSIONS","2026-09-18T12:20:51.538707+00:00","FALSE"
"MIC-0003","AFB Smear by Fluorescent Stain","Microscopy / Stains","0.00","0","RATE_PENDING","NONE","N/A","TRUE"
"MIC-0004","KOH Mount","Microscopy / Stains","400.00","40000","ACTIVE","CATALOGUE_RATE_VERSIONS","2026-09-18T12:20:51.538763+00:00","FALSE"
"MIC-0005","India Ink Preparation","Microscopy / Stains","0.00","0","RATE_PENDING","NONE","N/A","TRUE"
"MIC-0006","Wet Mount","Microscopy / Stains","0.00","0","RATE_PENDING","NONE","N/A","TRUE"
"MIC-0007","Albert Stain","Microscopy / Stains","0.00","0","RATE_PENDING","NONE","N/A","TRUE"
"MIC-0008","Modified Acid Fast Stain","Microscopy / Stains","0.00","0","RATE_PENDING","NONE","N/A","TRUE"
"MIC-0009","Lactophenol Cotton Blue Mount","Microscopy / Stains","0.00","0","RATE_PENDING","NONE","N/A","TRUE"
"MIC-0010","Blood Culture & Sensitivity","Bacteriology","0.00","0","RATE_PENDING","NONE","N/A","TRUE"
"MIC-0011","Urine Culture & Sensitivity","Bacteriology","500.00","50000","ACTIVE","CATALOGUE_RATE_VERSIONS","2026-09-18T12:20:51.538653+00:00","FALSE"
"MIC-0012","Stool Culture & Sensitivity","Bacteriology","600.00","60000","ACTIVE","CATALOGUE_RATE_VERSIONS","2026-09-18T12:20:51.538671+00:00","FALSE"
"MIC-0013","Sputum Culture & Sensitivity","Bacteriology","0.00","0","RATE_PENDING","NONE","N/A","TRUE"
"MIC-0014","Pus/Wound Swab Culture & Sensitivity","Bacteriology","0.00","0","RATE_PENDING","NONE","N/A","TRUE"
"MIC-0015","Throat Swab Culture & Sensitivity","Bacteriology","0.00","0","RATE_PENDING","NONE","N/A","TRUE"
"MIC-0016","Nasal Swab Culture & Sensitivity","Bacteriology","0.00","0","RATE_PENDING","NONE","N/A","TRUE"
"MIC-0017","Ear Swab Culture & Sensitivity","Bacteriology","0.00","0","RATE_PENDING","NONE","N/A","TRUE"
"MIC-0018","Eye/Conjunctival Swab Culture & Sensitivity","Bacteriology","0.00","0","RATE_PENDING","NONE","N/A","TRUE"
"MIC-0019","CSF Culture & Sensitivity","Bacteriology","0.00","0","RATE_PENDING","NONE","N/A","TRUE"
"MIC-0020","Pleural Fluid Culture & Sensitivity","Bacteriology","0.00","0","RATE_PENDING","NONE","N/A","TRUE"
"MIC-0021","Ascitic Fluid Culture & Sensitivity","Bacteriology","0.00","0","RATE_PENDING","NONE","N/A","TRUE"
"MIC-0022","Pericardial Fluid Culture & Sensitivity","Bacteriology","0.00","0","RATE_PENDING","NONE","N/A","TRUE"
"MIC-0023","Synovial Fluid Culture & Sensitivity","Bacteriology","0.00","0","RATE_PENDING","NONE","N/A","TRUE"
"MIC-0024","High Vaginal Swab Culture & Sensitivity","Bacteriology","0.00","0","RATE_PENDING","NONE","N/A","TRUE"
"MIC-0025","Endocervical Swab Culture & Sensitivity","Bacteriology","0.00","0","RATE_PENDING","NONE","N/A","TRUE"
"MIC-0026","Urethral Swab Culture & Sensitivity","Bacteriology","0.00","0","RATE_PENDING","NONE","N/A","TRUE"
"MIC-0027","Semen Culture & Sensitivity","Bacteriology","0.00","0","RATE_PENDING","NONE","N/A","TRUE"
"MIC-0028","Prostatic Secretion Culture & Sensitivity","Bacteriology","0.00","0","RATE_PENDING","NONE","N/A","TRUE"
"MIC-0029","Catheter Tip Culture & Sensitivity","Bacteriology","0.00","0","RATE_PENDING","NONE","N/A","TRUE"
"MIC-0030","Drain Fluid Culture & Sensitivity","Bacteriology","0.00","0","RATE_PENDING","NONE","N/A","TRUE"
"MIC-0031","Tissue Culture & Sensitivity","Bacteriology","0.00","0","RATE_PENDING","NONE","N/A","TRUE"
"MIC-0032","Bone Culture & Sensitivity","Bacteriology","0.00","0","RATE_PENDING","NONE","N/A","TRUE"
"MIC-0033","Bile Culture & Sensitivity","Bacteriology","0.00","0","RATE_PENDING","NONE","N/A","TRUE"
"MIC-0034","Bronchoalveolar Lavage Culture & Sensitivity","Bacteriology","0.00","0","RATE_PENDING","NONE","N/A","TRUE"
"MIC-0035","Tracheal Aspirate Culture & Sensitivity","Bacteriology","0.00","0","RATE_PENDING","NONE","N/A","TRUE"
"MIC-0036","Endotracheal Aspirate Culture & Sensitivity","Bacteriology","0.00","0","RATE_PENDING","NONE","N/A","TRUE"
"MIC-0037","Placental Tissue Culture & Sensitivity","Bacteriology","0.00","0","RATE_PENDING","NONE","N/A","TRUE"
"MIC-0038","Umbilical Swab Culture & Sensitivity","Bacteriology","0.00","0","RATE_PENDING","NONE","N/A","TRUE"
"MIC-0039","Breast Milk Culture & Sensitivity","Bacteriology","0.00","0","RATE_PENDING","NONE","N/A","TRUE"
"MIC-0040","Sputum Mycobacterial Culture","Mycobacteriology","0.00","0","RATE_PENDING","NONE","N/A","TRUE"
"MIC-0041","BAL Mycobacterial Culture","Mycobacteriology","0.00","0","RATE_PENDING","NONE","N/A","TRUE"
"MIC-0042","Tissue Mycobacterial Culture","Mycobacteriology","0.00","0","RATE_PENDING","NONE","N/A","TRUE"
"MIC-0043","CSF Mycobacterial Culture","Mycobacteriology","0.00","0","RATE_PENDING","NONE","N/A","TRUE"
"MIC-0044","Urine Mycobacterial Culture","Mycobacteriology","0.00","0","RATE_PENDING","NONE","N/A","TRUE"
"MIC-0045","Pus Mycobacterial Culture","Mycobacteriology","0.00","0","RATE_PENDING","NONE","N/A","TRUE"
"MIC-0046","Lymph Node Aspirate Mycobacterial Culture","Mycobacteriology","0.00","0","RATE_PENDING","NONE","N/A","TRUE"
"MIC-0047","Skin Scraping Fungal Culture","Mycology","0.00","0","RATE_PENDING","NONE","N/A","TRUE"
"MIC-0048","Nail Clipping Fungal Culture","Mycology","0.00","0","RATE_PENDING","NONE","N/A","TRUE"
"MIC-0049","Hair Fungal Culture","Mycology","0.00","0","RATE_PENDING","NONE","N/A","TRUE"
"MIC-0050","Sputum Fungal Culture","Mycology","0.00","0","RATE_PENDING","NONE","N/A","TRUE"
"MIC-0051","BAL Fungal Culture","Mycology","0.00","0","RATE_PENDING","NONE","N/A","TRUE"
"MIC-0052","Tissue Fungal Culture","Mycology","0.00","0","RATE_PENDING","NONE","N/A","TRUE"
"MIC-0053","Blood Fungal Culture","Mycology","0.00","0","RATE_PENDING","NONE","N/A","TRUE"
"MIC-0054","Urine Fungal Culture","Mycology","0.00","0","RATE_PENDING","NONE","N/A","TRUE"
"MIC-0055","CSF Fungal Culture","Mycology","0.00","0","RATE_PENDING","NONE","N/A","TRUE"
"MIC-0056","Vaginal Swab Fungal Culture","Mycology","0.00","0","RATE_PENDING","NONE","N/A","TRUE"
"MIC-0057","Anaerobic Culture & Sensitivity","Special Bacteriology","0.00","0","RATE_PENDING","NONE","N/A","TRUE"
"MIC-0058","MRSA Screen Culture","Special Bacteriology","0.00","0","RATE_PENDING","NONE","N/A","TRUE"
"MIC-0059","VRE Screen Culture","Special Bacteriology","0.00","0","RATE_PENDING","NONE","N/A","TRUE"
"MIC-0060","ESBL Phenotypic Confirmation","Special Bacteriology","0.00","0","RATE_PENDING","NONE","N/A","TRUE"
"MIC-0061","Carbapenemase Phenotypic Confirmation","Special Bacteriology","0.00","0","RATE_PENDING","NONE","N/A","TRUE"
"MIC-0062","Colistin Susceptibility Test","Special Bacteriology","0.00","0","RATE_PENDING","NONE","N/A","TRUE"
"MIC-0063","MIC by Broth Microdilution","Special Bacteriology","0.00","0","RATE_PENDING","NONE","N/A","TRUE"
"MIC-0064","Automated Blood Culture","Special Bacteriology","0.00","0","RATE_PENDING","NONE","N/A","TRUE"
"MIC-0065","Fungal Blood Culture","Special Bacteriology","0.00","0","RATE_PENDING","NONE","N/A","TRUE"
"MIC-0066","Sterility Culture","Special Bacteriology","0.00","0","RATE_PENDING","NONE","N/A","TRUE"
"MOL-0001","SARS-CoV-2 RT-PCR","Infectious Molecular","0.00","0","RATE_PENDING","NONE","N/A","TRUE"
"MOL-0002","Influenza A PCR","Infectious Molecular","0.00","0","RATE_PENDING","NONE","N/A","TRUE"
"MOL-0003","Influenza B PCR","Infectious Molecular","0.00","0","RATE_PENDING","NONE","N/A","TRUE"
"MOL-0004","RSV PCR","Infectious Molecular","0.00","0","RATE_PENDING","NONE","N/A","TRUE"
"MOL-0005","HBV DNA Quantitative","Infectious Molecular","0.00","0","RATE_PENDING","NONE","N/A","TRUE"
"MOL-0006","HCV RNA Quantitative","Infectious Molecular","0.00","0","RATE_PENDING","NONE","N/A","TRUE"
"MOL-0007","HIV-1 RNA Viral Load","Infectious Molecular","0.00","0","RATE_PENDING","NONE","N/A","TRUE"
"MOL-0008","CMV DNA Quantitative","Infectious Molecular","0.00","0","RATE_PENDING","NONE","N/A","TRUE"
"MOL-0009","EBV DNA Quantitative","Infectious Molecular","0.00","0","RATE_PENDING","NONE","N/A","TRUE"
"MOL-0010","BK Virus DNA Quantitative","Infectious Molecular","0.00","0","RATE_PENDING","NONE","N/A","TRUE"
"MOL-0011","JC Virus DNA PCR","Infectious Molecular","0.00","0","RATE_PENDING","NONE","N/A","TRUE"
"MOL-0012","HSV-1/2 DNA PCR","Infectious Molecular","0.00","0","RATE_PENDING","NONE","N/A","TRUE"
"MOL-0013","VZV DNA PCR","Infectious Molecular","0.00","0","RATE_PENDING","NONE","N/A","TRUE"
"MOL-0014","HPV DNA (High Risk PCR)","Infectious Molecular","4500.00","450000","ACTIVE","CATALOGUE_RATE_VERSIONS","2026-09-16T13:48:47.452993+00:00","FALSE"
"MOL-0015","HPV Genotyping","Infectious Molecular","0.00","0","RATE_PENDING","NONE","N/A","TRUE"
"MOL-0016","Chlamydia trachomatis NAAT","Infectious Molecular","0.00","0","RATE_PENDING","NONE","N/A","TRUE"
"MOL-0017","Neisseria gonorrhoeae NAAT","Infectious Molecular","0.00","0","RATE_PENDING","NONE","N/A","TRUE"
"MOL-0018","Trichomonas vaginalis NAAT","Infectious Molecular","0.00","0","RATE_PENDING","NONE","N/A","TRUE"
"MOL-0019","Mycoplasma genitalium NAAT","Infectious Molecular","0.00","0","RATE_PENDING","NONE","N/A","TRUE"
"MOL-0020","TB MTB/RIF Molecular Test","Infectious Molecular","0.00","0","RATE_PENDING","NONE","N/A","TRUE"
"MOL-0021","MTB PCR","Infectious Molecular","0.00","0","RATE_PENDING","NONE","N/A","TRUE"
"MOL-0022","TB Drug Resistance Molecular Panel","Infectious Molecular","0.00","0","RATE_PENDING","NONE","N/A","TRUE"
"MOL-0023","Malaria PCR","Infectious Molecular","0.00","0","RATE_PENDING","NONE","N/A","TRUE"
"MOL-0024","Dengue RT-PCR","Infectious Molecular","0.00","0","RATE_PENDING","NONE","N/A","TRUE"
"MOL-0025","Chikungunya RT-PCR","Infectious Molecular","0.00","0","RATE_PENDING","NONE","N/A","TRUE"
"MOL-0026","Scrub Typhus PCR","Infectious Molecular","0.00","0","RATE_PENDING","NONE","N/A","TRUE"
"MOL-0027","Leptospira PCR","Infectious Molecular","0.00","0","RATE_PENDING","NONE","N/A","TRUE"
"MOL-0028","BCR-ABL1 Quantitative PCR","Oncology Molecular","0.00","0","RATE_PENDING","NONE","N/A","TRUE"
"MOL-0029","JAK2 V617F Mutation","Oncology Molecular","0.00","0","RATE_PENDING","NONE","N/A","TRUE"
"MOL-0030","JAK2 Exon 12 Mutation","Oncology Molecular","0.00","0","RATE_PENDING","NONE","N/A","TRUE"
"MOL-0031","CALR Mutation","Oncology Molecular","0.00","0","RATE_PENDING","NONE","N/A","TRUE"
"MOL-0032","MPL Mutation","Oncology Molecular","0.00","0","RATE_PENDING","NONE","N/A","TRUE"
"MOL-0033","FLT3 ITD/TKD","Oncology Molecular","0.00","0","RATE_PENDING","NONE","N/A","TRUE"
"MOL-0034","NPM1 Mutation","Oncology Molecular","0.00","0","RATE_PENDING","NONE","N/A","TRUE"
"MOL-0035","PML-RARA Fusion","Oncology Molecular","0.00","0","RATE_PENDING","NONE","N/A","TRUE"
"MOL-0036","RUNX1-RUNX1T1 Fusion","Oncology Molecular","0.00","0","RATE_PENDING","NONE","N/A","TRUE"
"MOL-0037","CBFB-MYH11 Fusion","Oncology Molecular","0.00","0","RATE_PENDING","NONE","N/A","TRUE"
"MOL-0038","EGFR Mutation Panel","Oncology Molecular","0.00","0","RATE_PENDING","NONE","N/A","TRUE"
"MOL-0039","KRAS Mutation","Oncology Molecular","0.00","0","RATE_PENDING","NONE","N/A","TRUE"
"MOL-0040","NRAS Mutation","Oncology Molecular","0.00","0","RATE_PENDING","NONE","N/A","TRUE"
"MOL-0041","BRAF V600 Mutation","Oncology Molecular","0.00","0","RATE_PENDING","NONE","N/A","TRUE"
"MOL-0042","PIK3CA Mutation","Oncology Molecular","0.00","0","RATE_PENDING","NONE","N/A","TRUE"
"MOL-0043","ALK Rearrangement","Oncology Molecular","0.00","0","RATE_PENDING","NONE","N/A","TRUE"
"MOL-0044","ROS1 Rearrangement","Oncology Molecular","0.00","0","RATE_PENDING","NONE","N/A","TRUE"
"MOL-0045","RET Rearrangement","Oncology Molecular","0.00","0","RATE_PENDING","NONE","N/A","TRUE"
"MOL-0046","NTRK Fusion","Oncology Molecular","0.00","0","RATE_PENDING","NONE","N/A","TRUE"
"MOL-0047","HER2 Amplification by ISH","Oncology Molecular","0.00","0","RATE_PENDING","NONE","N/A","TRUE"
"MOL-0048","MSI Testing","Oncology Molecular","0.00","0","RATE_PENDING","NONE","N/A","TRUE"
"MOL-0049","Tumor Mutational Burden","Oncology Molecular","0.00","0","RATE_PENDING","NONE","N/A","TRUE"
"MOL-0050","BRCA1/BRCA2 Germline","Oncology Molecular","0.00","0","RATE_PENDING","NONE","N/A","TRUE"
"MOL-0051","BRCA1/BRCA2 Somatic","Oncology Molecular","0.00","0","RATE_PENDING","NONE","N/A","TRUE"
"MOL-0052","MLH1 Promoter Methylation","Oncology Molecular","0.00","0","RATE_PENDING","NONE","N/A","TRUE"
"MOL-0053","Norovirus PCR","Infectious Molecular","0.00","0","RATE_PENDING","NONE","N/A","TRUE"
"MOL-0054","Rotavirus PCR","Infectious Molecular","0.00","0","RATE_PENDING","NONE","N/A","TRUE"
"MOL-0055","Adenovirus PCR - Stool","Infectious Molecular","0.00","0","RATE_PENDING","NONE","N/A","TRUE"
"MOL-0056","Enteric Bacterial PCR Panel","Infectious Molecular","0.00","0","RATE_PENDING","NONE","N/A","TRUE"
"MOL-0057","GI Pathogen Multiplex PCR Panel","Infectious Molecular","0.00","0","RATE_PENDING","NONE","N/A","TRUE"
"MOL-0058","Meningitis/Encephalitis Multiplex PCR Panel","Infectious Molecular","0.00","0","RATE_PENDING","NONE","N/A","TRUE"
"MOL-0059","Respiratory Pathogen Multiplex PCR Panel","Infectious Molecular","0.00","0","RATE_PENDING","NONE","N/A","TRUE"
"MOL-0060","Pneumocystis jirovecii PCR","Infectious Molecular","0.00","0","RATE_PENDING","NONE","N/A","TRUE"
"MOL-0061","Aspergillus PCR","Infectious Molecular","0.00","0","RATE_PENDING","NONE","N/A","TRUE"
"MOL-0062","Candida Species PCR","Infectious Molecular","0.00","0","RATE_PENDING","NONE","N/A","TRUE"
"MOL-0063","Cryptococcus PCR","Infectious Molecular","0.00","0","RATE_PENDING","NONE","N/A","TRUE"
"MOL-0064","Toxoplasma gondii PCR","Infectious Molecular","0.00","0","RATE_PENDING","NONE","N/A","TRUE"
"MOL-0065","Parvovirus B19 PCR","Infectious Molecular","0.00","0","RATE_PENDING","NONE","N/A","TRUE"
"MOL-0066","HHV-6 DNA PCR","Infectious Molecular","0.00","0","RATE_PENDING","NONE","N/A","TRUE"
"MOL-0067","HHV-8 DNA PCR","Infectious Molecular","0.00","0","RATE_PENDING","NONE","N/A","TRUE"
"MOL-0068","Enterovirus PCR","Infectious Molecular","0.00","0","RATE_PENDING","NONE","N/A","TRUE"
"MOL-0069","Parechovirus PCR","Infectious Molecular","0.00","0","RATE_PENDING","NONE","N/A","TRUE"
"MOL-0070","West Nile Virus PCR","Infectious Molecular","0.00","0","RATE_PENDING","NONE","N/A","TRUE"
"MOL-0071","Japanese Encephalitis Virus PCR","Infectious Molecular","0.00","0","RATE_PENDING","NONE","N/A","TRUE"
"MOL-0072","Zika Virus RT-PCR","Infectious Molecular","0.00","0","RATE_PENDING","NONE","N/A","TRUE"
"MOL-0073","Mpox (Monkeypox) PCR","Infectious Molecular","0.00","0","RATE_PENDING","NONE","N/A","TRUE"
"MOL-0074","Bordetella pertussis PCR","Infectious Molecular","0.00","0","RATE_PENDING","NONE","N/A","TRUE"
"MOL-0075","Legionella pneumophila PCR","Infectious Molecular","0.00","0","RATE_PENDING","NONE","N/A","TRUE"
"MOL-0076","Streptococcus pneumoniae PCR","Infectious Molecular","0.00","0","RATE_PENDING","NONE","N/A","TRUE"
"MOL-0077","Haemophilus influenzae PCR","Infectious Molecular","0.00","0","RATE_PENDING","NONE","N/A","TRUE"
"MOL-0078","Mycoplasma pneumoniae PCR","Infectious Molecular","0.00","0","RATE_PENDING","NONE","N/A","TRUE"
"MOL-0079","Chlamydophila pneumoniae PCR","Infectious Molecular","0.00","0","RATE_PENDING","NONE","N/A","TRUE"
"MOL-0080","MRSA PCR Screen","Infectious Molecular","0.00","0","RATE_PENDING","NONE","N/A","TRUE"
"MOL-0081","Clostridioides difficile Toxin Gene PCR","Infectious Molecular","0.00","0","RATE_PENDING","NONE","N/A","TRUE"
"MOL-0082","Group B Streptococcus PCR","Infectious Molecular","0.00","0","RATE_PENDING","NONE","N/A","TRUE"
"MOL-0083","Candida auris PCR","Infectious Molecular","0.00","0","RATE_PENDING","NONE","N/A","TRUE"
"PCT_SEPSIS","Procalcitonin (PCT)","Special Chemistry","2500.00","250000","ACTIVE","CATALOGUE_RATE_VERSIONS","2026-09-16T07:36:39.564555+00:00","FALSE"
"POC-0001","Arterial Blood Gas (ABG)","Blood Gas","0.00","0","RATE_PENDING","NONE","N/A","TRUE"
"POC-0002","Venous Blood Gas (VBG)","Blood Gas","0.00","0","RATE_PENDING","NONE","N/A","TRUE"
"POC-0003","pH, Blood Gas","Blood Gas","0.00","0","RATE_PENDING","NONE","N/A","TRUE"
"POC-0004","pCO2, Blood Gas","Blood Gas","0.00","0","RATE_PENDING","NONE","N/A","TRUE"
"POC-0005","pO2, Blood Gas","Blood Gas","0.00","0","RATE_PENDING","NONE","N/A","TRUE"
"POC-0006","HCO3-, Blood Gas","Blood Gas","0.00","0","RATE_PENDING","NONE","N/A","TRUE"
"POC-0007","Base Excess","Blood Gas","0.00","0","RATE_PENDING","NONE","N/A","TRUE"
"POC-0008","Oxygen Saturation, Blood Gas","Blood Gas","0.00","0","RATE_PENDING","NONE","N/A","TRUE"
"POC-0009","Lactate, Blood Gas","Blood Gas","0.00","0","RATE_PENDING","NONE","N/A","TRUE"
"POC-0010","Carboxyhemoglobin","Blood Gas","0.00","0","RATE_PENDING","NONE","N/A","TRUE"
"POC-0011","Methemoglobin","Blood Gas","0.00","0","RATE_PENDING","NONE","N/A","TRUE"
"POC-0012","Oxyhemoglobin","Blood Gas","0.00","0","RATE_PENDING","NONE","N/A","TRUE"
"PRO-0001","Liver Function Test (LFT)","Clinical Profiles","800.00","80000","ACTIVE","CATALOGUE_RATE_VERSIONS","2026-09-17T02:24:52.226547+00:00","FALSE"
"PRO-0002","Renal Function Test (RFT/KFT)","Clinical Profiles","1000.00","100000","ACTIVE","CATALOGUE_RATE_VERSIONS","2026-09-18T12:20:51.538326+00:00","FALSE"
"PRO-0003","Lipid Profile","Clinical Profiles","700.00","70000","ACTIVE","CATALOGUE_RATE_VERSIONS","2026-09-17T02:24:52.226606+00:00","FALSE"
"PRO-0004","Thyroid Profile (FT3, FT4, TSH)","Clinical Profiles","0.00","0","RATE_PENDING","NONE","N/A","TRUE"
"PRO-0005","Iron Profile","Clinical Profiles","2500.00","250000","ACTIVE","CATALOGUE_RATE_VERSIONS","2026-09-18T12:20:51.539189+00:00","FALSE"
"PRO-0006","Diabetes Profile","Clinical Profiles","0.00","0","RATE_PENDING","NONE","N/A","TRUE"
"PRO-0007","Cardiac Marker Panel","Clinical Profiles","0.00","0","RATE_PENDING","NONE","N/A","TRUE"
"PRO-0008","Electrolyte Panel","Clinical Profiles","0.00","0","RATE_PENDING","NONE","N/A","TRUE"
"PRO-0009","Bone Mineral Profile","Clinical Profiles","0.00","0","RATE_PENDING","NONE","N/A","TRUE"
"PRO-0010","Fertility Female Profile","Clinical Profiles","0.00","0","RATE_PENDING","NONE","N/A","TRUE"
"PRO-0011","Fertility Male Profile","Clinical Profiles","0.00","0","RATE_PENDING","NONE","N/A","TRUE"
"PRO-0012","PCOS Profile","Clinical Profiles","0.00","0","RATE_PENDING","NONE","N/A","TRUE"
"PRO-0013","Anemia Profile","Clinical Profiles","0.00","0","RATE_PENDING","NONE","N/A","TRUE"
"PRO-0014","Coagulation Screen","Clinical Profiles","0.00","0","RATE_PENDING","NONE","N/A","TRUE"
"PRO-0015","Thrombophilia Profile","Clinical Profiles","0.00","0","RATE_PENDING","NONE","N/A","TRUE"
"PRO-0016","TORCH Profile","Clinical Profiles","0.00","0","RATE_PENDING","NONE","N/A","TRUE"
"PRO-0017","Hepatitis B Profile","Clinical Profiles","0.00","0","RATE_PENDING","NONE","N/A","TRUE"
"PRO-0018","Autoimmune Screen","Clinical Profiles","0.00","0","RATE_PENDING","NONE","N/A","TRUE"
"PRO-0019","Rheumatology Profile","Clinical Profiles","0.00","0","RATE_PENDING","NONE","N/A","TRUE"
"PRO-0020","Multiple Myeloma Screen","Clinical Profiles","0.00","0","RATE_PENDING","NONE","N/A","TRUE"
"PRO-0021","Antenatal Basic Profile","Clinical Profiles","0.00","0","RATE_PENDING","NONE","N/A","TRUE"
"PRO-0022","Preoperative Basic Profile","Clinical Profiles","0.00","0","RATE_PENDING","NONE","N/A","TRUE"
"PRO-0023","Fever Panel - Basic","Clinical Profiles","0.00","0","RATE_PENDING","NONE","N/A","TRUE"
"PRO-0024","Hypertension Secondary Screen","Clinical Profiles","0.00","0","RATE_PENDING","NONE","N/A","TRUE"
"PRO-0025","Pituitary Profile","Clinical Profiles","0.00","0","RATE_PENDING","NONE","N/A","TRUE"
"PRO-0026","CARDIAC MARKERS COMBO","Profiles & Health Packages","2500.00","250000","ACTIVE","CATALOGUE_RATE_VERSIONS","2026-09-16T07:36:39.564555+00:00","FALSE"
"PRO-0027","PCT + CRP COMBO","Profiles & Health Packages","3000.00","300000","ACTIVE","CATALOGUE_RATE_VERSIONS","2026-09-16T07:36:39.564555+00:00","FALSE"
"PRO-0028","COMPLETE THYROID PROFILE (T3, T4, TSH)","Profiles & Health Packages","1200.00","120000","ACTIVE","CATALOGUE_RATE_VERSIONS","2026-09-16T07:36:39.564555+00:00","FALSE"
"PRO-0029","DENGUE COMBO (NS1 + IgM + IgG)","Profiles & Health Packages","1200.00","120000","ACTIVE","CATALOGUE_RATE_VERSIONS","2026-09-16T07:36:39.564555+00:00","FALSE"
"PRO-0030","Bleeding Time & Clotting Time","Profiles & Health Packages","200.00","20000","ACTIVE","CATALOGUE_RATE_VERSIONS","2026-09-16T13:48:43.598317+00:00","FALSE"
"PRO-0031","Viral Serology Panel","Profiles & Health Packages","0.00","0","RATE_PENDING","NONE","N/A","TRUE"
"PRO-0032","Chemotherapy Routine Monitoring Panel","Profiles & Health Packages","0.00","0","RATE_PENDING","NONE","N/A","TRUE"
"PRO-0033","Pre-operative Coagulation Panel","Profiles & Health Packages","0.00","0","RATE_PENDING","NONE","N/A","TRUE"
"SER-0001","HIV 1/2 Ag/Ab 4th Generation","Serology / Antigen","500.00","50000","ACTIVE","CATALOGUE_RATE_VERSIONS","2026-09-17T02:24:52.226752+00:00","FALSE"
"SER-0002","HIV 1 Antibody","Serology / Antigen","0.00","0","RATE_PENDING","NONE","N/A","TRUE"
"SER-0003","HIV 2 Antibody","Serology / Antigen","0.00","0","RATE_PENDING","NONE","N/A","TRUE"
"SER-0004","HBsAg","Serology / Antigen","350.00","35000","ACTIVE","CATALOGUE_RATE_VERSIONS","2026-09-17T02:24:52.226773+00:00","FALSE"
"SER-0005","Anti-HBs","Serology / Antigen","0.00","0","RATE_PENDING","NONE","N/A","TRUE"
"SER-0006","Anti-HBc Total","Serology / Antigen","0.00","0","RATE_PENDING","NONE","N/A","TRUE"
"SER-0007","Anti-HBc IgM","Serology / Antigen","0.00","0","RATE_PENDING","NONE","N/A","TRUE"
"SER-0008","HBeAg","Serology / Antigen","0.00","0","RATE_PENDING","NONE","N/A","TRUE"
"SER-0009","Anti-HBe","Serology / Antigen","0.00","0","RATE_PENDING","NONE","N/A","TRUE"
"SER-0010","Anti-HCV","Serology / Antigen","450.00","45000","ACTIVE","CATALOGUE_RATE_VERSIONS","2026-09-17T02:24:52.227998+00:00","FALSE"
"SER-0011","HAV IgM","Serology / Antigen","2500.00","250000","ACTIVE","CATALOGUE_RATE_VERSIONS","2026-09-18T12:20:51.53886+00:00","FALSE"
"SER-0012","HAV Total Antibody","Serology / Antigen","0.00","0","RATE_PENDING","NONE","N/A","TRUE"
"SER-0013","HEV IgM","Serology / Antigen","2500.00","250000","ACTIVE","CATALOGUE_RATE_VERSIONS","2026-09-18T12:20:51.538892+00:00","FALSE"
"SER-0014","HEV IgG","Serology / Antigen","0.00","0","RATE_PENDING","NONE","N/A","TRUE"
"SER-0015","Dengue NS1 Antigen","Serology / Antigen","800.00","80000","ACTIVE","CATALOGUE_RATE_VERSIONS","2026-09-16T07:36:39.564555+00:00","FALSE"
"SER-0016","Dengue IgM","Serology / Antigen","800.00","80000","ACTIVE","CATALOGUE_RATE_VERSIONS","2026-09-17T02:24:52.228089+00:00","FALSE"
"SER-0017","Dengue IgG","Serology / Antigen","0.00","0","RATE_PENDING","NONE","N/A","TRUE"
"SER-0018","Chikungunya IgM","Serology / Antigen","0.00","0","RATE_PENDING","NONE","N/A","TRUE"
"SER-0019","Chikungunya IgG","Serology / Antigen","0.00","0","RATE_PENDING","NONE","N/A","TRUE"
"SER-0020","Scrub Typhus IgM","Serology / Antigen","1000.00","100000","ACTIVE","CATALOGUE_RATE_VERSIONS","2026-09-16T07:36:39.564555+00:00","FALSE"
"SER-0021","Leptospira IgM","Serology / Antigen","0.00","0","RATE_PENDING","NONE","N/A","TRUE"
"SER-0022","Leptospira IgG","Serology / Antigen","0.00","0","RATE_PENDING","NONE","N/A","TRUE"
"SER-0023","Salmonella Typhi IgM","Serology / Antigen","1000.00","100000","ACTIVE","CATALOGUE_RATE_VERSIONS","2026-09-18T12:20:51.538953+00:00","FALSE"
"SER-0024","Widal Test","Serology / Antigen","0.00","0","RATE_PENDING","NONE","N/A","TRUE"
"SER-0025","Brucella Agglutination Test","Serology / Antigen","0.00","0","RATE_PENDING","NONE","N/A","TRUE"
"SER-0026","RPR","Serology / Antigen","0.00","0","RATE_PENDING","NONE","N/A","TRUE"
"SER-0027","VDRL","Serology / Antigen","400.00","40000","ACTIVE","CATALOGUE_RATE_VERSIONS","2026-09-18T12:20:51.538841+00:00","FALSE"
"SER-0028","TPHA/TPPA","Serology / Antigen","600.00","60000","ACTIVE","CATALOGUE_RATE_VERSIONS","2026-09-18T12:20:51.538825+00:00","FALSE"
"SER-0029","Treponema pallidum Antibody","Serology / Antigen","0.00","0","RATE_PENDING","NONE","N/A","TRUE"
"SER-0030","Toxoplasma IgM","Serology / Antigen","0.00","0","RATE_PENDING","NONE","N/A","TRUE"
"SER-0031","Toxoplasma IgG","Serology / Antigen","0.00","0","RATE_PENDING","NONE","N/A","TRUE"
"SER-0032","Rubella IgM","Serology / Antigen","0.00","0","RATE_PENDING","NONE","N/A","TRUE"
"SER-0033","Rubella IgG","Serology / Antigen","0.00","0","RATE_PENDING","NONE","N/A","TRUE"
"SER-0034","CMV IgM","Serology / Antigen","0.00","0","RATE_PENDING","NONE","N/A","TRUE"
"SER-0035","CMV IgG","Serology / Antigen","0.00","0","RATE_PENDING","NONE","N/A","TRUE"
"SER-0036","HSV-1 IgG","Serology / Antigen","0.00","0","RATE_PENDING","NONE","N/A","TRUE"
"SER-0037","HSV-2 IgG","Serology / Antigen","0.00","0","RATE_PENDING","NONE","N/A","TRUE"
"SER-0038","EBV VCA IgM","Serology / Antigen","0.00","0","RATE_PENDING","NONE","N/A","TRUE"
"SER-0039","EBV VCA IgG","Serology / Antigen","0.00","0","RATE_PENDING","NONE","N/A","TRUE"
"SER-0040","EBV EBNA IgG","Serology / Antigen","0.00","0","RATE_PENDING","NONE","N/A","TRUE"
"SER-0041","EBV Early Antigen IgG","Serology / Antigen","0.00","0","RATE_PENDING","NONE","N/A","TRUE"
"SER-0042","H. pylori IgG","Serology / Antigen","1200.00","120000","ACTIVE","CATALOGUE_RATE_VERSIONS","2026-09-18T12:20:51.538924+00:00","FALSE"
"SER-0043","H. pylori Stool Antigen","Serology / Antigen","1000.00","100000","ACTIVE","CATALOGUE_RATE_VERSIONS","2026-09-16T07:36:39.564555+00:00","FALSE"
"SER-0044","H. pylori Urea Breath Test","Serology / Antigen","0.00","0","RATE_PENDING","NONE","N/A","TRUE"
"SER-0045","COVID-19 SARS-CoV-2 Antigen","Serology / Antigen","0.00","0","RATE_PENDING","NONE","N/A","TRUE"
"SER-0046","SARS-CoV-2 IgG","Serology / Antigen","0.00","0","RATE_PENDING","NONE","N/A","TRUE"
"SER-0047","SARS-CoV-2 Total Antibody","Serology / Antigen","0.00","0","RATE_PENDING","NONE","N/A","TRUE"
"SER-0048","Influenza A Antigen","Serology / Antigen","0.00","0","RATE_PENDING","NONE","N/A","TRUE"
"SER-0049","Influenza B Antigen","Serology / Antigen","0.00","0","RATE_PENDING","NONE","N/A","TRUE"
"SER-0050","RSV Antigen","Serology / Antigen","0.00","0","RATE_PENDING","NONE","N/A","TRUE"
"SER-0051","Rotavirus Antigen","Serology / Antigen","0.00","0","RATE_PENDING","NONE","N/A","TRUE"
"SER-0052","Adenovirus Antigen, Stool","Serology / Antigen","0.00","0","RATE_PENDING","NONE","N/A","TRUE"
"SER-0053","Cryptosporidium Antigen","Serology / Antigen","0.00","0","RATE_PENDING","NONE","N/A","TRUE"
"SER-0054","Giardia Antigen","Serology / Antigen","0.00","0","RATE_PENDING","NONE","N/A","TRUE"
"SER-0055","Entamoeba histolytica Antigen","Serology / Antigen","0.00","0","RATE_PENDING","NONE","N/A","TRUE"
"SER-0056","Clostridioides difficile GDH Antigen","Serology / Antigen","0.00","0","RATE_PENDING","NONE","N/A","TRUE"
"SER-0057","Clostridioides difficile Toxin A/B","Serology / Antigen","0.00","0","RATE_PENDING","NONE","N/A","TRUE"
"SER-0058","Malaria Pf/Pv Antigen","Serology / Antigen","0.00","0","RATE_PENDING","NONE","N/A","TRUE"
"SER-0059","Kala-azar rK39 Antibody","Serology / Antigen","1500.00","150000","ACTIVE","CATALOGUE_RATE_VERSIONS","2026-09-18T12:20:51.538805+00:00","FALSE"
"SER-0060","Filariasis Antigen","Serology / Antigen","0.00","0","RATE_PENDING","NONE","N/A","TRUE"
"SER-0061","Measles IgM","Serology / Antigen","0.00","0","RATE_PENDING","NONE","N/A","TRUE"
"SER-0062","Measles IgG","Serology / Antigen","0.00","0","RATE_PENDING","NONE","N/A","TRUE"
"SER-0063","Mumps IgM","Serology / Antigen","0.00","0","RATE_PENDING","NONE","N/A","TRUE"
"SER-0064","Mumps IgG","Serology / Antigen","0.00","0","RATE_PENDING","NONE","N/A","TRUE"
"SER-0065","Varicella Zoster IgM","Serology / Antigen","0.00","0","RATE_PENDING","NONE","N/A","TRUE"
"SER-0066","Varicella Zoster IgG","Serology / Antigen","0.00","0","RATE_PENDING","NONE","N/A","TRUE"
"SER-0067","Parvovirus B19 IgM","Serology / Antigen","0.00","0","RATE_PENDING","NONE","N/A","TRUE"
"SER-0068","Parvovirus B19 IgG","Serology / Antigen","0.00","0","RATE_PENDING","NONE","N/A","TRUE"
"SER-0069","Mycoplasma pneumoniae IgM","Serology / Antigen","0.00","0","RATE_PENDING","NONE","N/A","TRUE"
"SER-0070","Mycoplasma pneumoniae IgG","Serology / Antigen","0.00","0","RATE_PENDING","NONE","N/A","TRUE"
"SER-0071","Chlamydia trachomatis IgG","Serology / Antigen","0.00","0","RATE_PENDING","NONE","N/A","TRUE"
"SER-0072","Chlamydia pneumoniae IgG","Serology / Antigen","0.00","0","RATE_PENDING","NONE","N/A","TRUE"
"SER-0073","Coxiella burnetii Phase I IgG","Serology / Antigen","0.00","0","RATE_PENDING","NONE","N/A","TRUE"
"SER-0074","Coxiella burnetii Phase II IgG","Serology / Antigen","0.00","0","RATE_PENDING","NONE","N/A","TRUE"
"SER-0075","Brucella IgM","Serology / Antigen","0.00","0","RATE_PENDING","NONE","N/A","TRUE"
"SER-0076","Brucella IgG","Serology / Antigen","0.00","0","RATE_PENDING","NONE","N/A","TRUE"
"SER-0077","Strongyloides IgG","Serology / Antigen","0.00","0","RATE_PENDING","NONE","N/A","TRUE"
"SER-0078","Echinococcus IgG","Serology / Antigen","0.00","0","RATE_PENDING","NONE","N/A","TRUE"
"SER-0079","Cysticercus IgG","Serology / Antigen","0.00","0","RATE_PENDING","NONE","N/A","TRUE"
"SER-0080","Amoebic Serology","Serology / Antigen","0.00","0","RATE_PENDING","NONE","N/A","TRUE"
"SER-0081","Hydatid Serology","Serology / Antigen","0.00","0","RATE_PENDING","NONE","N/A","TRUE"
"SER-0082","Filaria IgG4 Antibody","Serology / Antigen","0.00","0","RATE_PENDING","NONE","N/A","TRUE"
"SER-0083","Japanese Encephalitis IgM","Serology / Antigen","0.00","0","RATE_PENDING","NONE","N/A","TRUE"
"SER-0084","West Nile Virus IgM","Serology / Antigen","0.00","0","RATE_PENDING","NONE","N/A","TRUE"
"SER-0085","West Nile Virus IgG","Serology / Antigen","0.00","0","RATE_PENDING","NONE","N/A","TRUE"
"SER-0086","HUMAN IMMUNODEFICIENCY VIRUS (HIV), RAPID SCREENING TEST","Serology / Rapid Screening","500.00","50000","ACTIVE","CATALOGUE_RATE_VERSIONS","2026-09-17T02:24:52.228758+00:00","FALSE"
"SER-0087","HEPATITIS B SURFACE ANTIGEN (HBsAg), RAPID SCREENING TEST","Serology / Rapid Screening","600.00","60000","ACTIVE","CATALOGUE_RATE_VERSIONS","2026-09-16T07:36:39.564555+00:00","FALSE"
"SER-0088","HCV RAPID SCREENING TEST","Serology / Rapid Screening","600.00","60000","ACTIVE","CATALOGUE_RATE_VERSIONS","2026-09-16T07:36:39.564555+00:00","FALSE"
"SER-0089","Scrub Typhus (FIA IgM/IgG)","Serology & Immunology","1000.00","100000","ACTIVE","CATALOGUE_RATE_VERSIONS","2026-09-16T07:36:39.564555+00:00","FALSE"
"SPC-0001","Neonatal TSH Screen","Metabolic / Screening","0.00","0","RATE_PENDING","NONE","N/A","TRUE"
"SPC-0002","Neonatal 17-OHP Screen","Metabolic / Screening","0.00","0","RATE_PENDING","NONE","N/A","TRUE"
"SPC-0003","Neonatal G6PD Screen","Metabolic / Screening","0.00","0","RATE_PENDING","NONE","N/A","TRUE"
"SPC-0004","Phenylalanine, Dried Blood Spot","Metabolic / Screening","0.00","0","RATE_PENDING","NONE","N/A","TRUE"
"SPC-0005","Amino Acid Profile, Plasma","Metabolic / Screening","0.00","0","RATE_PENDING","NONE","N/A","TRUE"
"SPC-0006","Acylcarnitine Profile","Metabolic / Screening","0.00","0","RATE_PENDING","NONE","N/A","TRUE"
"SPC-0007","Organic Acids, Urine","Metabolic / Screening","0.00","0","RATE_PENDING","NONE","N/A","TRUE"
"SPC-0008","Galactosemia Screen","Metabolic / Screening","0.00","0","RATE_PENDING","NONE","N/A","TRUE"
"SPC-0009","Biotinidase Activity","Metabolic / Screening","0.00","0","RATE_PENDING","NONE","N/A","TRUE"
"SPC-0010","Sweat Chloride","Metabolic / Screening","0.00","0","RATE_PENDING","NONE","N/A","TRUE"
"SPC-0011","Alpha-Fetoprotein Maternal Serum","Metabolic / Screening","0.00","0","RATE_PENDING","NONE","N/A","TRUE"
"SPC-0012","PAPP-A","Metabolic / Screening","0.00","0","RATE_PENDING","NONE","N/A","TRUE"
"SPC-0013","Free Beta-hCG, First Trimester","Metabolic / Screening","0.00","0","RATE_PENDING","NONE","N/A","TRUE"
"SPC-0014","Quadruple Marker Screen","Metabolic / Screening","6000.00","600000","ACTIVE","CATALOGUE_RATE_VERSIONS","2026-09-18T12:20:51.540389+00:00","FALSE"
"SPC-0015","Dual Marker Screen","Metabolic / Screening","0.00","0","RATE_PENDING","NONE","N/A","TRUE"
"SPC-0016","Triple Marker Screen","Metabolic / Screening","0.00","0","RATE_PENDING","NONE","N/A","TRUE"
"SPC-0017","Selenium, Serum","Vitamins / Trace Elements","0.00","0","RATE_PENDING","NONE","N/A","TRUE"
"SPC-0018","Manganese, Whole Blood","Vitamins / Trace Elements","0.00","0","RATE_PENDING","NONE","N/A","TRUE"
"SPC-0019","Chromium, Blood","Vitamins / Trace Elements","0.00","0","RATE_PENDING","NONE","N/A","TRUE"
"SPC-0020","Cobalt, Blood","Vitamins / Trace Elements","0.00","0","RATE_PENDING","NONE","N/A","TRUE"
"SPC-0021","Nickel, Blood","Vitamins / Trace Elements","0.00","0","RATE_PENDING","NONE","N/A","TRUE"
"SPC-0022","Iodine, Urine","Vitamins / Trace Elements","0.00","0","RATE_PENDING","NONE","N/A","TRUE"
"SPC-0023","Iodine, Serum","Vitamins / Trace Elements","0.00","0","RATE_PENDING","NONE","N/A","TRUE"
"SPC-0024","Molybdenum, Blood","Vitamins / Trace Elements","0.00","0","RATE_PENDING","NONE","N/A","TRUE"
"SPC-0025","Vitamin A (Retinol)","Vitamins / Trace Elements","0.00","0","RATE_PENDING","NONE","N/A","TRUE"
"SPC-0026","Vitamin E (Alpha-Tocopherol)","Vitamins / Trace Elements","0.00","0","RATE_PENDING","NONE","N/A","TRUE"
"SPC-0027","Vitamin B1 (Thiamine)","Vitamins / Trace Elements","0.00","0","RATE_PENDING","NONE","N/A","TRUE"
"SPC-0028","Vitamin B6 (PLP)","Vitamins / Trace Elements","0.00","0","RATE_PENDING","NONE","N/A","TRUE"
"SPC-0029","Vitamin C","Vitamins / Trace Elements","0.00","0","RATE_PENDING","NONE","N/A","TRUE"
"SPC-0030","Methylmalonic Acid","Vitamins / Trace Elements","0.00","0","RATE_PENDING","NONE","N/A","TRUE"
"TOX-0001","Lithium","Therapeutic Drug Monitoring","0.00","0","RATE_PENDING","NONE","N/A","TRUE"
"TOX-0002","Valproic Acid","Therapeutic Drug Monitoring","0.00","0","RATE_PENDING","NONE","N/A","TRUE"
"TOX-0003","Carbamazepine","Therapeutic Drug Monitoring","0.00","0","RATE_PENDING","NONE","N/A","TRUE"
"TOX-0004","Phenytoin, Total","Therapeutic Drug Monitoring","0.00","0","RATE_PENDING","NONE","N/A","TRUE"
"TOX-0005","Phenytoin, Free","Therapeutic Drug Monitoring","0.00","0","RATE_PENDING","NONE","N/A","TRUE"
"TOX-0006","Phenobarbital","Therapeutic Drug Monitoring","0.00","0","RATE_PENDING","NONE","N/A","TRUE"
"TOX-0007","Digoxin","Therapeutic Drug Monitoring","0.00","0","RATE_PENDING","NONE","N/A","TRUE"
"TOX-0008","Theophylline","Therapeutic Drug Monitoring","0.00","0","RATE_PENDING","NONE","N/A","TRUE"
"TOX-0009","Vancomycin Trough","Therapeutic Drug Monitoring","0.00","0","RATE_PENDING","NONE","N/A","TRUE"
"TOX-0010","Vancomycin Peak","Therapeutic Drug Monitoring","0.00","0","RATE_PENDING","NONE","N/A","TRUE"
"TOX-0011","Gentamicin Trough","Therapeutic Drug Monitoring","0.00","0","RATE_PENDING","NONE","N/A","TRUE"
"TOX-0012","Gentamicin Peak","Therapeutic Drug Monitoring","0.00","0","RATE_PENDING","NONE","N/A","TRUE"
"TOX-0013","Amikacin Trough","Therapeutic Drug Monitoring","0.00","0","RATE_PENDING","NONE","N/A","TRUE"
"TOX-0014","Amikacin Peak","Therapeutic Drug Monitoring","0.00","0","RATE_PENDING","NONE","N/A","TRUE"
"TOX-0015","Tacrolimus","Therapeutic Drug Monitoring","0.00","0","RATE_PENDING","NONE","N/A","TRUE"
"TOX-0016","Cyclosporine","Therapeutic Drug Monitoring","0.00","0","RATE_PENDING","NONE","N/A","TRUE"
"TOX-0017","Sirolimus","Therapeutic Drug Monitoring","0.00","0","RATE_PENDING","NONE","N/A","TRUE"
"TOX-0018","Everolimus","Therapeutic Drug Monitoring","0.00","0","RATE_PENDING","NONE","N/A","TRUE"
"TOX-0019","Methotrexate","Therapeutic Drug Monitoring","0.00","0","RATE_PENDING","NONE","N/A","TRUE"
"TOX-0020","Acetaminophen / Paracetamol","Therapeutic Drug Monitoring","0.00","0","RATE_PENDING","NONE","N/A","TRUE"
"TOX-0021","Salicylate","Therapeutic Drug Monitoring","0.00","0","RATE_PENDING","NONE","N/A","TRUE"
"TOX-0022","Ethanol","Therapeutic Drug Monitoring","0.00","0","RATE_PENDING","NONE","N/A","TRUE"
"TOX-0023","Methanol","Therapeutic Drug Monitoring","0.00","0","RATE_PENDING","NONE","N/A","TRUE"
"TOX-0024","Ethylene Glycol","Therapeutic Drug Monitoring","0.00","0","RATE_PENDING","NONE","N/A","TRUE"
"TOX-0025","Urine Drug Screen - Amphetamine","Drugs of Abuse","0.00","0","RATE_PENDING","NONE","N/A","TRUE"
"TOX-0026","Urine Drug Screen - Methamphetamine","Drugs of Abuse","0.00","0","RATE_PENDING","NONE","N/A","TRUE"
"TOX-0027","Urine Drug Screen - Cocaine Metabolite","Drugs of Abuse","0.00","0","RATE_PENDING","NONE","N/A","TRUE"
"TOX-0028","Urine Drug Screen - Opiates","Drugs of Abuse","0.00","0","RATE_PENDING","NONE","N/A","TRUE"
"TOX-0029","Urine Drug Screen - Morphine","Drugs of Abuse","0.00","0","RATE_PENDING","NONE","N/A","TRUE"
"TOX-0030","Urine Drug Screen - Heroin/6-MAM","Drugs of Abuse","0.00","0","RATE_PENDING","NONE","N/A","TRUE"
"TOX-0031","Urine Drug Screen - Cannabinoids/THC","Drugs of Abuse","0.00","0","RATE_PENDING","NONE","N/A","TRUE"
"TOX-0032","Urine Drug Screen - Benzodiazepines","Drugs of Abuse","0.00","0","RATE_PENDING","NONE","N/A","TRUE"
"TOX-0033","Urine Drug Screen - Barbiturates","Drugs of Abuse","0.00","0","RATE_PENDING","NONE","N/A","TRUE"
"TOX-0034","Urine Drug Screen - Methadone","Drugs of Abuse","0.00","0","RATE_PENDING","NONE","N/A","TRUE"
"TOX-0035","Urine Drug Screen - Buprenorphine","Drugs of Abuse","0.00","0","RATE_PENDING","NONE","N/A","TRUE"
"TOX-0036","Urine Drug Screen - Tramadol","Drugs of Abuse","0.00","0","RATE_PENDING","NONE","N/A","TRUE"
"TOX-0037","Urine Drug Screen - Fentanyl","Drugs of Abuse","0.00","0","RATE_PENDING","NONE","N/A","TRUE"
"TOX-0038","Urine Drug Screen - Phencyclidine (PCP)","Drugs of Abuse","0.00","0","RATE_PENDING","NONE","N/A","TRUE"
"TOX-0039","Urine Drug Screen - Tricyclic Antidepressants","Drugs of Abuse","0.00","0","RATE_PENDING","NONE","N/A","TRUE"
"TOX-0040","Urine Drug Screen - Ketamine","Drugs of Abuse","0.00","0","RATE_PENDING","NONE","N/A","TRUE"
"TOX-0041","Urine Drug Screen - MDMA/Ecstasy","Drugs of Abuse","0.00","0","RATE_PENDING","NONE","N/A","TRUE"
"TOX-0042","Lead, Blood","Heavy Metals","0.00","0","RATE_PENDING","NONE","N/A","TRUE"
"TOX-0043","Mercury, Blood","Heavy Metals","0.00","0","RATE_PENDING","NONE","N/A","TRUE"
"TOX-0044","Mercury, Urine","Heavy Metals","0.00","0","RATE_PENDING","NONE","N/A","TRUE"
"TOX-0045","Arsenic, Blood","Heavy Metals","0.00","0","RATE_PENDING","NONE","N/A","TRUE"
"TOX-0046","Arsenic, Urine","Heavy Metals","0.00","0","RATE_PENDING","NONE","N/A","TRUE"
"TOX-0047","Cadmium, Blood","Heavy Metals","0.00","0","RATE_PENDING","NONE","N/A","TRUE"
"TOX-0048","Cadmium, Urine","Heavy Metals","0.00","0","RATE_PENDING","NONE","N/A","TRUE"
"TOX-0049","Aluminium, Serum","Heavy Metals","0.00","0","RATE_PENDING","NONE","N/A","TRUE"
"TUM-0001","AFP","Oncology","1400.00","140000","ACTIVE","CATALOGUE_RATE_VERSIONS","2026-09-16T07:36:39.564555+00:00","FALSE"
"TUM-0002","CEA","Oncology","1400.00","140000","ACTIVE","CATALOGUE_RATE_VERSIONS","2026-09-16T07:36:39.564555+00:00","FALSE"
"TUM-0003","CA 125","Oncology","2000.00","200000","ACTIVE","CATALOGUE_RATE_VERSIONS","2026-09-18T12:20:51.539031+00:00","FALSE"
"TUM-0004","CA 19-9","Oncology","2000.00","200000","ACTIVE","CATALOGUE_RATE_VERSIONS","2026-09-18T12:20:51.539066+00:00","FALSE"
"TUM-0005","CA 15-3","Oncology","2000.00","200000","ACTIVE","CATALOGUE_RATE_VERSIONS","2026-09-18T12:20:51.539049+00:00","FALSE"
"TUM-0006","CA 72-4","Oncology","0.00","0","RATE_PENDING","NONE","N/A","TRUE"
"TUM-0007","PSA, Total","Oncology","1200.00","120000","ACTIVE","CATALOGUE_RATE_VERSIONS","2026-09-16T07:36:39.564555+00:00","FALSE"
"TUM-0008","PSA, Free","Oncology","0.00","0","RATE_PENDING","NONE","N/A","TRUE"
"TUM-0009","Free/Total PSA Ratio","Oncology","0.00","0","RATE_PENDING","NONE","N/A","TRUE"
"TUM-0010","Beta-hCG Tumor Marker","Oncology","0.00","0","RATE_PENDING","NONE","N/A","TRUE"
"TUM-0011","HE4","Oncology","0.00","0","RATE_PENDING","NONE","N/A","TRUE"
"TUM-0012","ROMA Index","Oncology","0.00","0","RATE_PENDING","NONE","N/A","TRUE"
"TUM-0013","NSE","Oncology","0.00","0","RATE_PENDING","NONE","N/A","TRUE"
"TUM-0014","ProGRP","Oncology","0.00","0","RATE_PENDING","NONE","N/A","TRUE"
"TUM-0015","SCC Antigen","Oncology","0.00","0","RATE_PENDING","NONE","N/A","TRUE"
"TUM-0016","CYFRA 21-1","Oncology","0.00","0","RATE_PENDING","NONE","N/A","TRUE"
"TUM-0017","Thyroglobulin Tumor Marker","Oncology","0.00","0","RATE_PENDING","NONE","N/A","TRUE"
"TUM-0018","Calcitonin Tumor Marker","Oncology","0.00","0","RATE_PENDING","NONE","N/A","TRUE"
"TUM-0019","Beta-2 Microglobulin","Oncology","0.00","0","RATE_PENDING","NONE","N/A","TRUE"
"TUM-0020","LDH - Oncology","Oncology","0.00","0","RATE_PENDING","NONE","N/A","TRUE"
"TUM-0021","CA 27.29","Oncology","0.00","0","RATE_PENDING","NONE","N/A","TRUE"
"TUM-0022","PIVKA-II / DCP","Oncology","0.00","0","RATE_PENDING","NONE","N/A","TRUE"
"TUM-0023","PAP (Prostatic Acid Phosphatase)","Oncology","0.00","0","RATE_PENDING","NONE","N/A","TRUE"
"TUM-0024","Chromogranin A Tumor Marker","Oncology","0.00","0","RATE_PENDING","NONE","N/A","TRUE"