"parameter_id","test_id","test_code","parameter_code","parameter_name","value_type","unit","display_order","is_mandatory","is_active","lifecycle_status","formula","options","reference_status"
"147e4a0d-7205-4040-b325-5c04ce85f9a8","104dbe56-7929-4937-a031-f8ce992fa320","ALG-0001","ALG-0001","Specific IgE - House Dust Mite D. pteronyssinus","Numeric","kUA/L","1","TRUE","TRUE","Active","","","CONFIGURED"
"a861d32f-2762-499c-b800-56b99f8cb179","d0159645-7bb9-4e58-8c27-10f37d6e707c","ALG-0002","ALG-0002","Specific IgE - House Dust Mite D. farinae","Numeric","kUA/L","1","TRUE","TRUE","Active","","","CONFIGURED"
"7446378c-ba8d-486f-a051-dd646fbf545e","babe3400-78c5-4e51-afad-90604932b434","ALG-0003","ALG-0003","Specific IgE - Cockroach","Numeric","kUA/L","1","TRUE","TRUE","Active","","","CONFIGURED"
"8dcde4ed-313d-4726-958c-407dc725a712","4cbaf2fd-dcb4-4c72-81d0-689898c9b74c","ALG-0004","ALG-0004","Specific IgE - Cat Dander","Numeric","kUA/L","1","TRUE","TRUE","Active","","","CONFIGURED"
"f7a0b456-67d7-4959-8b64-8518784bfcf5","0d64f449-0050-4b71-b7b8-4321b6a166e4","ALG-0005","ALG-0005","Specific IgE - Dog Dander","Numeric","kUA/L","1","TRUE","TRUE","Active","","","CONFIGURED"
"17906c9c-a127-4bc2-900a-2dabcfe7702a","45f73cfe-38e0-4769-a55e-f13a0ba7aa4b","ALG-0006","ALG-0006","Specific IgE - Alternaria alternata","Numeric","kUA/L","1","TRUE","TRUE","Active","","","CONFIGURED"
"4cabaee8-5338-453b-9163-22964a768625","561d2e0f-99ce-4350-978f-e985b36779cb","ALG-0007","ALG-0007","Specific IgE - Aspergillus fumigatus","Numeric","kUA/L","1","TRUE","TRUE","Active","","","CONFIGURED"
"d70424fe-b9d6-4531-acf4-1f15d61bf263","7f00556a-e89a-41a8-b9d9-a09b4bf30380","ALG-0008","ALG-0008","Specific IgE - Cladosporium herbarum","Numeric","kUA/L","1","TRUE","TRUE","Active","","","CONFIGURED"
"ea99eeec-5bcf-40e3-ad5d-cddce26bed9d","eaa924a5-e38b-46c6-a350-586e482c40b1","ALG-0009","ALG-0009","Specific IgE - Penicillium chrysogenum","Numeric","kUA/L","1","TRUE","TRUE","Active","","","CONFIGURED"
"42447e2c-324d-4a34-a9ca-7f90507a6cd4","f5dbc42b-1431-4591-a92f-13a431d6f247","ALG-0010","ALG-0010","Specific IgE - Bermuda Grass","Numeric","kUA/L","1","TRUE","TRUE","Active","","","CONFIGURED"
"2a44c30e-f122-4b36-9e1b-4b2720c98f45","5c437f2c-ade2-4027-9ef6-dfd156829b7a","ALG-0011","ALG-0011","Specific IgE - Timothy Grass","Numeric","kUA/L","1","TRUE","TRUE","Active","","","CONFIGURED"
"c824a875-10aa-49fe-8a68-0a524f61c04a","49a9485e-00be-4c5a-a3de-58bad8f836a7","ALG-0012","ALG-0012","Specific IgE - Rye Grass","Numeric","kUA/L","1","TRUE","TRUE","Active","","","CONFIGURED"
"669b647d-1972-4741-b5fb-c82c90a746e6","041db139-20a6-49b1-b26c-e03b7594bc0f","ALG-0013","ALG-0013","Specific IgE - Johnson Grass","Numeric","kUA/L","1","TRUE","TRUE","Active","","","CONFIGURED"
"81b8546d-9852-4909-aa32-461ec21f91f4","ab4cd090-588f-4c48-9fe5-900260b9cdef","ALG-0014","ALG-0014","Specific IgE - Common Ragweed","Numeric","kUA/L","1","TRUE","TRUE","Active","","","CONFIGURED"
"14620e90-e694-43b9-83ff-bc8ed69cc3c5","1045990d-09bf-4043-a39c-e0507af991e4","ALG-0015","ALG-0015","Specific IgE - Mugwort","Numeric","kUA/L","1","TRUE","TRUE","Active","","","CONFIGURED"
"34d224c6-46e1-41b8-8d84-22d48899ee6e","8e2b0cf9-fa6b-4dcc-95c4-df87654eb304","ALG-0016","ALG-0016","Specific IgE - Birch","Numeric","kUA/L","1","TRUE","TRUE","Active","","","CONFIGURED"
"dd536644-ebd5-4f9a-8551-797b2506584e","38e64801-d33e-43ec-bc8b-bb3bba708773","ALG-0017","ALG-0017","Specific IgE - Oak","Numeric","kUA/L","1","TRUE","TRUE","Active","","","CONFIGURED"
"d6d282fd-da26-4916-9712-6bab48f0dc83","960f5d61-9c5e-4798-8ae1-3783a117f2a1","ALG-0018","ALG-0018","Specific IgE - Olive Tree","Numeric","kUA/L","1","TRUE","TRUE","Active","","","CONFIGURED"
"51b94566-d164-46b2-81b1-b6a1a51fd5ff","f20118ab-1de2-4915-8ff3-343773a503ed","ALG-0019","ALG-0019","Specific IgE - Cow's Milk","Numeric","kUA/L","1","TRUE","TRUE","Active","","","CONFIGURED"
"6cf1a375-2d12-4f1a-b074-6495817f1882","1fdb039d-ecf4-4db1-a521-8a4ff68af636","ALG-0020","ALG-0020","Specific IgE - Egg White","Numeric","kUA/L","1","TRUE","TRUE","Active","","","CONFIGURED"
"b7fde477-4ab0-4483-848c-7491920b13b6","140013a4-9d30-47c6-851a-0c473823aaff","ALG-0021","ALG-0021","Specific IgE - Egg Yolk","Numeric","kUA/L","1","TRUE","TRUE","Active","","","CONFIGURED"
"2edf0576-bfb2-4236-865e-656bc831db48","4cd7db41-7ce1-4131-85fb-6c675e0705ff","ALG-0022","ALG-0022","Specific IgE - Peanut","Numeric","kUA/L","1","TRUE","TRUE","Active","","","CONFIGURED"
"0667d66f-7ecf-4c94-8df8-16521f3b3d83","10c142ac-b41e-4266-9ad1-722f8f84d243","ALG-0023","ALG-0023","Specific IgE - Soybean","Numeric","kUA/L","1","TRUE","TRUE","Active","","","CONFIGURED"
"3aa46a01-659a-40a2-9d80-45598672805b","62e3d806-6dc0-46a6-a423-082df756363b","ALG-0024","ALG-0024","Specific IgE - Wheat","Numeric","kUA/L","1","TRUE","TRUE","Active","","","CONFIGURED"
"acd1e392-7f2b-4004-b63d-39802570350a","c8d216e3-83e5-4aef-861f-5044a40465df","ALG-0025","ALG-0025","Specific IgE - Rice","Numeric","kUA/L","1","TRUE","TRUE","Active","","","CONFIGURED"
"83eac78b-beef-45f4-961f-697632a5bf33","3812626e-5e6f-43e1-ab8a-480dc66dd885","ALG-0026","ALG-0026","Specific IgE - Maize/Corn","Numeric","kUA/L","1","TRUE","TRUE","Active","","","CONFIGURED"
"57ec1fad-9a09-4d59-9db2-bd89a9ab26e5","309434f6-85f1-45c6-8596-5eb95e4fb479","ALG-0027","ALG-0027","Specific IgE - Sesame","Numeric","kUA/L","1","TRUE","TRUE","Active","","","CONFIGURED"
"b6d58dd1-d620-4fe4-87bf-d789bc3ecf88","1599d807-1636-4b95-b443-d08f4218e092","ALG-0028","ALG-0028","Specific IgE - Walnut","Numeric","kUA/L","1","TRUE","TRUE","Active","","","CONFIGURED"
"200d5235-8458-4028-9091-d7ed647ad18a","27637c2a-9fc7-433f-a01e-fd2998ca124b","ALG-0029","ALG-0029","Specific IgE - Cashew","Numeric","kUA/L","1","TRUE","TRUE","Active","","","CONFIGURED"
"f91d461a-3d94-45f5-a12e-461bf230322f","13d4ce58-07ef-471a-be00-06fe80dbef19","ALG-0030","ALG-0030","Specific IgE - Almond","Numeric","kUA/L","1","TRUE","TRUE","Active","","","CONFIGURED"
"b6d7a100-24f2-406e-bcb3-47a66d5881d3","7fa56d8f-0e69-49ae-98c0-d06d2c03162f","ALG-0031","ALG-0031","Specific IgE - Hazelnut","Numeric","kUA/L","1","TRUE","TRUE","Active","","","CONFIGURED"
"cf6e93ad-15af-4702-bed0-46cea9fed3d1","4a6397fb-f351-4ebe-82da-dff419c645e7","ALG-0032","ALG-0032","Specific IgE - Shrimp","Numeric","kUA/L","1","TRUE","TRUE","Active","","","CONFIGURED"
"0730153b-501a-4d72-a568-5c4ab2b36b07","31698067-4ca3-4c48-8d1a-524c95829ae8","ALG-0033","ALG-0033","Specific IgE - Crab","Numeric","kUA/L","1","TRUE","TRUE","Active","","","CONFIGURED"
"c73f3fbc-22d5-46ce-9521-d460d22f2aeb","34bed538-2c7b-4c6e-b69e-af626fce349f","ALG-0034","ALG-0034","Specific IgE - Lobster","Numeric","kUA/L","1","TRUE","TRUE","Active","","","CONFIGURED"
"2d030227-8b23-4d13-9085-5d37458e70c3","b0899d81-72c0-4311-86e3-2cfc2ae0e42c","ALG-0035","ALG-0035","Specific IgE - Tuna","Numeric","kUA/L","1","TRUE","TRUE","Active","","","CONFIGURED"
"77834f21-e178-4046-a51f-4363fc4e8d77","f64b9e9b-9aae-43df-9ae0-f9702865075d","ALG-0036","ALG-0036","Specific IgE - Salmon","Numeric","kUA/L","1","TRUE","TRUE","Active","","","CONFIGURED"
"32d28118-d9b7-414e-b76a-f743640a0b8a","56201355-1250-4ba4-8c98-104b39564247","ALG-0037","ALG-0037","Specific IgE - Codfish","Numeric","kUA/L","1","TRUE","TRUE","Active","","","CONFIGURED"
"60857818-d59e-4fd8-8261-9576bd23b504","cbc86e15-b5db-46d4-b822-ac3769f3c95b","ALG-0038","ALG-0038","Specific IgE - Beef","Numeric","kUA/L","1","TRUE","TRUE","Active","","","CONFIGURED"
"18019dd6-fe21-4bac-a96a-44e78c88ca85","8ca9a935-c5f0-43d4-81d0-fded9298fad5","ALG-0039","ALG-0039","Specific IgE - Chicken Meat","Numeric","kUA/L","1","TRUE","TRUE","Active","","","CONFIGURED"
"06f1a255-59ad-4d8d-bca0-b41824fc4863","af38c0f5-84cc-4973-b543-18531d4388f7","ALG-0040","ALG-0040","Specific IgE - Pork","Numeric","kUA/L","1","TRUE","TRUE","Active","","","CONFIGURED"
"86b82b66-2dcc-4251-bab7-2b0792a11e2f","365cd937-80e4-4c87-8546-21733e4e67e2","ALG-0041","ALG-0041","Specific IgE - Mustard","Numeric","kUA/L","1","TRUE","TRUE","Active","","","CONFIGURED"
"7eabaa77-0949-40a8-aaaf-ab1a4a6dbc21","84469ee1-e3b9-4e4d-a80d-ff708135adbe","ALG-0042","ALG-0042","Specific IgE - Latex","Numeric","kUA/L","1","TRUE","TRUE","Active","","","CONFIGURED"
"38e377e0-78d8-4d68-97e0-f0fe39afc69a","1ce9e232-a95c-40c3-8175-9e6c0e44f7b1","ALG-0043","ALG-0043","Specific IgE - Honey Bee Venom","Numeric","kUA/L","1","TRUE","TRUE","Active","","","CONFIGURED"
"2ce940cb-ccd7-4b50-9843-f86c04a90a0f","3a1eb53b-d105-4ce1-98ee-de0bc10eadca","ALG-0044","ALG-0044","Specific IgE - Wasp Venom","Numeric","kUA/L","1","TRUE","TRUE","Active","","","CONFIGURED"
"ce62d873-8f30-413a-a36b-3dbc4efb665c","6085e76d-82ca-43c0-8d90-aaafca59b9f5","ALG-0045","ALG-0045","Specific IgE - Mosquito","Numeric","kUA/L","1","TRUE","TRUE","Active","","","CONFIGURED"
"8fb3b96a-4967-46dc-8dd7-e42d82588dab","3b947a62-c54e-4e2a-add9-807cd6693bdf","ALG-0046","ALG-0046","Specific IgE - Penicillin G","Numeric","kUA/L","1","TRUE","TRUE","Active","","","CONFIGURED"
"fecf918a-6e20-4c0f-9ec8-76b84bd7672e","5a8ce3a1-1816-4bc4-9b86-11b7904f282d","ALG-0047","ALG-0047","Specific IgE - Penicillin V","Numeric","kUA/L","1","TRUE","TRUE","Active","","","CONFIGURED"
"20d1bfd1-3d29-45cd-a779-2e3b6fdd5769","40beab74-71cd-4d07-b9ed-4e65f8a0adea","ALG-0048","ALG-0048","Specific IgE - Amoxicillin","Numeric","kUA/L","1","TRUE","TRUE","Active","","","CONFIGURED"
"d0bc37a4-4948-464b-9b5a-6e22433962c1","1b316a21-7c76-4f21-be75-eb32e47717af","ALG-0049","ALG-0049-01","Food Specific IgE Panel Result","Text","kU/L","1","TRUE","TRUE","Active","","","CONFIGURED"
"10e25127-2d5c-4af5-8756-216e5bc16880","1b316a21-7c76-4f21-be75-eb32e47717af","ALG-0049","ALG-0049-02","Allergen Sensitization Summary","Text","","2","FALSE","TRUE","Active","","","REFERENCE_PENDING"
"ea019571-6192-4050-acfc-74a19fada7e9","aef41b9f-579d-46a7-8ea5-ad5a8d6784a1","ALG-0050","ALG-0050-01","Inhalant Specific IgE Panel Result","Text","kU/L","1","TRUE","TRUE","Active","","","CONFIGURED"
"21942873-ac5f-4da3-a1c0-785a1964a80a","aef41b9f-579d-46a7-8ea5-ad5a8d6784a1","ALG-0050","ALG-0050-02","Inhalant Sensitization Summary","Text","","2","FALSE","TRUE","Active","","","REFERENCE_PENDING"
"af94198f-e7a5-4f60-b7fc-b7d90c7c486a","a77253f1-fef4-4fc1-a106-d54b48a47fa2","ALG-0051","ALG-0051-01","Pediatric Specific IgE Panel Result","Text","kU/L","1","TRUE","TRUE","Active","","","CONFIGURED"
"1ebf9ea1-525d-46cc-8940-024eda3b6658","a77253f1-fef4-4fc1-a106-d54b48a47fa2","ALG-0051","ALG-0051-02","Pediatric Sensitization Summary","Text","","2","FALSE","TRUE","Active","","","REFERENCE_PENDING"
"4edef352-f9d8-4c4f-8371-6ca055fa2f26","4b9cc15c-f025-4a59-bf73-d6618e670b7c","ALG-0052","ALG-0052-01","Atopy Screen Specific IgE","Text","kU/L","1","TRUE","TRUE","Active","","","CONFIGURED"
"18c592ab-39fc-4148-829b-5754d83592d0","4b9cc15c-f025-4a59-bf73-d6618e670b7c","ALG-0052","ALG-0052-02","Clinical Interpretation","Text","","2","FALSE","TRUE","Active","","","REFERENCE_PENDING"
"c68de33c-3a7b-4cda-a9e7-4d2515e32713","f5702561-737b-44b1-93f1-9df32b46ef02","BIO-0001","BIO-0001","Glucose, Fasting","Numeric","mg/dL","1","TRUE","TRUE","Active","","","CONFIGURED"
"3501d009-2309-4c49-b4ca-b0bd1b2a8d57","bff5848d-c23c-4a07-8d22-1389f040fa2d","BIO-0002","BIO-0002","Glucose, Random","Numeric","mg/dL","1","TRUE","TRUE","Active","","","CONFIGURED"
"d4753bd7-e466-4e1f-aab7-cc3953ece757","1f95121e-b4ce-484a-9692-f72e5fb637d6","BIO-0003","BIO-0003","Glucose, Postprandial 2 hr","Numeric","mg/dL","1","TRUE","TRUE","Active","","","CONFIGURED"
"3fc99b08-45cb-4d56-942f-045451b9dc33","f809305f-ef94-4244-93da-0d14f3dd85ea","BIO-0004","BIO-0004","Glucose, 1 hr Post Glucose","Numeric","mg/dL","1","TRUE","TRUE","Active","","","CONFIGURED"
"383bc8da-3dcf-411c-9663-7578f9e6c701","e2d34d65-7744-4b4c-846a-7e451d3c6639","BIO-0005","BIO-0005","Glucose, 2 hr Post Glucose","Numeric","mg/dL","1","TRUE","TRUE","Active","","","CONFIGURED"
"e0811320-6e01-451a-bb74-49af6df4f776","2e1adb6d-42c4-4d20-95ae-1035ee351ab8","BIO-0006","BIO-0006","HbA1c","Numeric","%","1","TRUE","TRUE","Active","","","CONFIGURED"
"ce2ad5f2-ff50-4e81-ba6c-337c74bef25c","ef6e9092-71ca-4560-a5d9-8447e4861e6b","BIO-0007","BIO-0007","Fructosamine","Numeric","µmol/L","1","TRUE","TRUE","Active","","","CONFIGURED"
"46a389ed-e488-4bdf-a63f-b85c74e907b6","9f835354-26d1-449e-a05c-0fa9579a5346","BIO-0008","BIO-0008","Urea","Numeric","mg/dL","1","TRUE","TRUE","Active","","","CONFIGURED"
"c8bff101-04ab-44bd-8119-8b7a0eaa3355","f076bab1-77b5-4980-9f23-0c439f99bb9d","BIO-0009","BIO-0009","Blood Urea Nitrogen (BUN)","Calculated","mg/dL","1","TRUE","TRUE","Active","UREA / 2.14","","CONFIGURED"
"af7bfa2a-f3a0-4e2f-ac66-b3102493ce7e","1de8a1df-9d55-48c4-9dbc-83de477d5edb","BIO-0010","BIO-0010","Creatinine","Numeric","mg/dL","1","TRUE","TRUE","Active","","","CONFIGURED"
"86da7323-0524-4543-b444-f7949f9e6148","04c31478-286c-4686-8d2a-b9e267bf4d1f","BIO-0011","BIO-0011","eGFR","Numeric","mL/min/1.73m²","1","TRUE","TRUE","Active","","","CONFIGURED"
"3289e405-ffc8-4412-8a6c-836f7235f6b2","d8d8a5f9-0b08-44b4-8084-e2c024e76b55","BIO-0012","BIO-0012","Uric Acid","Numeric","mg/dL","1","TRUE","TRUE","Active","","","CONFIGURED"
"ae4ba72b-8da5-4aa9-a211-afc9c13634d5","42c88d20-8e7a-4c0f-a9fa-889c477a67ef","BIO-0013","BIO-0013","Total Protein","Numeric","g/dL","1","TRUE","TRUE","Active","","","CONFIGURED"
"53b3d4e5-4416-4b5e-8ab1-a8696bd00c66","d1356bb0-88e1-4947-966a-b392cad353f1","BIO-0014","BIO-0014","Albumin","Numeric","g/dL","1","TRUE","TRUE","Active","","","CONFIGURED"
"3aed5071-1135-4855-9505-e6d417e4fd86","6ef3b943-be05-4e00-9ef8-b759a2b3c6fa","BIO-0015","BIO-0015","Globulin","Calculated","g/dL","1","TRUE","TRUE","Active","TP - ALB","","CONFIGURED"
"c8f8a284-0c86-43bf-93ba-e97bdf8ceef8","c2a6e503-2da1-4ee3-b1d8-ab5ce9d15389","BIO-0016","BIO-0016","A/G Ratio","Calculated","ratio","1","TRUE","TRUE","Active","ALB / GLOB","","CONFIGURED"
"9021270c-18d1-4ed9-a0ba-002bebac7e17","fa197b77-6142-4e54-8ac6-06f5e6905243","BIO-0017","BIO-0017","Total Bilirubin","Numeric","mg/dL","1","TRUE","TRUE","Active","","","CONFIGURED"
"8715cfec-b567-456f-8ac0-2c3bb1750c0e","aabc150b-5772-4dac-8d6f-2c0bb658ae0b","BIO-0018","BIO-0018","Direct Bilirubin","Numeric","mg/dL","1","TRUE","TRUE","Active","","","CONFIGURED"
"d3ce5970-61f7-4103-a015-a66bc24863d8","8ea45b9a-2bc5-4edd-8f1c-f4e3eb34bd62","BIO-0019","BIO-0019","Indirect Bilirubin","Numeric","mg/dL","1","TRUE","TRUE","Active","","","CONFIGURED"
"f59161e7-e1af-4d07-9062-4d7dfb807ec5","5f6d7b47-d013-4bfa-b46e-85484e2ed196","BIO-0020","BIO-0020","AST (SGOT)","Numeric","U/L","1","TRUE","TRUE","Active","","","CONFIGURED"
"5b0b9792-b7eb-4266-bb9b-132c1b41ff0b","abe11942-b00b-4dbc-a3bb-bbed67ba03c3","BIO-0021","BIO-0021","ALT (SGPT)","Numeric","U/L","1","TRUE","TRUE","Active","","","CONFIGURED"
"c44fbdde-3a7b-4c9c-8afd-99a87f3e9651","56a7e91e-381e-41f9-854c-f858945733b0","BIO-0022","BIO-0022","Alkaline Phosphatase (ALP)","Numeric","U/L","1","TRUE","TRUE","Active","","","CONFIGURED"
"833a9de8-c71d-40ec-bcf5-e9b01325fd1d","468c6ad8-0102-46d6-8d7c-8950cba17d13","BIO-0023","BIO-0023","GGT","Numeric","U/L","1","TRUE","TRUE","Active","","","CONFIGURED"
"5da47540-ace8-40ba-a2eb-29c8f45b6cf9","8a9e661d-a991-4bdf-a327-600960f800c3","BIO-0024","BIO-0024","LDH","Numeric","U/L","1","TRUE","TRUE","Active","","","CONFIGURED"
"72e70c06-d37e-4dfa-a23a-e88f98f84d9e","0c5a74c8-9619-4bbc-a53b-40f86d58c8b1","BIO-0025","BIO-0025","Cholinesterase","Numeric","U/L","1","TRUE","TRUE","Active","","","CONFIGURED"
"4f9c57b7-a417-4283-885f-425be38a6005","c6624c86-9bb1-4b9c-a52e-d2d9f8d27c02","BIO-0026","BIO-0026","Ammonia","Numeric","µmol/L","1","TRUE","TRUE","Active","","","CONFIGURED"
"c3df1bf4-3e12-45c9-96b3-d50488ced6cc","2424240c-3091-4e46-803a-2dc9b561d534","BIO-0027","BIO-0027","Total Cholesterol","Numeric","mg/dL","1","TRUE","TRUE","Active","","","CONFIGURED"
"6d6747a3-1a88-4870-b8a9-2241ec7058f7","d5982b00-9047-4fa9-9d2c-6b3a8acf60e1","BIO-0028","BIO-0028","Triglycerides","Numeric","mg/dL","1","TRUE","TRUE","Active","","","CONFIGURED"
"0d8e5740-c6c1-40f5-9328-9083635aa7ff","a23c2171-30bd-446b-8d22-ef315a673e8d","BIO-0029","BIO-0029","HDL Cholesterol","Numeric","mg/dL","1","TRUE","TRUE","Active","","","CONFIGURED"
"e0a795a7-cd10-4c0b-847c-ac56ae0c7670","8c7aa1a7-a70f-4e7b-b812-17a46ea31d7e","BIO-0030","BIO-0030","LDL Cholesterol, Direct","Numeric","mg/dL","1","TRUE","TRUE","Active","","","CONFIGURED"
"d5f56c25-5534-4895-9be8-4082ccc5848d","d34bde87-2a7b-4c5f-b543-4f87af4d98b4","BIO-0031","BIO-0031","LDL Cholesterol, Calculated","Calculated","mg/dL","1","TRUE","TRUE","Active","CHOL - HDL - (TRIG / 5)","","CONFIGURED"
"1c9ea91d-57d0-4268-816d-1a12af74a34c","0244fa97-7dd0-4854-b9f6-97e2bb45c0bc","BIO-0032","BIO-0032","VLDL Cholesterol","Calculated","mg/dL","1","TRUE","TRUE","Active","TRIG / 5","","CONFIGURED"
"be5ab437-7c8e-4144-89fd-bb6fbbc9db06","cc0d3950-3409-4f4a-a15e-30927ccc275a","BIO-0033","BIO-0033","Non-HDL Cholesterol","Numeric","mg/dL","1","TRUE","TRUE","Active","","","CONFIGURED"
"11b1a0de-e86c-456a-8cf6-151297ade3b4","4985ed0d-1b17-4ebb-a9b1-63252837fed5","BIO-0034","BIO-0034","Apolipoprotein A1","Numeric","mg/dL","1","TRUE","TRUE","Active","","","CONFIGURED"
"60004b8c-c9ae-4a50-96ed-dc0ef6794d68","20bc0601-e176-4714-beda-974aa21fab8f","BIO-0035","BIO-0035","Apolipoprotein B","Numeric","mg/dL","1","TRUE","TRUE","Active","","","CONFIGURED"
"fb689e90-8f38-4adb-8e15-d1bc4984fad0","3b1cef2b-861a-44e3-ace7-694f7edca5c9","BIO-0036","BIO-0036","Lipoprotein(a)","Numeric","mg/dL","1","TRUE","TRUE","Active","","","CONFIGURED"
"7088faa4-4b15-49bc-a547-728e91cf8a3f","7791f8bf-fd97-4d37-a354-d095bc35d89c","BIO-0037","BIO-0037","Sodium","Numeric","mmol/L","1","TRUE","TRUE","Active","","","CONFIGURED"
"c0901c10-c0f8-48f4-b016-e128e638849f","f0fe2a2c-f948-4cba-b1ed-5c0ad953984f","BIO-0038","BIO-0038","Potassium","Numeric","mmol/L","1","TRUE","TRUE","Active","","","CONFIGURED"
"5d418024-ceea-430c-9688-3d6a55fc0602","4ceb32e1-9155-498b-a035-4042f07f01c1","BIO-0039","BIO-0039","Chloride","Numeric","mmol/L","1","TRUE","TRUE","Active","","","CONFIGURED"
"d500c20e-facb-4633-9232-e9fa6d857e96","14e8cffd-fd0e-4673-8c5e-e7c1775a1b92","BIO-0040","BIO-0040","Bicarbonate / Total CO2","Numeric","mmol/L","1","TRUE","TRUE","Active","","","CONFIGURED"
"fe2ce8a2-4c6c-46d6-859f-70c2621fb133","d59beba7-1545-4b7c-8eac-7fb41297f4f3","BIO-0041","BIO-0041","Calcium, Total","Numeric","mg/dL","1","TRUE","TRUE","Active","","","CONFIGURED"
"8741859b-81b1-4df0-b959-7b24596151fd","3af2d62a-fb3d-4889-b7e7-f0e69129bab6","BIO-0042","BIO-0042","Calcium, Ionized","Numeric","mmol/L","1","TRUE","TRUE","Active","","","CONFIGURED"
"6470d828-cbdd-46b6-9064-9590ee0aced6","a18769b3-a6e0-4a6e-843c-9b3875cfdb09","BIO-0043","BIO-0043","Phosphorus","Numeric","mg/dL","1","TRUE","TRUE","Active","","","CONFIGURED"
"83f41bb8-141f-40e5-b526-673e9b88a13a","7bb87034-9949-4639-a442-a022e899a042","BIO-0044","BIO-0044","Magnesium","Numeric","mg/dL","1","TRUE","TRUE","Active","","","CONFIGURED"
"776e3ce9-2201-4d0c-aa7a-b82b33c68a83","95f519e3-c090-4574-803b-c6a076a27191","BIO-0045","BIO-0045","Iron","Numeric","µg/dL","1","TRUE","TRUE","Active","","","CONFIGURED"
"18a37bfc-f7e9-4895-adcf-091aa1e8684a","cb9b883e-f402-4959-a26b-1c10643eae26","BIO-0046","BIO-0046","TIBC","Numeric","µg/dL","1","TRUE","TRUE","Active","","","CONFIGURED"
"d6964a0e-6e10-44e6-82b0-6851b875451c","364e7742-b242-40f4-9e30-f788485ef248","BIO-0047","BIO-0047","UIBC","Numeric","µg/dL","1","TRUE","TRUE","Active","","","CONFIGURED"
"b60d74cc-9d46-4366-9ccb-93596ef250ff","78170b5b-10fe-4fc9-ab2a-fc401e928c00","BIO-0048","BIO-0048","Transferrin","Numeric","mg/dL","1","TRUE","TRUE","Active","","","CONFIGURED"
"f335fd00-cab7-455b-8c36-fc214f9478eb","a8926cd6-9579-44fa-9c9a-905bb9891bfa","BIO-0049","BIO-0049","Transferrin Saturation","Numeric","%","1","TRUE","TRUE","Active","","","CONFIGURED"
"646b1794-7626-4b82-b7ba-4885ac506c66","18219d0b-5806-447c-b46f-89e1a3db4903","BIO-0050","BIO-0050","Ferritin","Numeric","ng/mL","1","TRUE","TRUE","Active","","","CONFIGURED"
"f5ab9056-687e-4ef6-a180-27e49ff77cc4","1731fd3f-cabc-4892-b01b-2183d47a3fa9","BIO-0051","BIO-0051","Vitamin B12","Numeric","pg/mL","1","TRUE","TRUE","Active","","","CONFIGURED"
"d07bc51f-c1fc-4ef4-90a0-8238a02eabb1","5e46568a-8f03-47b7-8b1b-3cda10eb4470","BIO-0052","BIO-0052","Folate","Numeric","ng/mL","1","TRUE","TRUE","Active","","","CONFIGURED"
"faf7d941-f509-4731-8455-716f9f93b363","52bc94a9-1c73-4fa2-a93f-0668a5b9a73c","BIO-0053","BIO-0053","Vitamin D, 25-OH","Numeric","ng/mL","1","TRUE","TRUE","Active","","","CONFIGURED"
"25805a46-7172-49b5-9904-fbb49b0f14a1","75e7262a-4d54-49c7-95c5-ce70c262f186","BIO-0054","BIO-0054","Vitamin D, 1,25-dihydroxy","Numeric","pg/mL","1","TRUE","TRUE","Active","","","CONFIGURED"
"cc8fcba6-1d5c-4fcd-92ff-213840feeae7","6c39b4f7-59df-4554-90d0-ff0115004624","BIO-0055","BIO-0055","Zinc","Numeric","µg/dL","1","TRUE","TRUE","Active","","","CONFIGURED"
"53c96ce2-e035-4d05-a819-588ea25c7950","4dfaf741-aa32-4334-a5d2-5eefd3c7ce58","BIO-0056","BIO-0056","Copper","Numeric","µg/dL","1","TRUE","TRUE","Active","","","CONFIGURED"
"a230ded5-b4fb-47fd-bd54-855cee3daf3b","c563a539-484e-4fc3-96bc-885e69319190","BIO-0057","BIO-0057","Ceruloplasmin","Numeric","mg/dL","1","TRUE","TRUE","Active","","","CONFIGURED"
"cc13bc3d-5685-4f19-a81f-360a05d7ef03","e175b28a-8910-49cf-a68a-f3fd228fe5e2","BIO-0058","BIO-0058","Amylase","Numeric","U/L","1","TRUE","TRUE","Active","","","CONFIGURED"
"efa7384c-6256-4372-9838-5cc62bae6293","d70c137b-f1a0-4ef9-a7a8-7ae8670529eb","BIO-0059","BIO-0059","Lipase","Numeric","U/L","1","TRUE","TRUE","Active","","","CONFIGURED"
"767c370c-e33f-4921-aeb6-7f24f7b25863","1ebff5cb-0776-48b3-bd4b-2b1892f3d3db","BIO-0060","BIO-0060","CK Total","Numeric","U/L","1","TRUE","TRUE","Active","","","CONFIGURED"
"e055666f-2e08-4011-888b-b7d81e6adc5a","7504528b-6709-4ecb-bde2-ace123cb2b7c","BIO-0061","BIO-0061","CK-MB Mass","Numeric","ng/mL","1","TRUE","TRUE","Active","","","CONFIGURED"
"71f1993b-ff66-4088-99fb-043cdcf850ea","4f9e21fa-2dfc-4257-8e94-5795c66be2a0","BIO-0062","BIO-0062","CK-MB Activity","Numeric","U/L","1","TRUE","TRUE","Active","","","CONFIGURED"
"a2be46bd-b75a-4226-b96d-fe12e0888635","6ad3e9d7-07e7-48d1-b330-ce1a1e7906be","BIO-0063","BIO-0063","Troponin I, High Sensitivity","Numeric","ng/mL","1","TRUE","TRUE","Active","","","CONFIGURED"
"1879f7d4-8610-4195-8738-112a4178528d","c8b4e3d2-e11e-490e-9e6c-ace2ecd81953","BIO-0064","BIO-0064","Troponin T, High Sensitivity","Numeric","ng/L","1","TRUE","TRUE","Active","","","CONFIGURED"
"454db68a-c2c6-43b0-9232-c849d25d20c9","9a82ab3b-e114-4881-b80d-ca39d51a8167","BIO-0065","BIO-0065","Myoglobin","Numeric","ng/mL","1","TRUE","TRUE","Active","","","CONFIGURED"
"6347d9ba-4823-4fce-8044-b174e7b511ba","3e1f7052-8d1c-4127-bfec-512b97acfaf8","BIO-0066","BIO-0066","BNP","Numeric","pg/mL","1","TRUE","TRUE","Active","","","CONFIGURED"
"a7421589-afce-45bf-b96b-db9125e157ff","ed7944e9-3ff9-40ab-b8e5-fe827d86bf63","BIO-0067","BIO-0067","NT-proBNP","Numeric","pg/mL","1","TRUE","TRUE","Active","","","CONFIGURED"
"63ba8694-4c52-4652-9334-e56ca8e9a2c6","021e2230-37ab-433d-8529-53edb189fc31","BIO-0068","BIO-0068","hs-CRP","Numeric","mg/L","1","TRUE","TRUE","Active","","","CONFIGURED"
"39feb904-7339-4dd4-96b9-e2d01a734a83","611b3507-e91a-4f00-8910-79fd9f5c835b","BIO-0069","BIO-0069","Lactate","Numeric","mmol/L","1","TRUE","TRUE","Active","","","CONFIGURED"
"3c4d3f06-117f-4a8f-8e16-a8a7ce222e59","55b2b461-15af-46ea-bc1f-9436f88d9e6c","BIO-0070","BIO-0070","Pyruvate","Numeric","mg/dL","1","TRUE","TRUE","Active","","","CONFIGURED"
"8515856e-4649-432f-965a-fcd98579ed23","f2d629ab-b84f-4890-aab5-a680c6ecca7b","BIO-0071","BIO-0071","Homocysteine","Numeric","µmol/L","1","TRUE","TRUE","Active","","","CONFIGURED"
"98c34d39-2e85-4dd9-9179-373351cf02ce","4a827fd7-2cb2-4624-b7e0-0cb472884ed8","BIO-0072","BIO-0072","Osmolality, Serum","Numeric","mOsm/kg","1","TRUE","TRUE","Active","","","CONFIGURED"
"3e6cd9ef-742a-44b6-a46b-9f0dad83ef04","ea3c8085-d853-4a47-a911-0577cf90d90b","BIO-0073","BIO-0073","Anion Gap","Numeric","mmol/L","1","TRUE","TRUE","Active","","","CONFIGURED"
"d4bd3f7f-29ed-4b8e-8c71-eda7b3c46b51","09cb4ad2-7e4e-4bea-9d22-b3207bb002aa","BIO-0074","BIO-0074","Beta-Hydroxybutyrate","Numeric","mmol/L","1","TRUE","TRUE","Active","","","CONFIGURED"
"5c683626-7f07-4129-842d-61c85ede5bdc","36e94b47-ff83-47ea-8726-c74f3d1cf21d","BIO-0075","BIO-0075","Acetone, Blood","Numeric","mg/dL","1","TRUE","TRUE","Active","","","CONFIGURED"
"44ad3e54-d7ff-44be-ac21-674c3aa4f2f0","44090413-f0a7-4cc5-a8b0-874be3db3653","BIO-0076","BIO-0076","Prealbumin","Numeric","mg/dL","1","TRUE","TRUE","Active","","","CONFIGURED"
"09939f0c-9da1-49a4-8d3d-73d126f9376b","21d1363d-17d4-4676-a815-1c3b1fe8bec7","BIO-0077","BIO-0077","Haptoglobin","Numeric","mg/dL","1","TRUE","TRUE","Active","","","CONFIGURED"
"8c3258de-77c7-461a-84ac-5e5fae6d46c7","43ba84de-84eb-4fd8-bf6e-023a2554009c","BIO-0078","BIO-0078","Alpha-1 Antitrypsin","Numeric","mg/dL","1","TRUE","TRUE","Active","","","CONFIGURED"
"8c814ec0-32e7-47e8-97c3-c78afc255a8f","c2e9b2f7-81b6-427d-b67d-05bce7c11e69","BIO-0079","BIO-0079","Bile Acids, Total","Numeric","µmol/L","1","TRUE","TRUE","Active","","","CONFIGURED"
"4a851605-932f-411d-bef0-bf12226fd36f","995dcf24-48df-469f-a91f-b4dcc13b0a6c","BIO-0080","BIO-0080","ALP Isoenzymes","Numeric","%","1","TRUE","TRUE","Active","","","CONFIGURED"
"fdedc5e5-ea61-4c99-bb38-7ada088cd363","2cf221b5-6a6e-45eb-9840-863e534aafa6","BIO-0081","BIO-0081","LDH Isoenzymes","Numeric","%","1","TRUE","TRUE","Active","","","CONFIGURED"
"1b1efcbb-fa1f-4390-8dc3-d2e942349c3a","19eff4a6-6fb0-4251-bb4a-5d2714bf4fb2","BIO-0082","BIO-0082","Urine Protein, Random","Numeric","mg/dL","1","TRUE","TRUE","Active","","","CONFIGURED"
"2e581fa3-e253-4454-8993-a0e7d8d89da0","43407f40-0b0d-4051-961e-ce21d31271f3","BIO-0083","BIO-0083","Urine Protein, 24 Hour","Numeric","mg/24h","1","TRUE","TRUE","Active","","","CONFIGURED"
"7c774b76-4988-4f96-a4cb-9b98e1157135","37a85b2e-3e26-4d06-a0a5-77eb7d7e6b7c","BIO-0084","BIO-0084","Urine Albumin, Random","Numeric","mg/L","1","TRUE","TRUE","Active","","","CONFIGURED"
"471fb37a-f4d9-4492-b42c-8aa7c8c4673d","add643a0-56cf-432f-83be-cc257a7cf0e7","BIO-0085","BIO-0085","Urine Microalbumin","Numeric","mg/L","1","TRUE","TRUE","Active","","","CONFIGURED"
"2cba5677-1af2-47ff-8c30-7f6d05c32f44","7f92c6fd-7d03-45d0-bb2c-cda79f0641b7","BIO-0086","BIO-0086","Urine Albumin/Creatinine Ratio","Numeric","mg/g creatinine","1","TRUE","TRUE","Active","","","CONFIGURED"
"10cb57f2-aad5-453c-96ef-d4904cc47cea","e2104513-ee67-419a-89c4-0f9cc897354d","BIO-0087","BIO-0087","Urine Creatinine, Random","Numeric","mg/dL","1","TRUE","TRUE","Active","","","CONFIGURED"
"6654b141-c734-4480-8c50-486d35aad47c","32bee91b-8ad6-4014-a499-b7360b90e132","BIO-0088","BIO-0088","Urine Creatinine, 24 Hour","Numeric","mg/24h","1","TRUE","TRUE","Active","","","CONFIGURED"
"d5f114e6-d2df-4dc0-a22e-5fc8f6dac9c3","f9f1210f-8f82-495b-908c-704252fb2690","BIO-0089","BIO-0089","Creatinine Clearance","Numeric","mL/min","1","TRUE","TRUE","Active","","","CONFIGURED"
"73fd4f2f-353b-47da-836b-ba74462b90c9","d4f9560c-3ace-4df6-8125-bad63af631b4","BIO-0090","BIO-0090","Urine Urea, 24 Hour","Numeric","g/24h","1","TRUE","TRUE","Active","","","CONFIGURED"
"33bc81d4-3857-405a-8015-861807244ce4","a95a9885-7330-4713-b466-17133e88cac3","BIO-0091","BIO-0091","Urine Sodium, Random","Numeric","mmol/L","1","TRUE","TRUE","Active","","","CONFIGURED"
"02dd31e1-9470-4912-8234-776d324cd427","7fd7610f-7c55-4bf2-a1b0-e0f6647785fa","BIO-0092","BIO-0092","Urine Sodium, 24 Hour","Numeric","mmol/24h","1","TRUE","TRUE","Active","","","CONFIGURED"
"816678de-6fdf-4f96-91f6-4a258bad6406","6d31468f-f9c8-4f0e-ae51-3b66befa8516","BIO-0093","BIO-0093","Urine Potassium, Random","Numeric","mmol/L","1","TRUE","TRUE","Active","","","CONFIGURED"
"c8ed6dc3-afe2-4fbd-853c-c00c8e21aefd","e69cff28-761a-4822-884f-ae6aa9839417","BIO-0094","BIO-0094","Urine Potassium, 24 Hour","Numeric","mmol/24h","1","TRUE","TRUE","Active","","","CONFIGURED"
"d28b3aed-3b43-4c2c-ae99-5f68f725009e","c38f52b7-060b-4ae0-8997-95e31e3b0674","BIO-0095","BIO-0095","Urine Chloride, Random","Numeric","mmol/L","1","TRUE","TRUE","Active","","","CONFIGURED"
"f0f71fb1-021a-4fd4-88de-c6b08aa258ab","55e4f074-965f-463d-9179-1356638b65f0","BIO-0096","BIO-0096","Urine Chloride, 24 Hour","Numeric","mmol/24h","1","TRUE","TRUE","Active","","","CONFIGURED"
"063d9e6f-1fb8-43c2-9e89-c5f8e6530c35","45cb27da-0506-4a64-9839-7465a7ebd703","BIO-0097","BIO-0097","Urine Calcium, Random","Numeric","mg/dL","1","TRUE","TRUE","Active","","","CONFIGURED"
"2dcd3a94-4850-4941-99dd-cf8811db32c2","d76ceb91-5563-4ac1-824d-fc7df5d19355","BIO-0098","BIO-0098","Urine Calcium, 24 Hour","Numeric","mg/24h","1","TRUE","TRUE","Active","","","CONFIGURED"
"9c17e83f-2677-48c5-b63a-dbdbf2dd0987","9f9d4934-256a-4973-a372-bff3e5fa30a2","BIO-0099","BIO-0099","Urine Phosphorus, 24 Hour","Numeric","mg/24h","1","TRUE","TRUE","Active","","","CONFIGURED"
"f74127ca-f64b-49fc-aa75-b45acd8ae93e","9b330084-54ef-476b-b9f6-38fb03747112","BIO-0100","BIO-0100","Urine Magnesium, 24 Hour","Numeric","mg/24h","1","TRUE","TRUE","Active","","","CONFIGURED"
"f3f6ad3a-ac64-4f26-9c6c-4b135ad6f288","c776e472-04c4-4720-9bbf-50b0ad9ec2d0","BIO-0101","BIO-0101","Urine Uric Acid, 24 Hour","Numeric","mg/24h","1","TRUE","TRUE","Active","","","CONFIGURED"
"d8c32031-5472-408d-a95a-33cbb455f03c","4fc72ecc-7bef-4d06-810f-b6b01da04c00","BIO-0102","BIO-0102","Urine Glucose, Quantitative","Numeric","mg/dL","1","TRUE","TRUE","Active","","","CONFIGURED"
"8d4bcfdf-a9e8-4477-b60b-a148b2e96f13","4e0679ad-2eb0-43f1-9f27-e60193473325","BIO-0103","BIO-0103","Urine Osmolality","Numeric","mOsm/kg","1","TRUE","TRUE","Active","","","CONFIGURED"
"a3bee9ca-33bb-469d-b6a4-096813c65118","5aeda41f-3fab-4b2f-b9eb-ece74f118bd0","BIO-0104","BIO-0104","Urine Citrate, 24 Hour","Numeric","mg/24h","1","TRUE","TRUE","Active","","","CONFIGURED"
"5dc89102-3d14-476b-982a-ba71a7b60136","c91c0e41-7fc0-42fe-b623-f7e0dfcdd7bd","BIO-0105","BIO-0105","Urine Oxalate, 24 Hour","Numeric","mg/24h","1","TRUE","TRUE","Active","","","CONFIGURED"
"e005c976-060d-45b0-8f4a-d809fb449406","8e877bc0-6b3a-405f-ba90-5706a3babdcc","BIO-0106","BIO-0106","Urine Copper, 24 Hour","Numeric","µg/24h","1","TRUE","TRUE","Active","","","CONFIGURED"
"c6b9e698-96ae-49bc-8078-190f393efae8","cd1a529e-38e2-4e33-be13-2e184457c7bd","BIO-0107","BIO-0107","Urine Free Cortisol, 24 Hour","Numeric","µg/24h","1","TRUE","TRUE","Active","","","CONFIGURED"
"df43b039-d6fa-42e7-b5bc-4a41ab40d81b","ff99c60f-6122-4417-a9e9-ab8aade992bd","BIO-0108","BIO-0108","Urine Metanephrine, 24 Hour","Numeric","µg/24h","1","TRUE","TRUE","Active","","","CONFIGURED"
"b752d300-22aa-40fa-bcc5-79e721c0ea55","421c64d7-431a-45e3-bd20-216e86a56d91","BIO-0109","BIO-0109","Urine Normetanephrine, 24 Hour","Numeric","µg/24h","1","TRUE","TRUE","Active","","","CONFIGURED"
"99cf3dad-e3d2-42cb-b639-560552773e46","5b35c448-fd93-4cf5-8589-493431b5428c","BIO-0110","BIO-0110","Urine VMA, 24 Hour","Numeric","mg/24h","1","TRUE","TRUE","Active","","","CONFIGURED"
"27afe486-1c49-4146-a4ef-e676f7449e59","edee42a5-67ee-4434-ade7-e2cbc9557f05","BIO-0111","BIO-0111","Urine 5-HIAA, 24 Hour","Numeric","mg/24h","1","TRUE","TRUE","Active","","","CONFIGURED"
"461e159f-08a3-4122-8a94-2b42e5707cab","01d6e1fe-b53a-4a29-9294-96d2dbb03a43","BIO-0112","BIO-0112","Urine Catecholamines, 24 Hour","Numeric","µg/24h","1","TRUE","TRUE","Active","","","CONFIGURED"
"60d26c99-9f76-490c-9f1b-0cdfab2f3ab2","ec321512-3945-4e98-a222-6c3640b83bd0","BIO-0113","BIO-0113","Urine Amino Acid Screen","Numeric","Interpretive","1","TRUE","TRUE","Active","","","CONFIGURED"
"7c93352f-c926-446a-aaf2-e705317d7723","eb3c1d66-9467-444a-b745-9711c814e5e6","BIO-0114","BIO-0114","Urine Porphobilinogen","Numeric","mg/L","1","TRUE","TRUE","Active","","","CONFIGURED"
"77c83fe8-0cdf-4e29-a93f-075cf2eb38cf","120470f2-d7f2-4cfa-a2a6-3fd9fae5d8ca","BIO-0115","BIO-0115","Urine Porphyrins","Numeric","µg/24h","1","TRUE","TRUE","Active","","","CONFIGURED"
"99dea84c-8b69-4678-86b5-4900f5946807","adb4e49d-a6a4-4088-a2b6-bc5e20427ac6","BIO-0116","BIO-0116","Urine Cystine","Numeric","mg/24h","1","TRUE","TRUE","Active","","","CONFIGURED"
"c43177a7-2537-4709-8af9-0916fc96ed7c","2232001e-e8d2-4296-b3eb-4f7da35368d0","BIO-0117","BIO-0117","CSF Protein","Numeric","mg/dL","1","TRUE","TRUE","Active","","","CONFIGURED"
"89c21b96-faab-40cb-a6cf-9560005907a3","2e675d73-0d0b-466c-81f6-f961c18a4e57","BIO-0118","BIO-0118","CSF Glucose","Numeric","mg/dL","1","TRUE","TRUE","Active","","","CONFIGURED"
"ff93b8aa-8475-413f-a289-fab65b4e3809","a16a491b-14db-446e-bdfa-444125118755","BIO-0119","BIO-0119","CSF LDH","Numeric","U/L","1","TRUE","TRUE","Active","","","CONFIGURED"
"2e5629c1-b05b-439a-961f-7234ea3518ba","bbafe585-c65d-4a10-a4ef-fcd00cbd7cea","BIO-0120","BIO-0120","Pleural Fluid Protein","Numeric","mg/dL","1","TRUE","TRUE","Active","","","CONFIGURED"
"8c6b00b2-819e-4bd2-a765-9a368b6edb2d","edaa17ca-ffa9-492d-8869-5c53b64530b1","BIO-0121","BIO-0121","Pleural Fluid Glucose","Numeric","mg/dL","1","TRUE","TRUE","Active","","","CONFIGURED"
"1c6fe647-9b45-4320-9705-31283e1606e9","a60c963d-fb68-46f9-b002-f800f23cdf3e","BIO-0122","BIO-0122","Pleural Fluid LDH","Numeric","U/L","1","TRUE","TRUE","Active","","","CONFIGURED"
"5c3e239c-6d22-4ef9-a1bd-60d441640fd9","192c3d1a-3348-4f78-9bc2-a74c17c6e003","BIO-0123","BIO-0123","Ascitic Fluid Protein","Numeric","mg/dL","1","TRUE","TRUE","Active","","","CONFIGURED"
"ffb310a8-195c-41f5-8295-53b97c63b5c6","c7217e0a-4bca-4f5d-a810-6a7fd9fb31c4","BIO-0124","BIO-0124","Ascitic Fluid Glucose","Numeric","mg/dL","1","TRUE","TRUE","Active","","","CONFIGURED"
"73b41d2e-7f0a-4b44-9286-6692d95d8f22","f854a93b-bf03-40d4-80f9-9b04732a9673","BIO-0125","BIO-0125","Ascitic Fluid LDH","Numeric","U/L","1","TRUE","TRUE","Active","","","CONFIGURED"
"a08b11ee-a104-493b-b20f-44439b15782c","50e9ba63-d95d-4143-a1ae-c9bb737f87eb","BIO-0126","BIO-0126","Pericardial Fluid Protein","Numeric","mg/dL","1","TRUE","TRUE","Active","","","CONFIGURED"
"d0525867-3776-4260-9f41-09507e19fa62","e05524be-a4e0-441d-b2ce-af6be7f48ff8","BIO-0127","BIO-0127","Pericardial Fluid Glucose","Numeric","mg/dL","1","TRUE","TRUE","Active","","","CONFIGURED"
"df17eac2-c1ec-4759-9288-dd160ff16207","f3412f18-3696-4400-a852-dde1662e45c3","BIO-0128","BIO-0128","Pericardial Fluid LDH","Numeric","U/L","1","TRUE","TRUE","Active","","","CONFIGURED"
"e730087b-b6ce-4917-8018-ab403863f808","1fda7fc2-0578-4f3f-9f5c-febbae004d8d","BIO-0129","BIO-0129","Synovial Fluid Protein","Numeric","mg/dL","1","TRUE","TRUE","Active","","","CONFIGURED"
"cffbea21-325a-4531-85de-8e47b81b022f","cbd4d0f3-6c9d-4dc5-bedc-16e46962110d","BIO-0130","BIO-0130","Synovial Fluid Glucose","Numeric","mg/dL","1","TRUE","TRUE","Active","","","CONFIGURED"
"40a94830-d6a0-413b-a3e4-a7e8de073ad2","757c4558-1126-4cbb-bfff-cf8e2bb18e43","BIO-0131","BIO-0131","Synovial Fluid LDH","Numeric","U/L","1","TRUE","TRUE","Active","","","CONFIGURED"
"94658e62-15fa-479a-ba21-42a764e6fc66","f096afed-df4d-4886-afdb-304b4dca4a75","BIO-0132","BIO-0132","Pleural Fluid ADA","Numeric","U/L","1","TRUE","TRUE","Active","","","CONFIGURED"
"4521bcd4-e60b-4438-948c-e9db6f5cf514","b1e8cfaf-2eec-4e03-ae4d-b406bd646b96","BIO-0133","BIO-0133","Ascitic Fluid Albumin","Numeric","g/dL","1","TRUE","TRUE","Active","","","CONFIGURED"
"2353371d-b96d-4fe0-9a67-e603dc61eca2","726a0fcf-8d27-4fef-ba1e-76b09b1e0c8b","BIO-0134","BIO-0134","Serum-Ascites Albumin Gradient (SAAG)","Numeric","g/dL","1","TRUE","TRUE","Active","","","CONFIGURED"
"b606e84a-c355-4904-8883-1b50d7144e1c","8d462f10-caa6-4387-a342-3916153f2a87","BIO-0135","BIO-0135","CSF Chloride","Numeric","mmol/L","1","TRUE","TRUE","Active","","","CONFIGURED"
"8dcf58aa-89e9-4a8f-90e8-f8cb3b0ed32f","c11c8789-fb1a-43f4-99bd-39dfd084bbd8","BIO-0136","BIO-0136","CSF Lactate","Numeric","mmol/L","1","TRUE","TRUE","Active","","","CONFIGURED"
"d7a9737a-352c-47f6-8c01-ca4fca86e584","b7caca8e-4a27-4faa-ab14-e89c659ad309","BIO-0137","BIO-0137","Synovial Fluid Uric Acid","Numeric","mg/dL","1","TRUE","TRUE","Active","","","CONFIGURED"
"53fc98ca-fbf0-4fff-8e14-97f1ba3154a6","4c21aeb9-d549-4035-a459-695c1b496cf0","BIO-0138","BIO-0138","Drain Fluid Creatinine","Numeric","mg/dL","1","TRUE","TRUE","Active","","","CONFIGURED"
"cf888a24-0dbd-4dc2-86ec-7e14271f7c60","f4ad267b-31d7-4dd3-9552-5b1e944a31e1","BIO-0139","BIO-0139","Drain Fluid Amylase","Numeric","U/L","1","TRUE","TRUE","Active","","","CONFIGURED"
"dfaf50e4-b367-4b8e-80b7-0ffba56a016f","9341a957-3b22-4ddb-a652-2aef65f275ea","BIO-0140","BIO-0140","Body Fluid Triglyceride","Numeric","mg/dL","1","TRUE","TRUE","Active","","","CONFIGURED"
"dcc49f86-4fb0-4bf4-a8bd-0f940cab19ea","2dc8f283-eef7-4fbd-833b-216688824044","BIO-0141","BIO-0141-01","Cystatin C","Numeric","mg/L","1","TRUE","TRUE","Active","","","CONFIGURED"
"bf533b8f-aafe-42be-ba82-26cbbff53fd9","bbf4383c-b433-4073-85cc-b91766955275","CLP-0001","CLP-0001-01","Colour","Text","","1","TRUE","TRUE","Active","","","REFERENCE_PENDING"
"541ccf3c-5f84-416a-9862-b771dd1c1141","bbf4383c-b433-4073-85cc-b91766955275","CLP-0001","CLP-0001-02","Transparency","Text","","2","TRUE","TRUE","Active","","","REFERENCE_PENDING"
"123adb3e-40b1-46ec-a92d-a43f88067ed9","bbf4383c-b433-4073-85cc-b91766955275","CLP-0001","CLP-0001-03","Specific Gravity","Numeric","","3","TRUE","TRUE","Active","","","REFERENCE_PENDING"
"ce5ff15f-07cf-41a6-ab6e-028370b06418","bbf4383c-b433-4073-85cc-b91766955275","CLP-0001","CLP-0001-04","pH","Numeric","","4","TRUE","TRUE","Active","","","REFERENCE_PENDING"
"aec03fbe-fefe-4dfd-937e-634228cb08b9","bbf4383c-b433-4073-85cc-b91766955275","CLP-0001","CLP-0001-05","Protein","Text","","5","TRUE","TRUE","Active","","","REFERENCE_PENDING"
"474d4225-7fb6-4625-af49-8d98ded90707","bbf4383c-b433-4073-85cc-b91766955275","CLP-0001","CLP-0001-06","Sugar","Text","","6","TRUE","TRUE","Active","","","REFERENCE_PENDING"
"c89a5b88-26f0-444d-b047-5b6b7cb5c84d","bbf4383c-b433-4073-85cc-b91766955275","CLP-0001","CLP-0001-07","Ketone","Text","","7","TRUE","TRUE","Active","","","REFERENCE_PENDING"
"7d860acc-003d-4d74-b827-d7f78cb1f5f2","bbf4383c-b433-4073-85cc-b91766955275","CLP-0001","CLP-0001-08","Bilirubin","Text","","8","TRUE","TRUE","Active","","","REFERENCE_PENDING"
"41fd0262-04ef-4419-9e3d-998b109f3e4b","bbf4383c-b433-4073-85cc-b91766955275","CLP-0001","CLP-0001-09","Blood","Text","","9","TRUE","TRUE","Active","","","REFERENCE_PENDING"
"5662ce48-df43-405d-a91c-b5315ba23c1d","bbf4383c-b433-4073-85cc-b91766955275","CLP-0001","CLP-0001-10","Pus Cells","Numeric","/HPF","10","TRUE","TRUE","Active","","","CONFIGURED"
"545e0f75-9422-4ee3-8d49-8bcde4942672","bbf4383c-b433-4073-85cc-b91766955275","CLP-0001","CLP-0001-11","RBC","Numeric","/HPF","11","TRUE","TRUE","Active","","","CONFIGURED"
"efce8db0-69aa-471f-8abc-f5a5b717471b","bbf4383c-b433-4073-85cc-b91766955275","CLP-0001","CLP-0001-12","Epithelial Cells","Numeric","/HPF","12","TRUE","TRUE","Active","","","CONFIGURED"
"d0692fa6-c7b0-4c52-980f-4e58d3e8c505","bbf4383c-b433-4073-85cc-b91766955275","CLP-0001","CLP-0001-13","Casts","Text","","13","TRUE","TRUE","Active","","","REFERENCE_PENDING"
"9af06eef-f544-4798-8cf2-5437aedeff3a","bbf4383c-b433-4073-85cc-b91766955275","CLP-0001","CLP-0001-14","Crystals","Text","","14","TRUE","TRUE","Active","","","REFERENCE_PENDING"
"2b3294c3-15f6-4d76-96bc-50caf87eaa03","5cafb5f2-d426-41bd-b6f1-db1a66bdb52a","CLP-0002","CLP-0002","Urine Color","Numeric","Descriptive","1","TRUE","TRUE","Active","","","CONFIGURED"
"f0a00bfb-be8a-44ed-a787-6f3080b7bb75","64a9c7d5-b14b-4e9a-a30c-a04134948948","CLP-0003","CLP-0003","Urine Appearance","Numeric","Descriptive","1","TRUE","TRUE","Active","","","CONFIGURED"
"e4ad7e49-e533-4223-ad67-cae444f22730","5cb802bb-85ca-4c29-89e6-f7df3f5a6849","CLP-0004","CLP-0004","Urine Specific Gravity","Numeric","ratio","1","TRUE","TRUE","Active","","","CONFIGURED"
"818d3ed7-9cab-4cd7-bf51-aad4b34ef4f0","e1c476b3-5099-40a4-8183-9d3f3de466ef","CLP-0005","CLP-0005","Urine pH","Numeric","pH","1","TRUE","TRUE","Active","","","CONFIGURED"
"2823e4b0-aa7f-4bc9-a2e7-4108c8c588e3","f4af06f9-dd9c-4718-a90b-c25cc4633fc5","CLP-0006","CLP-0006","Urine Protein, Dipstick","Numeric","Qualitative","1","TRUE","TRUE","Active","","","CONFIGURED"
"826fdf49-43d6-467f-813c-99179f3710c5","07251802-4576-41de-a230-1be181141609","CLP-0007","CLP-0007","Urine Glucose, Dipstick","Numeric","Qualitative","1","TRUE","TRUE","Active","","","CONFIGURED"
"be456884-7845-4cc8-833b-a3755be92230","c303b286-32b1-481d-8a4c-ee1eeeadb306","CLP-0008","CLP-0008","Urine Ketone","Numeric","Qualitative","1","TRUE","TRUE","Active","","","CONFIGURED"
"980b71c0-7855-424a-98b9-906e1c30d90d","360751c2-7cf2-40b4-99d4-3ed8443c75fd","CLP-0009","CLP-0009","Urine Blood/Hemoglobin","Numeric","Qualitative","1","TRUE","TRUE","Active","","","CONFIGURED"
"bfc25f62-3a01-4f00-9832-e123cf623336","2a61515f-a9d4-41bd-8729-fe33030a82a3","CLP-0010","CLP-0010","Urine Bilirubin","Numeric","Qualitative","1","TRUE","TRUE","Active","","","CONFIGURED"
"ab5a6dfa-0080-4bb4-8d7f-a10271039a2c","fd3a23ea-faec-42e0-889b-e12affff56f5","CLP-0011","CLP-0011","Urine Urobilinogen","Numeric","mg/dL","1","TRUE","TRUE","Active","","","CONFIGURED"
"d63de70d-4e64-4097-976a-eb6366641d4f","3411de27-4d59-4e21-9f6e-6f70a0f79832","CLP-0012","CLP-0012","Urine Nitrite","Numeric","Qualitative","1","TRUE","TRUE","Active","","","CONFIGURED"
"cdfaf725-2cff-4948-bea0-bdb7cc29733b","739ae3ca-41b8-4a46-9d76-1e74550aea93","CLP-0013","CLP-0013","Urine Leukocyte Esterase","Numeric","Qualitative","1","TRUE","TRUE","Active","","","CONFIGURED"
"621d04fe-b420-4798-a85a-d5b55e7ab70a","600a989a-244e-4b66-8c2d-b9df05872866","CLP-0014","CLP-0014","Urine RBC Microscopy","Numeric","/HPF","1","TRUE","TRUE","Active","","","CONFIGURED"
"21a4a343-7f14-4b9c-945b-5841966d8ed3","dff47fae-c5a5-4624-bc45-68bfc675739f","CLP-0015","CLP-0015","Urine WBC/Pus Cells","Numeric","/HPF","1","TRUE","TRUE","Active","","","CONFIGURED"
"4a1eb65b-9ac3-4e60-9d35-90cb4b3f4f4e","0b7bad61-6d2d-4b7a-a5f2-3fb7b6c43fe5","CLP-0016","CLP-0016","Urine Epithelial Cells","Numeric","/HPF","1","TRUE","TRUE","Active","","","CONFIGURED"
"4ea1df6a-c14c-4a96-84d8-87891cde6d27","aa3cad77-e0f9-4e7d-b4b0-e731d57e181d","CLP-0017","CLP-0017","Urine Casts","Numeric","Descriptive","1","TRUE","TRUE","Active","","","CONFIGURED"
"127a9b0f-b5bd-4f51-af34-aefb8e420077","4db58d97-44ee-4371-b744-9b74c34f5be3","CLP-0018","CLP-0018","Urine Crystals","Numeric","Descriptive","1","TRUE","TRUE","Active","","","CONFIGURED"
"a67befd7-4aec-4cd5-8c89-319492d00956","06cc6dfe-ee34-48b2-b5b3-42e8de73019b","CLP-0019","CLP-0019","Urine Bacteria","Numeric","Descriptive","1","TRUE","TRUE","Active","","","CONFIGURED"
"f72fe6f6-6b39-469d-b555-a359ff743814","55490efb-7c16-496b-99f2-8164630e4be7","CLP-0020","CLP-0020","Urine Yeast","Numeric","Descriptive","1","TRUE","TRUE","Active","","","CONFIGURED"
"2c6ba4d0-3a4a-4fa3-bf1c-8f68f4991a48","dc365e32-a6f5-4a15-a9ec-2b22ed230392","CLP-0022","CLP-0022","Stool Color","Numeric","Descriptive","1","TRUE","TRUE","Active","","","CONFIGURED"
"80606414-d100-47f1-900f-d28dff71fb5b","34f4a44a-c17d-454d-9912-0ccaa2b3fc86","CLP-0023","CLP-0023","Stool Consistency","Numeric","Descriptive","1","TRUE","TRUE","Active","","","CONFIGURED"
"b7ca9104-68f4-47e6-845a-e2ceabdacfc0","817b499b-5373-4df9-9ef3-ca6d23b9029e","CLP-0024","CLP-0024","Stool Mucus","Numeric","Qualitative","1","TRUE","TRUE","Active","","","CONFIGURED"
"0559d9a0-0b37-4991-8583-a77e116c2173","fc0fb11f-2b22-406d-bc84-e5d2d915a0e9","CLP-0025","CLP-0025","Stool Occult Blood","Select","","1","TRUE","TRUE","Active","","[""Negative"",""Positive""]","REFERENCE_PENDING"
"69401788-6a73-4191-9994-59c12cf86b2a","97bffd48-0fb9-4bb2-a690-95a2ce572446","CLP-0026","CLP-0026","Fecal Occult Blood Test (FOBT)","Select","","1","TRUE","TRUE","Active","","[""Negative"",""Positive""]","REFERENCE_PENDING"
"2aac89ff-7a88-43ae-b509-a938cca5ef01","8af88261-b46f-40d2-9337-ab3018463d36","CLP-0027","CLP-0027","Fecal Immunochemical Test (FIT)","Numeric","µg Hb/g","1","TRUE","TRUE","Active","","","CONFIGURED"
"5bbee66f-e09e-4eab-9b1e-ad186dcac621","de23e8f4-2993-4157-9181-f65a101c4ee9","CLP-0028","CLP-0028","Stool Reducing Substance","Numeric","Qualitative","1","TRUE","TRUE","Active","","","CONFIGURED"
"5148105f-844c-4482-a4b2-7c5cb94c845d","88b2b28b-affe-4489-9dc4-1ba5bd7dcd28","CLP-0029","CLP-0029","Stool pH","Numeric","pH","1","TRUE","TRUE","Active","","","CONFIGURED"
"d207ad47-e248-4140-9604-306e3e2425e1","36743d99-be36-42ae-b838-b3b470d6c8c0","CLP-0030","CLP-0030","Stool Fat, Qualitative","Numeric","Qualitative","1","TRUE","TRUE","Active","","","CONFIGURED"
"3137863a-b1a9-4612-ae1b-56ba2c46d467","ef24e2b1-2599-4432-aafa-3479db89a977","CLP-0031","CLP-0031","Stool Fat, Quantitative 72 hr","Numeric","g/24h","1","TRUE","TRUE","Active","","","CONFIGURED"
"08aef49a-9381-490d-9200-cc0aba995e7e","dbc7962f-fae1-4070-8cb9-fd8c6d87940f","CLP-0032","CLP-0032","Stool Ova & Parasite Examination","Numeric","Descriptive","1","TRUE","TRUE","Active","","","CONFIGURED"
"34aa3523-575e-4197-a2b6-0fe04fc08499","07292ff9-53b5-4fe2-9c7c-76b8878a18cb","CLP-0033","CLP-0033","Stool RBC","Numeric","/HPF","1","TRUE","TRUE","Active","","","CONFIGURED"
"f54ad97c-22c4-441a-b45d-0aa975f55ecb","c6ced44c-7f08-4f0e-8546-df7fddb53a7f","CLP-0034","CLP-0034","Stool WBC/Pus Cells","Numeric","/HPF","1","TRUE","TRUE","Active","","","CONFIGURED"
"4ce2c0b4-005c-46d3-816e-d34d7e00b6fe","f009a9e5-8e61-4d3d-9947-0e91419bd971","CLP-0035","CLP-0035","Fecal Calprotectin","Numeric","µg/g","1","TRUE","TRUE","Active","","","CONFIGURED"
"5212e9b3-1afb-4390-985d-33eb8c6995c2","2ac82fb6-c133-48a8-9311-3215bb104a44","CLP-0036","CLP-0036","Fecal Lactoferrin","Numeric","µg/g","1","TRUE","TRUE","Active","","","CONFIGURED"
"801523ba-f589-4fd6-a036-6b53457a4cb3","a8095b42-a764-4aa4-bafb-47b3fbdaee4d","CLP-0037","CLP-0037","Pancreatic Elastase, Stool","Numeric","µg/g","1","TRUE","TRUE","Active","","","CONFIGURED"
"b18d70e3-9f50-4b4b-b963-0f75d7f09ccd","6e2ae494-fbb5-4d8c-9778-8a433a507328","CLP-0039","CLP-0039","Semen Volume","Numeric","mL","1","TRUE","TRUE","Active","","","CONFIGURED"
"e60fcee7-ab2c-4b1a-99d0-eb33df0bc4f4","cca8e469-d028-4f5a-95f7-1800854f6d30","CLP-0040","CLP-0040","Semen pH","Numeric","pH","1","TRUE","TRUE","Active","","","CONFIGURED"
"f51d3a69-0e5c-4f8a-99f0-3cb02fed4eed","f322fbbf-f1e3-4f31-81b6-6d302a43a7e4","CLP-0041","CLP-0041","Sperm Concentration","Numeric","million/mL","1","TRUE","TRUE","Active","","","CONFIGURED"
"c0431a04-b455-4570-824f-b208bd6d17f8","ec8f633a-1deb-47ad-9413-22c52fdb0130","CLP-0042","CLP-0042","Total Sperm Count","Numeric","million/ejaculate","1","TRUE","TRUE","Active","","","CONFIGURED"
"0eda22a5-9b58-42f7-9794-0989a45d386f","24690efd-d44d-4cde-9157-ba5ad8beca4b","CLP-0043","CLP-0043","Progressive Motility","Numeric","%","1","TRUE","TRUE","Active","","","CONFIGURED"
"3e893a4c-e2d1-40a9-8fd8-def0f3ba8ca6","e0eedfb3-4649-4e4c-9de3-d8cd83bde31b","CLP-0044","CLP-0044","Non-progressive Motility","Numeric","%","1","TRUE","TRUE","Active","","","CONFIGURED"
"2ee3f266-e518-4a25-b2d0-a837e9a906ce","89cf30f7-1eda-4ca0-95d9-48ff1e0b57e4","CLP-0045","CLP-0045","Immotile Sperm","Numeric","%","1","TRUE","TRUE","Active","","","CONFIGURED"
"fe7baea7-6b94-4fd9-ac2e-64ce0ee8c8f8","2a6e06cd-2698-4934-85a1-8518b0f5aeca","CLP-0046","CLP-0046","Normal Morphology","Numeric","%","1","TRUE","TRUE","Active","","","CONFIGURED"
"1fd0344a-ce63-4434-911b-44b0345798a4","7fbdc684-ee19-4448-9f5d-defa51b19e54","CLP-0047","CLP-0047","Sperm Vitality","Numeric","%","1","TRUE","TRUE","Active","","","CONFIGURED"
"d79e95f7-30b1-45d9-a8fb-12bc72aad19e","f59dac3e-0165-4964-9217-d5cacd50f5c6","CLP-0048","CLP-0048","Round Cells","Numeric","million/mL","1","TRUE","TRUE","Active","","","CONFIGURED"
"7a8c4488-8d12-4e11-b1c4-64d7db16e7c9","0d5cc4bb-5f51-4094-88bb-131d0cc87927","CLP-0049","CLP-0049","Semen Fructose","Numeric","mg/dL","1","TRUE","TRUE","Active","","","CONFIGURED"
"d519b273-1e07-4a96-a275-a794535e6d4b","564891a8-7b35-4af0-afca-4e8dbdc53ef2","CLP-0050","CLP-0050","Antisperm Antibody","Numeric","% bound","1","TRUE","TRUE","Active","","","CONFIGURED"
"ad40aecd-23f2-4bf3-abb4-a6451cd9fc0b","d2bd5c9c-99f9-4bc0-a73e-6cf488b5cdd2","CLP-0051","CLP-0051","CSF Total Cell Count","Numeric","cells/µL","1","TRUE","TRUE","Active","","","CONFIGURED"
"7ef4a91b-7bf9-4603-af96-9070b713567f","b3259df7-4fcf-4242-8278-879afa062ad1","CLP-0052","CLP-0052","CSF RBC Count","Numeric","cells/µL","1","TRUE","TRUE","Active","","","CONFIGURED"
"eab8fb3e-6cfe-4735-a3e2-11307f67726f","b7b40a4b-7b9c-4fc6-a694-bea754f92b03","CLP-0053","CLP-0053","CSF Differential Count","Numeric","%","1","TRUE","TRUE","Active","","","CONFIGURED"
"791e0f0e-9a5c-4cfc-add0-8ce726f79543","5adc8409-b14e-42c6-a127-c32c152cf6cb","CLP-0054","CLP-0054","CSF Appearance","Numeric","Descriptive","1","TRUE","TRUE","Active","","","CONFIGURED"
"b959e5fc-c2c5-4a4b-8339-e4fbd786835c","b2fcc011-8fbf-4acd-986a-eab073988357","CLP-0055","CLP-0055","Pleural Fluid Total Cell Count","Numeric","cells/µL","1","TRUE","TRUE","Active","","","CONFIGURED"
"8efffa5e-9a40-4e64-9b91-0e0b21e2abbd","b86e4146-fca3-42b7-af6b-0cd2f025c2f6","CLP-0056","CLP-0056","Pleural Fluid RBC Count","Numeric","cells/µL","1","TRUE","TRUE","Active","","","CONFIGURED"
"971f1605-0f22-4eef-a878-f665ea055b21","caa59f6f-04b5-4876-8d07-7b3bb926a310","CLP-0057","CLP-0057","Pleural Fluid Differential Count","Numeric","%","1","TRUE","TRUE","Active","","","CONFIGURED"
"1c81a1b9-983f-42a9-9992-161634e7ec6a","7e770085-582a-4d80-963c-fefb908d08c4","CLP-0058","CLP-0058","Pleural Fluid Appearance","Numeric","Descriptive","1","TRUE","TRUE","Active","","","CONFIGURED"
"66fa762b-b75d-42c5-b1db-324ffb401bcf","4e1b4959-4226-4803-b7c7-6ac7de53decc","CLP-0059","CLP-0059","Ascitic Fluid Total Cell Count","Numeric","cells/µL","1","TRUE","TRUE","Active","","","CONFIGURED"
"cd1a5a7a-e2d5-4111-a431-ca333969331c","f5ad8e4b-008e-4fe8-9867-e244c1930995","CLP-0060","CLP-0060","Ascitic Fluid RBC Count","Numeric","cells/µL","1","TRUE","TRUE","Active","","","CONFIGURED"
"1045f36e-175a-48ad-9a0e-88cc9e7ceb7f","b2c8c809-036a-4fb0-898b-7b1e03cae4d9","CLP-0061","CLP-0061","Ascitic Fluid Differential Count","Numeric","%","1","TRUE","TRUE","Active","","","CONFIGURED"
"817f017c-2c99-4a0d-864b-1ca59e270fdc","9a36f82f-697c-4fd3-b2d5-101b76c1ecb0","CLP-0062","CLP-0062","Ascitic Fluid Appearance","Numeric","Descriptive","1","TRUE","TRUE","Active","","","CONFIGURED"
"beca7eab-0316-485c-8798-9e3036c0247a","33f1d3d1-ac33-4c53-bb38-3e633da5d644","CLP-0063","CLP-0063","Pericardial Fluid Total Cell Count","Numeric","cells/µL","1","TRUE","TRUE","Active","","","CONFIGURED"
"f891fe86-5885-4308-8699-19384b66f2f9","0c9ef5bd-b0a3-4313-a861-dcc36da8d013","CLP-0064","CLP-0064","Pericardial Fluid RBC Count","Numeric","cells/µL","1","TRUE","TRUE","Active","","","CONFIGURED"
"fcb2eaf9-d7b4-4fbb-9a76-6647aa5dc3ec","868790d8-7fca-4429-b2de-10c1a25c1093","CLP-0065","CLP-0065","Pericardial Fluid Differential Count","Numeric","%","1","TRUE","TRUE","Active","","","CONFIGURED"
"dc885300-eff4-41f9-af51-6ae7c143c081","a73aa208-8c85-4ea8-b355-fd8602ecac53","CLP-0066","CLP-0066","Pericardial Fluid Appearance","Numeric","Descriptive","1","TRUE","TRUE","Active","","","CONFIGURED"
"c165c9bb-2d31-400f-93c4-2724baf77079","8ccaa0bf-1d6b-42a5-80df-9f26f322b3e2","CLP-0067","CLP-0067","Synovial Fluid Total Cell Count","Numeric","cells/µL","1","TRUE","TRUE","Active","","","CONFIGURED"
"9b4d1209-063f-4352-8c6b-8288a327fb6f","4ad43ebe-eae4-4f14-9d0b-c81c7a273d0e","CLP-0068","CLP-0068","Synovial Fluid RBC Count","Numeric","cells/µL","1","TRUE","TRUE","Active","","","CONFIGURED"
"a211b5c1-4918-4e3d-ad92-1bc196886a48","06b997ac-900c-4e2f-8a4e-2c01fcc75b4c","CLP-0069","CLP-0069","Synovial Fluid Differential Count","Numeric","%","1","TRUE","TRUE","Active","","","CONFIGURED"
"37240c3b-dc2f-4e61-b610-6ca917739938","db01805f-81c1-4202-9f29-564db0f3701a","CLP-0070","CLP-0070","Synovial Fluid Appearance","Numeric","Descriptive","1","TRUE","TRUE","Active","","","CONFIGURED"
"c441fc1d-a274-422d-965e-8bed99b91c6f","a95fc255-210d-4af4-89e6-09cf1da4a54d","CLP-0071","CLP-0071","Synovial Fluid Crystal Analysis","Numeric","Descriptive","1","TRUE","TRUE","Active","","","CONFIGURED"
"57f2fd9a-55b3-489c-b009-fd56bfcc2199","0cdb5058-9491-40e2-974a-0c02b4494f43","CLP-0072","CLP-0072","CSF Xanthochromia","Numeric","Descriptive","1","TRUE","TRUE","Active","","","CONFIGURED"
"f4249337-41de-4136-87d8-a0cc945f4d30","b22d8b2e-403f-4906-bec4-9bf196cc9f06","CLP-0073","CLP-0073","Pleural Fluid Hematocrit","Numeric","Descriptive","1","TRUE","TRUE","Active","","","CONFIGURED"
"623faef2-fd7e-49fa-ace5-a74d4546c0cd","19baf256-111e-4bb3-b8ef-dcb3fca36c04","CLP-0074","CLP-0074","Ascitic Fluid Cell Count & Differential","Numeric","Descriptive","1","TRUE","TRUE","Active","","","CONFIGURED"
"9da503bc-849c-488e-99a4-10dac70c2ea7","2f8b4df3-40e4-4141-b003-9a124fdc75a8","COA-0001","COA-0001","Prothrombin Time","Numeric","sec","1","TRUE","TRUE","Active","","","CONFIGURED"
"8c9e2080-7efd-457e-809f-12f8a57a95c7","2f8b4df3-40e4-4141-b003-9a124fdc75a8","COA-0001","INR","International Normalized Ratio","Calculated","","2","TRUE","TRUE","Active","(PT / MNPT) ^ ISI","","CONFIGURED"
"eee0dfe4-4adf-449c-aba7-8ccae3e546d4","327a90fa-c2fd-4af9-ba3b-84fb478caf4a","COA-0002","COA-0002","INR","Numeric","ratio","1","TRUE","TRUE","Active","","","CONFIGURED"
"6f4f2c64-4b1e-4679-bf7d-349b875ce510","271e3cc9-185a-4391-99bb-b9dda33b3347","COA-0003","COA-0003","Activated Partial Thromboplastin Time (APTT)","Numeric","sec","1","TRUE","TRUE","Active","","","CONFIGURED"
"6528aeb3-0cc8-4833-a599-a9e9829bc57a","0fe55772-b07d-4d43-bd08-0a0ee6ead0e3","COA-0004","COA-0004","Thrombin Time (TT)","Numeric","sec","1","TRUE","TRUE","Active","","","CONFIGURED"
"40274fb8-1fcd-49f3-80ac-fa90114a8e92","e0f67253-5aa9-47b9-b2c5-b43be0fd1acc","COA-0005","COA-0005","Fibrinogen (Clauss)","Numeric","mg/dL","1","TRUE","TRUE","Active","","","CONFIGURED"
"19660461-27c0-4427-9e47-24c0e2fd589c","b6594b04-b486-46a2-a431-a647962ab2b2","COA-0006","COA-0006","D-Dimer","Numeric","µg/mL FEU","1","TRUE","TRUE","Active","","","CONFIGURED"
"8ef9d57b-b7c4-476c-b411-b3f5a75199ee","3531fc7b-db20-4f22-85c2-4a2076763113","COA-0007","COA-0007","Bleeding Time","Numeric","min","1","TRUE","TRUE","Active","","","CONFIGURED"
"31e9b773-33f5-4472-8bb5-ce51c4942fa6","1e03e664-18f1-4893-b651-0f25642e83c1","COA-0008","COA-0008","Clotting Time","Numeric","min","1","TRUE","TRUE","Active","","","CONFIGURED"
"c53dab07-4ac9-4c04-a449-c0ec088c84a2","c46fa46e-00b6-45e0-8f37-4836597a669f","COA-0009","COA-0009","Factor VIII Activity","Numeric","%","1","TRUE","TRUE","Active","","","CONFIGURED"
"908299c1-02dc-4307-a2d4-f2db6fdba0f4","d893c0e7-d920-4cc8-af5f-7a72767590e3","COA-0010","COA-0010","Factor IX Activity","Numeric","%","1","TRUE","TRUE","Active","","","CONFIGURED"
"7f20179d-6c10-42e2-b93a-d802bf4e3424","224aaa2b-1402-4a38-a678-74687e129f09","COA-0011","COA-0011","Factor XI Activity","Numeric","%","1","TRUE","TRUE","Active","","","CONFIGURED"
"7e7d07b4-7f75-4361-a653-e4429714f2be","78dbe43f-fbb0-4b71-a4f4-d90d8e75fb4c","COA-0012","COA-0012","Factor XII Activity","Numeric","%","1","TRUE","TRUE","Active","","","CONFIGURED"
"40e7572e-3c57-49aa-8a1e-f4b1854fcafd","f758c223-96e8-448f-bd81-b9ee45754afb","COA-0013","COA-0013","Factor VII Activity","Numeric","%","1","TRUE","TRUE","Active","","","CONFIGURED"
"bf59300a-18d9-4afc-a3b9-fd62620f5aea","489f95c5-406e-409b-bb10-782ccc32738e","COA-0014","COA-0014","Factor V Activity","Numeric","%","1","TRUE","TRUE","Active","","","CONFIGURED"
"2e24eec3-ca5b-42b5-8826-83de533f381c","3f885502-56ba-4a4e-a3e5-8080982a538f","COA-0015","COA-0015","Factor X Activity","Numeric","%","1","TRUE","TRUE","Active","","","CONFIGURED"
"ba6021c6-4261-4666-b3ba-aa38a820224f","298bf948-ec90-4c8f-b798-e10644d03b7e","COA-0016","COA-0016","Factor XIII Activity","Numeric","%","1","TRUE","TRUE","Active","","","CONFIGURED"
"1c7e9104-2d41-4f27-92de-80966d0d20b4","f526121b-edc7-4286-a5eb-85c6c83532f5","COA-0017","COA-0017","Von Willebrand Factor Antigen","Numeric","%","1","TRUE","TRUE","Active","","","CONFIGURED"
"60322077-2c98-4ad9-93bb-2758264534b9","1435f734-0200-4766-9110-9f82929ba574","COA-0018","COA-0018","Von Willebrand Factor Activity","Numeric","%","1","TRUE","TRUE","Active","","","CONFIGURED"
"25ca51bc-e934-4063-b38c-d30d02c017c7","0a59cf7f-350b-4950-93aa-bbe7e267904f","COA-0019","COA-0019","Protein C Activity","Numeric","%","1","TRUE","TRUE","Active","","","CONFIGURED"
"75f6b488-9501-4144-9b2c-2714787e16d1","8b413360-227d-4867-9b4d-d95857d44ab5","COA-0020","COA-0020","Protein S Activity","Numeric","%","1","TRUE","TRUE","Active","","","CONFIGURED"
"9cd2510a-4efa-41b1-a03f-f0028900c52a","bc191ed1-20d2-4884-94eb-57e7fcb8290e","COA-0021","COA-0021","Antithrombin III Activity","Numeric","%","1","TRUE","TRUE","Active","","","CONFIGURED"
"c0e7efd9-71a1-4069-9f0a-159d65b72224","eaaee861-6bd8-4f3e-89fd-211b5742082d","COA-0022","COA-0022","Lupus Anticoagulant Screen","Numeric","ratio","1","TRUE","TRUE","Active","","","CONFIGURED"
"a2bcac05-f574-4e68-8a8a-423b33c24ac6","3cb29622-8278-4684-bfad-c2de90110106","COA-0023","COA-0023","dRVVT Screen","Numeric","ratio","1","TRUE","TRUE","Active","","","CONFIGURED"
"8e391c76-6be1-45b0-9c0b-4da09026fada","52ee8234-5142-4a20-b5f6-091706087070","COA-0024","COA-0024","dRVVT Confirm","Numeric","ratio","1","TRUE","TRUE","Active","","","CONFIGURED"
"17434e86-85ed-4125-a649-de5a2c9af5d1","ed97d1e9-19fa-47f2-9726-346d9c2d7230","COA-0025","COA-0025","Mixing Study PT","Numeric","Interpretive","1","TRUE","TRUE","Active","","","CONFIGURED"
"0ba4dc5e-c5ff-4e09-8037-06856bdc5809","fc65ccca-3b0c-4a3e-a4c9-0a668d1d0623","COA-0026","COA-0026","Mixing Study APTT","Numeric","Interpretive","1","TRUE","TRUE","Active","","","CONFIGURED"
"c3b49eeb-bc43-4e13-85b4-324989e3bdec","2f56b3ef-884f-45b0-b5e8-971b8ec299fe","COA-0027","COA-0027","Anti-Xa Heparin Assay","Numeric","IU/mL","1","TRUE","TRUE","Active","","","CONFIGURED"
"24a1685b-ba4a-45d5-b9fc-56e286b97e61","129fa0b0-bc4b-427d-93f9-0cbeb2ecfb11","COA-0028","COA-0028","Fibrin Degradation Products","Numeric","µg/mL","1","TRUE","TRUE","Active","","","CONFIGURED"
"59a99d7a-8d98-4ac5-bf88-9176eb30cafc","022b5b51-06b3-479f-980b-c7d3835842f1","COA-0029","COA-0029","Platelet Function Screen","Numeric","sec","1","TRUE","TRUE","Active","","","CONFIGURED"
"f72378d6-a9c9-4e80-ace2-08a3287a58c6","2cf2c029-ff17-4434-8bf4-62a03bbe2e31","COA-0030","COA-0030","Platelet Aggregation Studies","Numeric","%","1","TRUE","TRUE","Active","","","CONFIGURED"
"c4b2f5ab-e753-4946-842a-bf197178c07c","e0416b01-a558-4a2b-8738-6be683361d75","CYT-0001","CYT-0001","FNAC - Thyroid","Numeric","Descriptive","1","TRUE","TRUE","Active","","","CONFIGURED"
"d838ec86-6978-46b9-9d3b-f26e93f28f03","0f325e75-7561-4a2d-9259-b9376fa8c6a1","CYT-0002","CYT-0002","FNAC - Breast","Numeric","Descriptive","1","TRUE","TRUE","Active","","","CONFIGURED"
"509e497e-6d8c-4f3d-bef3-3231a5b1acaf","5608bcc2-8adf-4402-8963-1c7edf5dc923","CYT-0003","CYT-0003","FNAC - Lymph Node","Numeric","Descriptive","1","TRUE","TRUE","Active","","","CONFIGURED"
"50ce28cd-cf94-49b8-852f-49915d56c211","2eb9bc23-4f38-4d7b-ba19-5491dbddbcf8","CYT-0004","CYT-0004","FNAC - Salivary Gland","Numeric","Descriptive","1","TRUE","TRUE","Active","","","CONFIGURED"
"fbb63ac9-60e3-4b62-a6ca-4107545acbd3","aa2e57c3-da7a-4679-9575-f1f05ae42294","CYT-0005","CYT-0005","FNAC - Soft Tissue","Numeric","Descriptive","1","TRUE","TRUE","Active","","","CONFIGURED"
"c2cd6399-39f0-4b9c-a48e-8a4d20944df6","dfe704b4-3582-4180-9bd2-2bb2f3c73de8","CYT-0006","CYT-0006","FNAC - Other Site","Numeric","Descriptive","1","TRUE","TRUE","Active","","","CONFIGURED"
"2aa612a8-9028-46b9-bc1a-c260f34c60d7","6c300067-603f-4af4-bf94-78a46bf17612","CYT-0007","CYT-0007","Pap Smear - Conventional","Numeric","Descriptive","1","TRUE","TRUE","Active","","","CONFIGURED"
"45b4bc9c-bbf3-4f73-a578-637d4af5374b","fabda3f8-b5b7-4114-a6ff-522ed7e60ae4","CYT-0008","CYT-0008","Pap Smear - Liquid Based Cytology","Numeric","Descriptive","1","TRUE","TRUE","Active","","","CONFIGURED"
"7d1700f8-764c-446b-8b47-bc590c9da552","42b28b1f-1a24-4bc0-813e-d86c2b4d332b","CYT-0009","CYT-0009","Pleural Fluid Cytology","Numeric","Descriptive","1","TRUE","TRUE","Active","","","CONFIGURED"
"d3a6c0e8-80ac-43f7-9382-df51ff9f125e","ed69d7c5-54ce-4caa-aa29-f463de1c600e","CYT-0010","CYT-0010","Ascitic Fluid Cytology","Numeric","Descriptive","1","TRUE","TRUE","Active","","","CONFIGURED"
"d56c43e1-06ea-4df5-94ea-dc8d14deba8b","6fee4123-e22d-4ed4-a4c5-467a2bcddf8b","CYT-0011","CYT-0011","Pericardial Fluid Cytology","Numeric","Descriptive","1","TRUE","TRUE","Active","","","CONFIGURED"
"48f23e65-abf2-4a9b-bfa6-b23f7cf2b188","c00fdad4-2dbc-44fc-8342-3bbfa2d8854a","CYT-0012","CYT-0012","CSF Cytology","Numeric","Descriptive","1","TRUE","TRUE","Active","","","CONFIGURED"
"d6af6e92-ef4e-4359-8cea-13bbe2b3b97b","9fb504da-ab2a-4bb8-960c-ace5510eb631","CYT-0013","CYT-0013","Urine Cytology","Numeric","Descriptive","1","TRUE","TRUE","Active","","","CONFIGURED"
"02515091-8f44-49c3-a788-07b635bbc994","2a5e014b-2f5f-428d-8e3e-aacfd84c0c95","CYT-0014","CYT-0014","Sputum Cytology","Numeric","Descriptive","1","TRUE","TRUE","Active","","","CONFIGURED"
"1bbf61a9-7fc7-49e5-a06a-839e8805edbb","150c41b8-ca2f-43d5-a211-8f8458b01497","CYT-0015","CYT-0015","BAL Cytology","Numeric","Descriptive","1","TRUE","TRUE","Active","","","CONFIGURED"
"37cfb009-ee4b-451c-bc80-6fab3beb81da","bed31b7b-845a-418a-a7a7-3c0d03177758","CYT-0016","CYT-0016","Brush Cytology","Numeric","Descriptive","1","TRUE","TRUE","Active","","","CONFIGURED"
"64058c82-d2b4-43f8-98fc-088dd3303be1","12849b7e-b9f5-4837-bbb1-f834e12c5b45","CYT-0017","CYT-0017","Imprint Cytology","Numeric","Descriptive","1","TRUE","TRUE","Active","","","CONFIGURED"
"dbf2e400-b8f5-43e4-ab7c-20b16ecc1937","27789ff3-6c0b-4c4f-8e40-ce8e21f198d8","CYT-0018","CYT-0018","Cell Block Preparation","Numeric","Descriptive","1","TRUE","TRUE","Active","","","CONFIGURED"
"0ebacc5b-4410-4b00-be2e-68828042a1fb","52165ea0-4741-4bde-a590-fab693d42ceb","END-0001","END-0001","TSH","Numeric","µIU/mL","1","TRUE","TRUE","Active","","","CONFIGURED"
"222f25c8-e1ef-4038-960e-4819fdc9167b","8a5bd95d-bf55-47e6-8ee1-82b4358e70e7","END-0002","END-0002","Free T4 (FT4)","Numeric","ng/dL","1","TRUE","TRUE","Active","","","CONFIGURED"
"18359d7b-ef42-4847-ace7-4ddb058422b4","d0bfc69a-74cc-4ce9-ba42-0953b877ce43","END-0003","END-0003","Free T3 (FT3)","Numeric","pg/mL","1","TRUE","TRUE","Active","","","CONFIGURED"
"24492a1e-bbdf-4590-bd6f-7da61d71e05c","817437d8-4e76-452f-ba6c-38d8dec8794c","END-0004","END-0004","Total T4","Numeric","µg/dL","1","TRUE","TRUE","Active","","","CONFIGURED"
"7d6b7651-0f14-4619-8e7c-7da40532d686","6300981c-970c-4741-9fcc-cc6be1fb44b3","END-0005","END-0005","Total T3","Numeric","ng/mL","1","TRUE","TRUE","Active","","","CONFIGURED"
"fd97e13b-6f9d-42a4-88b6-cad34e8056dc","20ebf6ee-400c-418c-945a-a419c610e98d","END-0006","END-0006","Anti-TPO Antibody","Numeric","IU/mL","1","TRUE","TRUE","Active","","","CONFIGURED"
"505f02f3-fbf0-404a-bf79-d971ad73ed9c","d926c0f8-23a7-4006-9a91-2db716ba805c","END-0007","END-0007","Anti-Thyroglobulin Antibody","Numeric","IU/mL","1","TRUE","TRUE","Active","","","CONFIGURED"
"f7128fb5-79ac-4dc5-b0fa-29ec255289b3","5ae76cbf-abda-4a79-b82d-5ca2b9284d2c","END-0008","END-0008","Thyroglobulin","Numeric","ng/mL","1","TRUE","TRUE","Active","","","CONFIGURED"
"4cf734fe-b10d-42e7-9547-f7bdd7ea3c5e","73f1f23e-62b4-4e4e-8903-2347b5b75525","END-0009","END-0009","TSH Receptor Antibody (TRAb)","Numeric","IU/L","1","TRUE","TRUE","Active","","","CONFIGURED"
"5f9d2124-fa2e-4834-b308-1949607c1335","b332bec0-562d-45cd-a26c-a3e8ce74d4d9","END-0010","END-0010","Thyroid Stimulating Immunoglobulin (TSI)","Numeric","%/IU/L","1","TRUE","TRUE","Active","","","CONFIGURED"
"a39a8f4f-727d-4208-8c79-2cfae002609a","dab39a53-a030-489d-b7d2-1adf71971854","END-0011","END-0011","PTH, Intact","Numeric","pg/mL","1","TRUE","TRUE","Active","","","CONFIGURED"
"592dee24-25e1-486f-afc6-e7b88d7c0699","2e38e9c1-f0ae-4264-939f-7054212d9ba3","END-0012","END-0012","Calcitonin","Numeric","pg/mL","1","TRUE","TRUE","Active","","","CONFIGURED"
"fe04e102-f7d5-4bbb-a233-25a330484bbe","e1bcd383-f8db-4ce9-93d0-11aaa8f10fa3","END-0013","END-0013","Cortisol, 8 AM","Numeric","µg/dL","1","TRUE","TRUE","Active","","","CONFIGURED"
"b987ce4d-42b3-4d63-b001-c5a28dbe4684","a79e2ab4-0d65-4fc2-92c1-6f5673f9dc3e","END-0014","END-0014","Cortisol, 4 PM","Numeric","µg/dL","1","TRUE","TRUE","Active","","","CONFIGURED"
"c366e131-455d-40c2-bd88-67586cb34bb0","cc2d19ca-c108-40e5-a4c0-36114fc11227","END-0015","END-0015","ACTH","Numeric","pg/mL","1","TRUE","TRUE","Active","","","CONFIGURED"
"e094055d-3582-4d2c-bc81-2073877489d1","dac58791-b398-49ad-8ec1-6953cfc58d03","END-0016","END-0016","DHEA-S","Numeric","µg/dL","1","TRUE","TRUE","Active","","","CONFIGURED"
"e837520c-55aa-40b6-b524-16fe0535394b","963cc486-98a2-4b38-a606-72010c90c0ba","END-0017","END-0017","DHEA","Numeric","ng/mL","1","TRUE","TRUE","Active","","","CONFIGURED"
"541bb3d3-57a3-49f9-92e8-33a0482d8fbb","499e9394-598d-4520-8931-cf1d9829ea4e","END-0018","END-0018","Aldosterone","Numeric","ng/dL","1","TRUE","TRUE","Active","","","CONFIGURED"
"727538c5-ce56-4850-b736-01de398c25bc","44073006-e22a-46b8-8160-7dd96babcffe","END-0019","END-0019","Plasma Renin Activity","Numeric","ng/mL/hr","1","TRUE","TRUE","Active","","","CONFIGURED"
"10797e1d-eaac-4336-ab76-132eeb0024a4","f3e39418-8205-4fc9-9ae4-0717962f7b4e","END-0020","END-0020","Direct Renin","Numeric","mIU/L","1","TRUE","TRUE","Active","","","CONFIGURED"
"993f90da-539c-492f-84a1-d4eb6af9e091","71937504-5643-4802-bb66-9b650df344a6","END-0021","END-0021","Aldosterone/Renin Ratio","Numeric","ratio","1","TRUE","TRUE","Active","","","CONFIGURED"
"4692f410-ab3c-4a08-b6ec-f0f6ba141847","cdc3e05a-4279-4ac9-a1b6-93ddc1d2a5bf","END-0022","END-0022","Growth Hormone (GH)","Numeric","ng/mL","1","TRUE","TRUE","Active","","","CONFIGURED"
"788f43f9-0d6c-4d8f-a3c7-800318f52bca","5b898021-8442-41f1-a0af-fa2f382f1ce1","END-0023","END-0023","IGF-1","Numeric","ng/mL","1","TRUE","TRUE","Active","","","CONFIGURED"
"bd8936c8-153e-489e-a25e-2788244f9a18","9bacdf95-b165-44ce-91d6-58859dc6d640","END-0024","END-0024","IGFBP-3","Numeric","mg/L","1","TRUE","TRUE","Active","","","CONFIGURED"
"99fe2680-35a6-4f7a-b2af-79920a8ea9ac","48b583e2-0c39-49a2-bfe9-60ea757db9c6","END-0025","END-0025","Prolactin","Numeric","ng/mL","1","TRUE","TRUE","Active","","","CONFIGURED"
"a28909ef-e251-4b69-89f7-a815e378a1ac","05e4cead-e07e-4549-a397-3e35c2d51d8b","END-0026","END-0026","Macroprolactin","Numeric","% recovery","1","TRUE","TRUE","Active","","","CONFIGURED"
"9f54e14f-212f-4287-930a-993ef093a691","8a4857d2-8d44-4c94-ad6e-8edb98ea6d84","END-0027","END-0027","FSH","Numeric","mIU/mL","1","TRUE","TRUE","Active","","","CONFIGURED"
"d9a980a8-509d-43d7-b54c-56804053dc66","2bf12ab4-3db0-4ea7-af6d-0e28ffc637db","END-0028","END-0028","LH","Numeric","mIU/mL","1","TRUE","TRUE","Active","","","CONFIGURED"
"269eb48d-af82-49c8-bd0b-76a8805eadb0","289b04ca-8038-4f96-b001-954de79f9c45","END-0029","END-0029","Estradiol (E2)","Numeric","pg/mL","1","TRUE","TRUE","Active","","","CONFIGURED"
"3d50adc7-8073-4a1c-bae9-75b2b1457abb","f8aefe68-d7c3-48a9-afa7-75f233f55fc2","END-0030","END-0030","Progesterone","Numeric","ng/mL","1","TRUE","TRUE","Active","","","CONFIGURED"
"4b36d4a4-5981-41a1-986c-d8cc4940c80d","d5586451-406f-4a1f-ad02-f57ba6c10bb5","END-0031","END-0031","Testosterone, Total","Numeric","ng/dL","1","TRUE","TRUE","Active","","","CONFIGURED"
"9dec5b23-1c8d-4c4c-9c99-b95191645ad5","9cbc2404-86df-400c-8171-ed24b107422f","END-0032","END-0032","Testosterone, Free","Numeric","pg/mL","1","TRUE","TRUE","Active","","","CONFIGURED"
"3a1fbe11-fa1b-4543-adc9-cd2db5174f71","ad0b180d-8967-4911-80e1-54f0ca144a7b","END-0033","END-0033","SHBG","Numeric","nmol/L","1","TRUE","TRUE","Active","","","CONFIGURED"
"7ab8f023-df9d-4f21-99d8-8091c8e30717","dca51182-1158-4566-8fb3-9711d0494056","END-0034","END-0034","Free Androgen Index","Numeric","index","1","TRUE","TRUE","Active","","","CONFIGURED"
"1b945341-f30b-4742-af6a-fcc09b143bfc","be5361ce-ad60-41b4-a0aa-d16e8c1efa44","END-0035","END-0035","Androstenedione","Numeric","ng/mL","1","TRUE","TRUE","Active","","","CONFIGURED"
"a5454f5c-0bd9-4b79-b728-f9a08e4f3dc5","f0afe02c-82c1-4bdc-92a2-27a26a1e5284","END-0036","END-0036","17-OH Progesterone","Numeric","ng/dL","1","TRUE","TRUE","Active","","","CONFIGURED"
"94d63ac0-4983-41c6-8507-612e4d1d8d7a","2bdd6231-3e3f-4e18-8c32-39ccdd3501b7","END-0037","END-0037","AMH","Numeric","ng/mL","1","TRUE","TRUE","Active","","","CONFIGURED"
"e84fed16-edd1-411a-af7c-c04811bc9a23","4b03e774-7b54-470c-aa32-c5adf8ee3f23","END-0038","END-0038","Inhibin B","Numeric","pg/mL","1","TRUE","TRUE","Active","","","CONFIGURED"
"6820b077-8fda-453a-83b9-aa9cd2bd64b4","03733900-4869-4b77-b9ce-c060f7d6e8c1","END-0039","END-0039","Beta-hCG, Quantitative","Numeric","mIU/mL","1","TRUE","TRUE","Active","","","CONFIGURED"
"cf2a8ab3-53a2-4ea6-8353-83df3eccab46","640f6c7a-6ae9-4190-8276-a9d318202c69","END-0040","END-0040","Beta-hCG, Qualitative","Numeric","Qualitative","1","TRUE","TRUE","Active","","","CONFIGURED"
"d63a536c-d0ae-4b1a-9ea7-2a2187eeb365","9d98d1f3-844a-40cb-a2e3-7553fbd3b9f2","END-0041","END-0041","Insulin, Fasting","Numeric","µIU/mL","1","TRUE","TRUE","Active","","","CONFIGURED"
"53fb6821-eff0-4ebe-817a-2d15e7582046","83af71a2-ecc0-49c0-b178-840080405042","END-0042","END-0042","Insulin, Postprandial","Numeric","µIU/mL","1","TRUE","TRUE","Active","","","CONFIGURED"
"a1f9bd5b-308e-40d7-af46-5ba08b6f6afb","27495bd7-c0c0-49a1-baa4-92701dc5f23c","END-0043","END-0043","C-Peptide, Fasting","Numeric","ng/mL","1","TRUE","TRUE","Active","","","CONFIGURED"
"f89541b7-438c-4b65-9836-6ed699835401","24db8546-6a09-4d51-bd87-9ff99d6486d2","END-0044","END-0044","C-Peptide, Postprandial","Numeric","ng/mL","1","TRUE","TRUE","Active","","","CONFIGURED"
"ea8aadff-3ea7-4759-95f3-77b6b88b186d","3751e44b-a81e-4029-9ff3-1e5cbf950ee3","END-0045","END-0045","HOMA-IR","Numeric","index","1","TRUE","TRUE","Active","","","CONFIGURED"
"20aa9aa6-43c1-4145-927b-6c835733cb52","9f6ea936-5c51-4002-863f-ddf53b6dcc3a","END-0046","END-0046","Leptin","Numeric","ng/mL","1","TRUE","TRUE","Active","","","CONFIGURED"
"feba5e0a-737c-4a66-9545-3598c19eda25","1102aac7-f417-432d-b54e-fb85834b0604","END-0047","END-0047","Adiponectin","Numeric","µg/mL","1","TRUE","TRUE","Active","","","CONFIGURED"
"e3b6cbd0-c204-4d63-8adc-8a89915d590e","cc31987b-0741-4dfc-be78-94ebe455b5bb","END-0048","END-0048","Erythropoietin","Numeric","mIU/mL","1","TRUE","TRUE","Active","","","CONFIGURED"
"6819d767-dac6-46f9-8440-47674ba5aebe","f2a27604-704c-47ae-ab8d-44c8b7cbdcc5","END-0049","END-0049","Gastrin","Numeric","pg/mL","1","TRUE","TRUE","Active","","","CONFIGURED"
"ea27c7ac-68fd-4f71-9833-bc7481bc47e2","ec09becb-d428-4c8e-99a4-be436608c2eb","END-0050","END-0050","Insulin-like Growth Factor 2","Numeric","ng/mL","1","TRUE","TRUE","Active","","","CONFIGURED"
"10f21441-a887-4de0-a762-5bfe58ae3884","d965542d-a756-4aae-9b23-39c3cd2faf0e","END-0051","END-0051","Chromogranin A","Numeric","ng/mL","1","TRUE","TRUE","Active","","","CONFIGURED"
"7c78bce0-7504-493d-b5bd-7c2f3a808824","9fbb5cba-6b09-4dbf-bff7-f6f08f7d3e7b","END-0052","END-0052","Serotonin, Serum","Numeric","ng/mL","1","TRUE","TRUE","Active","","","CONFIGURED"
"6e34e331-4d7f-4b36-bf90-0a4e886ca65c","1b3a4edc-220c-4390-9f81-37305afe859b","END-0053","END-0053","Melatonin","Numeric","pg/mL","1","TRUE","TRUE","Active","","","CONFIGURED"
"6b0e3b8a-cfdf-43c3-a7f9-86ad1c7d6233","1cd6c4ee-9fff-4961-b84b-da9d4cb1603f","END-0054","END-0054","ADH / Vasopressin","Numeric","pg/mL","1","TRUE","TRUE","Active","","","CONFIGURED"
"2c4ef1de-5647-4d2d-b0a5-cc571e5e8878","0329c073-6f15-4e32-86c6-31392518e1c2","END-0055","END-0055","Copeptin","Numeric","pmol/L","1","TRUE","TRUE","Active","","","CONFIGURED"
"bfe54436-7398-4a5e-a0ea-6d66854c7688","28c24d96-3a6c-4906-b1b5-a7d5e87d3737","END-0056","END-0056-01","Fasting Glucose (0 min)","Numeric","mg/dL","1","TRUE","TRUE","Active","","","CONFIGURED"
"7ae49b4f-2369-40cb-a6d2-127f84c0089f","28c24d96-3a6c-4906-b1b5-a7d5e87d3737","END-0056","END-0056-02","1-Hour Glucose (60 min)","Numeric","mg/dL","2","TRUE","TRUE","Active","","","CONFIGURED"
"7d70bce7-2bad-4801-851a-4bcf01b47cb4","28c24d96-3a6c-4906-b1b5-a7d5e87d3737","END-0056","END-0056-03","2-Hour Glucose (120 min)","Numeric","mg/dL","3","TRUE","TRUE","Active","","","CONFIGURED"
"2f9042f7-1a63-460c-8a7c-dd37775a79ff","0056380c-61bf-48c0-b81c-cd2fdabcf421","END-0057","END-0057-01","Fasting Glucose (0 min)","Numeric","mg/dL","1","TRUE","TRUE","Active","","","CONFIGURED"
"065379db-0101-4fa5-b342-58668e5e433d","0056380c-61bf-48c0-b81c-cd2fdabcf421","END-0057","END-0057-02","1-Hour Glucose (60 min)","Numeric","mg/dL","2","TRUE","TRUE","Active","","","CONFIGURED"
"148f209a-eff1-4e5f-a215-231bb933f8a5","0056380c-61bf-48c0-b81c-cd2fdabcf421","END-0057","END-0057-03","2-Hour Glucose (120 min)","Numeric","mg/dL","3","TRUE","TRUE","Active","","","CONFIGURED"
"f9a5abe9-4952-4241-836c-c691d6ffbf95","24dea4b3-77e7-4bc0-9f4b-14b5912d1c2e","END-0058","END-0058-01","1-Hour Post-50g Glucose","Numeric","mg/dL","1","TRUE","TRUE","Active","","","CONFIGURED"
"26cf2d64-628d-44b4-8f52-b4d70353fba3","316cc36e-ad60-49fa-b93c-a64b50d6cb7f","END-0059","END-0059-01","Baseline Cortisol (8 AM)","Numeric","µg/dL","1","FALSE","TRUE","Active","","","CONFIGURED"
"abdc500e-1601-4b72-a1b2-50cd348dd50d","316cc36e-ad60-49fa-b93c-a64b50d6cb7f","END-0059","END-0059-02","Post-1mg Dex Cortisol (8 AM)","Numeric","µg/dL","2","TRUE","TRUE","Active","","","CONFIGURED"
"7fcd2d26-c787-48f3-a666-d5898299eb95","85e023b8-7567-43e4-ae0c-0bf13a066339","END-0060","END-0060-01","Baseline Cortisol (Day 0, 8 AM)","Numeric","µg/dL","1","TRUE","TRUE","Active","","","CONFIGURED"
"78957713-6f64-454d-8297-cad212cbdbaa","85e023b8-7567-43e4-ae0c-0bf13a066339","END-0060","END-0060-02","Post-LDDST Cortisol (Day 2, 8 AM)","Numeric","µg/dL","2","TRUE","TRUE","Active","","","CONFIGURED"
"9a71abd9-a82f-49b3-a800-f002c3f22d3a","f818b23a-a502-4908-b775-131719206c73","END-0061","END-0061-01","Baseline Cortisol (0 hr)","Numeric","µg/dL","1","TRUE","TRUE","Active","","","CONFIGURED"
"e03d8a27-0a52-4f2f-b692-840959b59db0","f818b23a-a502-4908-b775-131719206c73","END-0061","END-0061-02","Post-HDDST Cortisol (8 AM)","Numeric","µg/dL","2","TRUE","TRUE","Active","","","CONFIGURED"
"2ad8bf31-f2b9-403e-8c43-afd1da1867d6","f818b23a-a502-4908-b775-131719206c73","END-0061","END-0061-03","Suppression Percentage","Calculated","%","3","TRUE","TRUE","Active","((Baseline - Post) / Baseline) * 100","","CONFIGURED"
"c9cc9788-038b-4850-b326-2219f67c636f","66099bed-0083-4944-833c-327efa6d8f48","END-0062","END-0062-01","Cortisol Baseline (0 min)","Numeric","µg/dL","1","TRUE","TRUE","Active","","","CONFIGURED"
"15caa2ff-ba93-44f4-9baf-75beb5c7af8e","66099bed-0083-4944-833c-327efa6d8f48","END-0062","END-0062-02","Cortisol 30 min Post-ACTH","Numeric","µg/dL","2","TRUE","TRUE","Active","","","CONFIGURED"
"779e3848-7c9e-4184-a25c-54fbb554f4b7","66099bed-0083-4944-833c-327efa6d8f48","END-0062","END-0062-03","Cortisol 60 min Post-ACTH","Numeric","µg/dL","3","TRUE","TRUE","Active","","","CONFIGURED"
"53d678e8-d502-4610-bc1f-fdb30d163297","250b86d6-3300-4bd8-ae81-d038ed116210","END-0063","END-0063-01","GH Baseline (0 min)","Numeric","ng/mL","1","TRUE","TRUE","Active","","","CONFIGURED"
"fdd8db9b-2349-4735-bef3-2e8287012db6","250b86d6-3300-4bd8-ae81-d038ed116210","END-0063","END-0063-02","GH 30 min","Numeric","ng/mL","2","TRUE","TRUE","Active","","","CONFIGURED"
"3d09e7fc-9ab1-47bb-844e-6e5b46c242f0","250b86d6-3300-4bd8-ae81-d038ed116210","END-0063","END-0063-03","GH 60 min","Numeric","ng/mL","3","TRUE","TRUE","Active","","","CONFIGURED"
"fc793b6c-e66c-4617-b4ab-2176237a99a0","250b86d6-3300-4bd8-ae81-d038ed116210","END-0063","END-0063-04","GH 90 min","Numeric","ng/mL","4","TRUE","TRUE","Active","","","CONFIGURED"
"d6bcd06a-be4e-43e3-aaeb-21bf3de5e715","250b86d6-3300-4bd8-ae81-d038ed116210","END-0063","END-0063-05","GH 120 min","Numeric","ng/mL","5","TRUE","TRUE","Active","","","CONFIGURED"
"6ee88183-e52d-4728-867e-a6c9e58f3996","3db3d775-b93a-4af5-a5f4-c127edf62f02","END-0064","END-0064-01","Stimulating Agent","Text","","1","FALSE","TRUE","Active","","","REFERENCE_PENDING"
"31bfbc4c-bd20-4b4d-b0c2-9794d825ec74","3db3d775-b93a-4af5-a5f4-c127edf62f02","END-0064","END-0064-02","GH Baseline (0 min)","Numeric","ng/mL","2","TRUE","TRUE","Active","","","CONFIGURED"
"ccc0451c-aa5c-4a2d-b016-8db445a88b9d","3db3d775-b93a-4af5-a5f4-c127edf62f02","END-0064","END-0064-03","GH 30 min","Numeric","ng/mL","3","TRUE","TRUE","Active","","","CONFIGURED"
"38e8b771-c427-4b85-ac2c-6d941c3bf7f2","3db3d775-b93a-4af5-a5f4-c127edf62f02","END-0064","END-0064-04","GH 60 min","Numeric","ng/mL","4","TRUE","TRUE","Active","","","CONFIGURED"
"38faf21c-78b4-4e6d-baf7-44b424a86a11","3db3d775-b93a-4af5-a5f4-c127edf62f02","END-0064","END-0064-05","GH 90 min","Numeric","ng/mL","5","TRUE","TRUE","Active","","","CONFIGURED"
"a0176f8c-5e26-4685-a332-d8e8cede4172","3db3d775-b93a-4af5-a5f4-c127edf62f02","END-0064","END-0064-06","GH 120 min","Numeric","ng/mL","6","TRUE","TRUE","Active","","","CONFIGURED"
"1e2c4618-1b73-4fc3-9a0a-3b08ceae6c88","e6a3fe2c-fe2a-40ef-9da9-13c3a2872eeb","END-0065","END-0065-01","Hourly Body Weight","Numeric","kg","1","TRUE","TRUE","Active","","","CONFIGURED"
"b9e88fb3-a168-456f-961a-a54e26d2d296","e6a3fe2c-fe2a-40ef-9da9-13c3a2872eeb","END-0065","END-0065-02","Plasma Osmolality","Numeric","mOsm/kg","2","TRUE","TRUE","Active","","","CONFIGURED"
"e0d3f8c5-d087-4859-b152-253255022d0e","e6a3fe2c-fe2a-40ef-9da9-13c3a2872eeb","END-0065","END-0065-03","Urine Osmolality","Numeric","mOsm/kg","3","TRUE","TRUE","Active","","","CONFIGURED"
"d7f6c572-b73a-445b-a3a9-5a8070c220c8","e6a3fe2c-fe2a-40ef-9da9-13c3a2872eeb","END-0065","END-0065-04","Serum Sodium","Numeric","mmol/L","4","TRUE","TRUE","Active","","","CONFIGURED"
"9d5f3423-f68f-4952-92f7-9cef6acab819","e6a3fe2c-fe2a-40ef-9da9-13c3a2872eeb","END-0065","END-0065-05","Post-Desmopressin Urine Osmolality","Numeric","mOsm/kg","5","TRUE","TRUE","Active","","","CONFIGURED"
"819814a3-630a-42a8-a181-569605706777","81ee02db-2d78-4bd5-af4e-85f632c6dcf9","END-0066","END-0066","Free T4 by Equilibrium Dialysis","Numeric","ng/dL","1","TRUE","TRUE","Active","","","CONFIGURED"
"165badc2-ec7d-4f84-8bed-526c77259056","5d9d7789-8ed4-48fe-b1bd-e9cd17545d11","END-0067","END-0067","Reverse T3","Numeric","ng/dL","1","TRUE","TRUE","Active","","","CONFIGURED"
"3daaecb3-7dd9-44f3-aac2-5d67efd9d702","53a88d8b-9568-4d5f-8680-6120e8d714b9","END-0068","END-0068","Thyroxine Binding Globulin","Numeric","µg/mL","1","TRUE","TRUE","Active","","","CONFIGURED"
"81e72409-f566-44eb-883e-1dc6b5cac4eb","cc407b27-84bc-419b-b97b-d3341a402772","END-0069","END-0069","IGF Binding Protein 1","Numeric","ng/mL","1","TRUE","TRUE","Active","","","CONFIGURED"
"5c16676e-f1a9-42c1-83e2-702e22a3ec65","206a4f9e-7b7a-43cb-bf45-b919fd7d6943","END-0070","END-0070","Free Cortisol, Serum","Numeric","µg/dL","1","TRUE","TRUE","Active","","","CONFIGURED"
"5f261852-8358-4a3a-9910-351c83ca8e0a","33104656-1c5e-487b-be78-51aae739ee14","END-0071","END-0071","Salivary Cortisol, Morning","Numeric","µg/dL","1","TRUE","TRUE","Active","","","CONFIGURED"
"2d17ce42-42a2-4784-ac2f-e6bacc38ec7a","7ac18f46-899c-42ce-8ef0-bb5d481554db","END-0072","END-0072","Salivary Cortisol, Midnight","Numeric","µg/dL","1","TRUE","TRUE","Active","","","CONFIGURED"
"eee6a5a4-3076-4cc5-aea0-9414a3f5be6a","7b633aec-7993-472f-8175-03856b484374","END-0073","END-0073","17-Hydroxypregnenolone","Numeric","ng/dL","1","TRUE","TRUE","Active","","","CONFIGURED"
"81b5f090-58c0-460d-8720-8ec708d6f1b6","19441e09-6927-4c5f-bcb0-7276f52b03b8","END-0074","END-0074","11-Deoxycortisol","Numeric","ng/dL","1","TRUE","TRUE","Active","","","CONFIGURED"
"23d4ac2b-0248-424c-935b-2252ce1e358d","32e018d1-be80-486b-a617-cebbba0d0991","END-0075","END-0075","Deoxycorticosterone","Numeric","ng/dL","1","TRUE","TRUE","Active","","","CONFIGURED"
"12b587b8-5e78-42f9-9ff3-b2b6e734432a","55c35a24-aff8-49f7-a884-f4694022fe60","END-0076","END-0076","Pregnenolone","Numeric","ng/dL","1","TRUE","TRUE","Active","","","CONFIGURED"
"3f7146fc-773c-4072-aa4f-cf2ab049ac8a","d551c36a-1f28-4c65-91ec-8623a972d1eb","END-0077","END-0077","Estrone (E1)","Numeric","pg/mL","1","TRUE","TRUE","Active","","","CONFIGURED"
"b1f1977b-4e2f-4e04-8b97-83c881177ef9","bcb269a5-af8e-4bdc-9b43-b48dfc22d32d","END-0078","END-0078","Estriol (E3)","Numeric","ng/mL","1","TRUE","TRUE","Active","","","CONFIGURED"
"7d1a1eba-5505-4e0d-b5db-6c6bde26889c","16d1d2ee-5d82-45af-af16-60e43bcd3354","END-0079","END-0079","Dihydrotestosterone","Numeric","ng/dL","1","TRUE","TRUE","Active","","","CONFIGURED"
"c3b34a3d-2c56-46c3-af97-1e0e06e425ed","0b0416ac-dcfa-46ac-ac1b-d440bf050bd3","END-0080","END-0080","Free Testosterone by Equilibrium Dialysis","Numeric","pg/mL","1","TRUE","TRUE","Active","","","CONFIGURED"
"ddbbd118-ae4e-441a-a8c9-1e0d8467251d","5ad3a6a6-d335-454d-8e10-fe319e6d40cc","END-0081","END-0081","Inhibin A","Numeric","pg/mL","1","TRUE","TRUE","Active","","","CONFIGURED"
"a710e0b8-0519-4555-8461-c648193335a6","da41bfa6-3277-4a6a-af23-3c8a3c058ac0","END-0082","END-0082","Anti-Mullerian Hormone - Pediatric","Numeric","ng/mL","1","TRUE","TRUE","Active","","","CONFIGURED"
"4cdbf852-ce70-4979-a613-a39f0da776ad","7e93e4df-a71c-4006-9707-3f403b1851db","END-0083","END-0083","Proinsulin","Numeric","pmol/L","1","TRUE","TRUE","Active","","","CONFIGURED"
"900dc9d9-4e1f-4e6e-8c89-bb6f51a518b1","6037d0a8-79a7-4615-b204-09534e7954ac","END-0084","END-0084","Glucagon","Numeric","pg/mL","1","TRUE","TRUE","Active","","","CONFIGURED"
"b539286b-cb82-4a0f-b336-514cf643fb35","1dde3a3e-4179-490e-a734-6d702d5d8739","END-0085","END-0085","Pancreatic Polypeptide","Numeric","pg/mL","1","TRUE","TRUE","Active","","","CONFIGURED"
"e4ca0625-0927-44e2-abb0-611222087b41","e87c363d-3b47-4089-af6b-1b559a9de613","GEN-0001","GEN-0001","Conventional Karyotyping - Peripheral Blood","Numeric","Descriptive","1","TRUE","TRUE","Active","","","CONFIGURED"
"7a21f50c-d20c-4221-a41c-f229294a8993","ffb15af5-06e8-456a-b33e-c3df3dc5b863","GEN-0002","GEN-0002","Conventional Karyotyping - Bone Marrow","Numeric","Descriptive","1","TRUE","TRUE","Active","","","CONFIGURED"
"69070cfc-66a4-48b4-be28-acb3a19a2643","8b6575e9-ac88-420f-907d-66bbb9951772","GEN-0003","GEN-0003","FISH - BCR/ABL1","Numeric","Descriptive","1","TRUE","TRUE","Active","","","CONFIGURED"
"21030928-dfb7-43d0-a06f-1df21851649c","6b7d4b5d-ec5b-406c-8bac-4e137df0bea6","GEN-0004","GEN-0004","FISH - PML/RARA","Numeric","Descriptive","1","TRUE","TRUE","Active","","","CONFIGURED"
"043ac191-0f2d-4668-925a-d675a5468141","f8d26658-d7f7-4c2a-8181-527aa1fc64a7","GEN-0005","GEN-0005","FISH - HER2","Numeric","Descriptive","1","TRUE","TRUE","Active","","","CONFIGURED"
"a6e2f2d4-5838-4a35-8bb5-4623f52ed363","713b5d84-d41d-4da0-8d43-087540ec2d15","GEN-0006","GEN-0006","FISH - ALK","Numeric","Descriptive","1","TRUE","TRUE","Active","","","CONFIGURED"
"59bdef0a-9835-45c8-ac59-6b8237834c09","78fdf86d-c8a1-4df8-92f3-054d86b6f3ac","GEN-0007","GEN-0007","FISH - ROS1","Numeric","Descriptive","1","TRUE","TRUE","Active","","","CONFIGURED"
"227882a1-32ac-45ce-9e5e-45b58dc1d0c7","560be109-7617-49ba-9972-0a2bcf09b015","GEN-0008","GEN-0008","FISH - 1p/19q Codeletion","Numeric","Descriptive","1","TRUE","TRUE","Active","","","CONFIGURED"
"f0091848-2c0d-4ac8-bbe8-8d44607aa3b7","e4207806-92aa-4114-aa9d-1fb9c073ad2f","GEN-0009","GEN-0009","FISH - MYC","Numeric","Descriptive","1","TRUE","TRUE","Active","","","CONFIGURED"
"eb209f05-5617-4254-b4d1-e2bd42fa0388","1011fefe-e7cc-4b64-b474-d586fc925756","GEN-0010","GEN-0010","FISH - BCL2","Numeric","Descriptive","1","TRUE","TRUE","Active","","","CONFIGURED"
"4a668f0a-30fe-438d-930f-d3ed840bb3ce","fdd511d3-63e0-44c7-b8c0-96988602629f","GEN-0011","GEN-0011","FISH - BCL6","Numeric","Descriptive","1","TRUE","TRUE","Active","","","CONFIGURED"
"6ae1bdc4-4be4-416f-a6c8-9466c3ffcf19","3266ecd2-20fa-45a0-a67c-9b91381e2bae","GEN-0012","GEN-0012","FISH - EWSR1","Numeric","Descriptive","1","TRUE","TRUE","Active","","","CONFIGURED"
"12388fc3-7029-4c91-b7bd-400de4e433ad","d270b8cd-db9c-4433-8218-b142149a852d","GEN-0013","GEN-0013","FISH - SS18","Numeric","Descriptive","1","TRUE","TRUE","Active","","","CONFIGURED"
"2a2abeb3-2349-4125-9ecb-b04dc1ab1a21","724f734e-ec26-490a-a382-bcb4db8a0309","GEN-0014","GEN-0014","FISH - MDM2","Numeric","Descriptive","1","TRUE","TRUE","Active","","","CONFIGURED"
"30eb86fd-fc79-451c-a309-3295d7d8bb33","6c11bf1b-677b-4bb5-9058-9d27dbc5a716","GEN-0015","GEN-0015","FISH - DDIT3","Numeric","Descriptive","1","TRUE","TRUE","Active","","","CONFIGURED"
"b4f964ef-b86d-4619-924e-23d5ad54ad81","fa82a475-0427-4838-8b1a-3cce9bfa7562","GEN-0016","GEN-0016","FISH - RET","Numeric","Descriptive","1","TRUE","TRUE","Active","","","CONFIGURED"
"c9bc17b0-721e-40b4-8108-b9c72384d5d1","2794a4b0-a319-43c5-a5f1-796e929c8921","GEN-0017","GEN-0017","FISH - NTRK","Numeric","Descriptive","1","TRUE","TRUE","Active","","","CONFIGURED"
"6ca1db6d-621d-4206-9769-d116afeb09f9","ff3907eb-d491-4197-8d6d-faad01b6a3c4","GEN-0018","GEN-0018","Chromosomal Microarray","Numeric","Descriptive","1","TRUE","TRUE","Active","","","CONFIGURED"
"f55f559f-3e5f-467f-9b4a-a387c7cee310","d6cd52cd-7202-4e5e-bdea-02e9bf70cb66","GEN-0019","GEN-0019","Whole Exome Sequencing","Numeric","Descriptive","1","TRUE","TRUE","Active","","","CONFIGURED"
"dc85cd92-55cf-4287-addf-262386c4299c","03bbd3e1-6b41-4a8e-abeb-2586856ebd7e","GEN-0020","GEN-0020","Targeted Clinical Exome","Numeric","Descriptive","1","TRUE","TRUE","Active","","","CONFIGURED"
"ddc818e6-0082-46a2-b876-ac3a3bfd6135","0272db08-e24d-4cac-9d89-8ec7ebf3b16d","GEN-0021","GEN-0021","Carrier Screening Panel","Numeric","Descriptive","1","TRUE","TRUE","Active","","","CONFIGURED"
"4373d7ad-b1f5-47c7-85ea-3a07778ab99d","42183971-7ba3-436e-a798-04320edd9731","GEN-0022","GEN-0022","Thalassemia Mutation Analysis","Numeric","Descriptive","1","TRUE","TRUE","Active","","","CONFIGURED"
"4d9bebb3-ca35-44e4-a58f-75fd92a38507","67be787d-68f4-428f-82e3-15141423a091","GEN-0023","GEN-0023","HFE Hemochromatosis Mutation","Numeric","Descriptive","1","TRUE","TRUE","Active","","","CONFIGURED"
"ae4d0d90-fe4a-47c6-80e9-76a978cf8f21","fa6d7b01-0583-42dd-8f3b-af20bb22c842","GEN-0024","GEN-0024","Factor V Leiden Mutation","Numeric","Descriptive","1","TRUE","TRUE","Active","","","CONFIGURED"
"db4e7a82-296d-4f0b-867d-f6bc871a541e","85c39d79-5703-4a9f-bae4-2c62fa43377e","GEN-0025","GEN-0025","Prothrombin G20210A Mutation","Numeric","Descriptive","1","TRUE","TRUE","Active","","","CONFIGURED"
"18598828-2f0f-4b4e-8d34-1aa076c01ed1","43b0104a-a9e2-40dc-8142-98291579cb64","GEN-0026","GEN-0026","MTHFR C677T/A1298C","Numeric","Descriptive","1","TRUE","TRUE","Active","","","CONFIGURED"
"bbc5cb53-839f-4367-9aba-4f46f89c6ad6","581aef7c-cf47-47c3-a4bf-6f55ed4e4791","GEN-0027","GEN-0027","HLA-B27 Genotyping","Numeric","Descriptive","1","TRUE","TRUE","Active","","","CONFIGURED"
"6c27e90d-1b08-4c27-8f88-23dde81c31e5","9a3be743-139d-409d-93a3-2261a4402bc0","GEN-0028","GEN-0028","HLA-B*57:01","Numeric","Descriptive","1","TRUE","TRUE","Active","","","CONFIGURED"
"2720d891-3fda-48c3-bde8-5d860033d447","aa0deb19-12d1-402e-a6eb-bd08cfb71a08","GEN-0029","GEN-0029","HLA-B*15:02","Numeric","Descriptive","1","TRUE","TRUE","Active","","","CONFIGURED"
"17c243c3-2e08-40fd-9eef-4e6129c67832","32b850c0-bd4c-4514-8743-d628060db7b3","GEN-0030","GEN-0030","HLA Typing Class I","Numeric","Descriptive","1","TRUE","TRUE","Active","","","CONFIGURED"
"7fde9455-7c8b-4ea1-9b42-aa4ff3dac468","a9ed42af-69de-4d94-a959-1e8bc9502aaf","GEN-0031","GEN-0031","HLA Typing Class II","Numeric","Descriptive","1","TRUE","TRUE","Active","","","CONFIGURED"
"c40bd40b-e2f2-4a68-be90-1c882482066c","5cf7ecbc-d378-488f-b4ae-f916b4dc2348","HEM-0001","WBC","White Blood Cell Count (TLC)","Numeric","10^9/L","1","TRUE","TRUE","Active","","","CONFIGURED"
"7b7b1a95-57f5-40ab-b364-a55e136a8051","5cf7ecbc-d378-488f-b4ae-f916b4dc2348","HEM-0001","LYM_ABS","Absolute Lymphocyte Count","Numeric","10^9/L","2","FALSE","TRUE","Active","","","CONFIGURED"
"28bc9174-a6dd-4bff-a6ec-2cb0b4727c3c","5cf7ecbc-d378-488f-b4ae-f916b4dc2348","HEM-0001","MID_ABS","Absolute Mid-cell (Monocytes/Eosinophils) Count","Numeric","10^9/L","3","FALSE","TRUE","Active","","","CONFIGURED"
"736c46df-bc06-49c8-bf3d-791b70c0b106","5cf7ecbc-d378-488f-b4ae-f916b4dc2348","HEM-0001","GRAN_ABS","Absolute Granulocyte (Neutrophil) Count","Numeric","10^9/L","4","FALSE","TRUE","Active","","","CONFIGURED"
"f4f3110e-3bc6-4b1b-afcc-cf809f6bc801","5cf7ecbc-d378-488f-b4ae-f916b4dc2348","HEM-0001","LYM_PERCENT","Lymphocyte Percentage","Numeric","%","5","FALSE","TRUE","Active","","","CONFIGURED"
"d14e36b8-3dfb-4575-907d-b1a97f4d7b64","5cf7ecbc-d378-488f-b4ae-f916b4dc2348","HEM-0001","MID_PERCENT","Mid-cell Percentage","Numeric","%","6","FALSE","TRUE","Active","","","CONFIGURED"
"15362d8e-3b9c-499a-8154-28b8b0791fa4","5cf7ecbc-d378-488f-b4ae-f916b4dc2348","HEM-0001","GRAN_PERCENT","Granulocyte Percentage","Numeric","%","7","FALSE","TRUE","Active","","","CONFIGURED"
"2bf19146-c964-46fc-bf19-d34543cbd0f8","5cf7ecbc-d378-488f-b4ae-f916b4dc2348","HEM-0001","NLR","Neutrophil-to-Lymphocyte Ratio","Numeric","Ratio","8","FALSE","TRUE","Active","","","CONFIGURED"
"dba4b3ed-c960-4a95-a506-5a2de5e1841f","5cf7ecbc-d378-488f-b4ae-f916b4dc2348","HEM-0001","PLR","Platelet-to-Lymphocyte Ratio","Numeric","Ratio","9","FALSE","TRUE","Active","","","CONFIGURED"
"dd575ef4-ca14-4de1-87a9-feeb70093099","5cf7ecbc-d378-488f-b4ae-f916b4dc2348","HEM-0001","RBC","Red Blood Cell Count","Numeric","10^12/L","10","TRUE","TRUE","Active","","","CONFIGURED"
"10e7f059-15c2-48d2-9e9d-762e2338bc4b","5cf7ecbc-d378-488f-b4ae-f916b4dc2348","HEM-0001","HGB","Hemoglobin Concentration","Numeric","g/dL","11","TRUE","TRUE","Active","","","CONFIGURED"
"bc8e147a-a9bc-4139-be1c-d6a4b7546cb9","5cf7ecbc-d378-488f-b4ae-f916b4dc2348","HEM-0001","HCT","Hematocrit (Packed Cell Volume - PCV)","Numeric","%","12","TRUE","TRUE","Active","","","CONFIGURED"
"eba025c0-5701-4d0e-82c2-c88848a97e47","5cf7ecbc-d378-488f-b4ae-f916b4dc2348","HEM-0001","MCV","Mean Corpuscular Volume","Numeric","fL","13","TRUE","TRUE","Active","","","CONFIGURED"
"6ed0b758-a5e2-4117-b642-9febea778826","5cf7ecbc-d378-488f-b4ae-f916b4dc2348","HEM-0001","MCH","Mean Corpuscular Hemoglobin","Numeric","pg","14","TRUE","TRUE","Active","","","CONFIGURED"
"f0897fbf-dfff-4eec-b6ea-f65b5e352b25","5cf7ecbc-d378-488f-b4ae-f916b4dc2348","HEM-0001","MCHC","Mean Corpuscular Hemoglobin Concentration","Numeric","g/dL","15","TRUE","TRUE","Active","","","CONFIGURED"
"80bd6ae3-daed-4a53-a47d-1cbf17e020d9","5cf7ecbc-d378-488f-b4ae-f916b4dc2348","HEM-0001","RDW_CV","Red Cell Distribution Width - Coeff. of Variation","Numeric","%","16","FALSE","TRUE","Active","","","CONFIGURED"
"d9abe328-c230-42a9-b7bf-5e33d68a760e","5cf7ecbc-d378-488f-b4ae-f916b4dc2348","HEM-0001","RDW_SD","Red Cell Distribution Width - Standard Deviation","Numeric","fL","17","FALSE","TRUE","Active","","","CONFIGURED"
"f6664c54-7c7b-4506-ac74-687fde8a912b","5cf7ecbc-d378-488f-b4ae-f916b4dc2348","HEM-0001","PLT","Platelet Count","Numeric","10^9/L","18","TRUE","TRUE","Active","","","CONFIGURED"
"50cff77e-f05c-452a-9aed-99113dd6260e","5cf7ecbc-d378-488f-b4ae-f916b4dc2348","HEM-0001","MPV","Mean Platelet Volume","Numeric","fL","19","FALSE","TRUE","Active","","","CONFIGURED"
"6e3bc626-0995-4ce1-9061-5ee69a073664","5cf7ecbc-d378-488f-b4ae-f916b4dc2348","HEM-0001","PDW_CV","Platelet Distribution Width - CV","Numeric","%","20","FALSE","TRUE","Active","","","CONFIGURED"
"654434da-bff2-408b-babd-06ba8ae88794","5cf7ecbc-d378-488f-b4ae-f916b4dc2348","HEM-0001","PDW_SD","Platelet Distribution Width - SD","Numeric","fL","21","FALSE","TRUE","Active","","","CONFIGURED"
"de51249d-f14d-4304-bc16-5524e32f1800","5cf7ecbc-d378-488f-b4ae-f916b4dc2348","HEM-0001","PCT","Plateletcrit","Numeric","%","22","FALSE","TRUE","Active","","","CONFIGURED"
"b20332ff-015b-475b-b59f-1e9a224c5139","5cf7ecbc-d378-488f-b4ae-f916b4dc2348","HEM-0001","P_LCC","Platelet Large Cell Count","Numeric","10^9/L","23","FALSE","TRUE","Active","","","CONFIGURED"
"68126f07-8041-49cb-ac0f-914a465a81af","5cf7ecbc-d378-488f-b4ae-f916b4dc2348","HEM-0001","P_LCR","Platelet Large Cell Ratio","Numeric","%","24","FALSE","TRUE","Active","","","CONFIGURED"
"476a99a5-63c7-48e6-91c0-c3c8a66f6d7e","6ffc6f64-53dd-4244-88b0-a11842efd705","HEM-0002","HEM-0002","Hemoglobin (Hb)","Numeric","g/dL","1","TRUE","TRUE","Active","","","CONFIGURED"
"85d5c64e-3e0f-49f5-b125-ac9fd388631d","1d701fb0-84e0-46bb-aa46-f67510c3059b","HEM-0003","HEM-0003","Hematocrit (HCT/PCV)","Numeric","%","1","TRUE","TRUE","Active","","","CONFIGURED"
"3a215733-6e4f-436c-96a7-fe1cc5d6b4aa","be9c96cb-0ba2-40d8-ba8f-753e9b976576","HEM-0004","HEM-0004","RBC Count","Numeric","10^6/µL","1","TRUE","TRUE","Active","","","CONFIGURED"
"413fdab5-e089-4740-a286-bf6e6b1e876f","c2973de0-99d9-4735-ae8a-5ccb860f3fb1","HEM-0005","HEM-0005","WBC Count / TLC","Numeric","10^3/µL","1","TRUE","TRUE","Active","","","CONFIGURED"
"a8f9538b-a5b5-4a97-ad80-39140559cc1d","9ee25d34-baa5-4ec8-a67d-93f2670aabea","HEM-0006","HEM-0006","Platelet Count","Numeric","10^3/µL","1","TRUE","TRUE","Active","","","CONFIGURED"
"fdd1f296-d25b-4ee9-8345-c695846aa1b5","5fc1fd8f-b497-4b23-a5a0-90eda78cf129","HEM-0007","HEM-0007","MCV","Numeric","fL","1","TRUE","TRUE","Active","","","CONFIGURED"
"8032d3d8-c801-46ac-993a-59121d3c62d4","3e2ab27a-d4e3-4c4e-ac01-9f7c7806247f","HEM-0008","HEM-0008","MCH","Numeric","pg","1","TRUE","TRUE","Active","","","CONFIGURED"
"13b8ce6c-904f-4d0e-a0f6-7fc17c939988","4c2e89d0-d879-477b-b7f5-8414363c71bd","HEM-0009","HEM-0009","MCHC","Numeric","g/dL","1","TRUE","TRUE","Active","","","CONFIGURED"
"ade1df2f-f89e-4a06-bede-7334db5339c8","06edbf11-50a4-41b6-9d90-795f7560c7ac","HEM-0010","HEM-0010","RDW-CV","Numeric","%","1","TRUE","TRUE","Active","","","CONFIGURED"
"30cd0b9f-a3e8-412c-9955-f7d3fe14c3c1","11449343-bcac-42c7-87e0-28c5f0c8d713","HEM-0011","HEM-0011","RDW-SD","Numeric","fL","1","TRUE","TRUE","Active","","","CONFIGURED"
"09c7dc50-1e34-4d53-9551-0432e7ac1e36","3c14285a-2191-45a4-94ee-41a9d1f0337d","HEM-0012","HEM-0012","MPV","Numeric","fL","1","TRUE","TRUE","Active","","","CONFIGURED"
"6daf9c15-11fc-411d-8f9a-018c7e0d8a44","21ee192e-91d3-48f1-bbd8-ec47bdce2813","HEM-0013","HEM-0013","PDW","Numeric","fL","1","TRUE","TRUE","Active","","","CONFIGURED"
"f2d2a7ef-d171-4c7c-b9bc-aa4078174e10","afaf5fe5-9aa1-49d6-9706-eb42fe1c538c","HEM-0014","HEM-0014","PCT (Plateletcrit)","Numeric","%","1","TRUE","TRUE","Active","","","CONFIGURED"
"4aefcf1d-839f-47da-ac06-6056fc1b2db9","6af3aa48-99bd-4a59-aa1b-bd5a6805e7c6","HEM-0015","HEM-0015","Neutrophil %","Numeric","%","1","TRUE","TRUE","Active","","","CONFIGURED"
"444d8f11-eec0-416f-a0eb-516ba2c66752","ead47445-beff-472b-a9d8-0f702b9f5828","HEM-0016","HEM-0016","Lymphocyte %","Numeric","%","1","TRUE","TRUE","Active","","","CONFIGURED"
"e8db69ec-a91b-4fa3-8d4a-3badd9be2bc6","3c1d919c-f960-450e-89f6-6d1e2b8f9dcf","HEM-0017","HEM-0017","Monocyte %","Numeric","%","1","TRUE","TRUE","Active","","","CONFIGURED"
"c86dab8a-5ef0-42cd-adc4-3f58efc0cb33","df5da3a1-31b5-453d-aa06-319496fc18b3","HEM-0018","HEM-0018","Eosinophil %","Numeric","%","1","TRUE","TRUE","Active","","","CONFIGURED"
"7c16d120-e0d4-44f9-8e8b-70329a861282","b9fc90fe-5913-4fa1-a3e1-33c807bb95b1","HEM-0019","HEM-0019","Basophil %","Numeric","%","1","TRUE","TRUE","Active","","","CONFIGURED"
"2e788d91-0a24-4661-bf01-fd424a20bfc6","b2d170ca-a78d-4fce-a0c5-ce7233a77801","HEM-0020","HEM-0020","Absolute Neutrophil Count","Numeric","10^3/µL","1","TRUE","TRUE","Active","","","CONFIGURED"
"a6ea88d3-8800-4b45-bfe5-acac1a808eb1","49086d90-176c-4129-a3f0-c2fbf64755d7","HEM-0021","HEM-0021","Absolute Lymphocyte Count","Numeric","10^3/µL","1","TRUE","TRUE","Active","","","CONFIGURED"
"8fc93076-3e31-4160-8ac4-3c9b562e887e","80d00995-249f-4f0b-9da3-039acfbd8062","HEM-0022","HEM-0022","Absolute Eosinophil Count","Numeric","cells/µL","1","TRUE","TRUE","Active","","","CONFIGURED"
"98c632bf-8392-4168-8fad-e65e2015b4ee","839a1fd6-c7f9-4c8e-aceb-d6f1f287b0e7","HEM-0023","HEM-0023","Reticulocyte Count","Numeric","%","1","TRUE","TRUE","Active","","","CONFIGURED"
"48cc5b66-9e25-4b03-81f9-86225e8a80d3","69bbf231-5e45-4df0-8365-66a9b35c28c9","HEM-0024","HEM-0024","Absolute Reticulocyte Count","Numeric","10^9/L","1","TRUE","TRUE","Active","","","CONFIGURED"
"8a99c161-ed1b-48f0-9896-c6692434614e","b3151567-8f89-4b94-a947-affac6b74b62","HEM-0025","HEM-0025","Immature Reticulocyte Fraction","Numeric","%","1","TRUE","TRUE","Active","","","CONFIGURED"
"1b872a15-a8af-4ad7-b6e4-3ad82f874634","7ddb5c00-fb59-4cd7-8e1f-466ad376e41d","HEM-0026","HEM-0026","Peripheral Blood Smear","Text","Descriptive","1","TRUE","TRUE","Active","","","CONFIGURED"
"ab29b78b-e92c-4e0b-accc-998338126c33","d68bcb16-6c68-47f3-82d8-68708a339b0b","HEM-0027","HEM-0027","ESR (Westergren)","Numeric","mm/1st hr","1","TRUE","TRUE","Active","","","CONFIGURED"
"6cb8826f-aeb5-47f0-a6d1-f0d1af39e332","5ccafaec-cd92-4d15-8932-49169f015a92","HEM-0028","HEM-0028","Malarial Parasite Smear","Numeric","Descriptive","1","TRUE","TRUE","Active","","","CONFIGURED"
"353d8dee-944b-4a36-a547-2565e637b73a","87b9e7c8-8296-4ea9-b66f-6c576c4dfd28","HEM-0029","HEM-0029","Sickling Test","Numeric","Qualitative","1","TRUE","TRUE","Active","","","CONFIGURED"
"8a7fb12d-9ced-4528-8085-a7e8a5888800","dfbf8817-bfa5-4bfd-9b78-68dc8228fb5e","HEM-0030","HEM-0030","Osmotic Fragility Test","Numeric","% hemolysis","1","TRUE","TRUE","Active","","","CONFIGURED"
"7efa0401-cbf8-4f42-9dd6-8423dd093ef3","38ccd952-8cd8-4661-bb68-217746759f09","HEM-0031","HEM-0031","G6PD Screen","Numeric","U/g Hb","1","TRUE","TRUE","Active","","","CONFIGURED"
"c826627c-703f-46cb-954c-db68daa277c6","052e714e-0162-4acb-965f-72d7d60dba7a","HEM-0032","HEM-0032","G6PD Quantitative","Numeric","U/g Hb","1","TRUE","TRUE","Active","","","CONFIGURED"
"33442636-7d0b-4678-aff9-b9282e71d995","a804f8b9-57ee-4c8e-af4e-6b778f58bc29","HEM-0033","HEM-0033","Hb Electrophoresis","Numeric","%","1","TRUE","TRUE","Active","","","CONFIGURED"
"c6d523c7-9599-47ef-b184-844f0066c07b","993ad7f1-639b-4ade-a374-7e417e3f375a","HEM-0034","HEM-0034","HbA2","Numeric","%","1","TRUE","TRUE","Active","","","CONFIGURED"
"290e6ae1-1204-4700-ae7b-72fc6f4ee0af","d07db999-1ae1-46bd-8bb9-b638b1f2d467","HEM-0035","HEM-0035","HbF","Numeric","%","1","TRUE","TRUE","Active","","","CONFIGURED"
"8f6f5e2a-7f40-4ba1-9ff0-8b57d4befbdd","08139545-a082-4620-bd1f-deead1b6a24b","HEM-0036","HEM-0036","Heinz Bodies","Numeric","Qualitative","1","TRUE","TRUE","Active","","","CONFIGURED"
"94b1d354-731b-4413-9b0d-e81052cb68e2","b9c27c5c-534d-49df-9e62-3550fb39f527","HEM-0037","HEM-0037","Bone Marrow Aspiration Examination","Numeric","Descriptive","1","TRUE","TRUE","Active","","","CONFIGURED"
"4037b26a-47ae-40ae-b30a-14cce97eafc7","b9e46c43-acc9-4b82-887d-a68946b2e872","HEM-0038","HEM-0038","Bone Marrow Biopsy Examination","Numeric","Descriptive","1","TRUE","TRUE","Active","","","CONFIGURED"
"6f892968-6329-4ec1-a0f1-3fd86e7c5630","5cd0aeed-cd3e-438f-a303-ad4f60ef30e1","HEM-0039","HEM-0039","Manual Differential Count","Numeric","Configure","1","TRUE","TRUE","Active","","","CONFIGURED"
"f924540f-5262-4e0d-9136-eee9286cbf01","341d7052-b1ef-4ec4-8718-768aa4fe6e7d","HEM-0040","HEM-0040","Nucleated RBC Count","Numeric","Configure","1","TRUE","TRUE","Active","","","CONFIGURED"
"6f153fd0-8a16-48c0-b47d-3388ce38df15","c2002bcd-4fcd-4b63-bcbf-f4314b681302","HEM-0041","HEM-0041","Immature Granulocyte Count","Numeric","Configure","1","TRUE","TRUE","Active","","","CONFIGURED"
"17cb4cce-1eaf-489f-9bd2-91cafa779c84","75bde57a-ec7d-41b9-ab63-d656b327e43b","HEM-0042","HEM-0042","Immature Granulocyte %","Numeric","Configure","1","TRUE","TRUE","Active","","","CONFIGURED"
"e7519487-620a-4e07-9f13-e20dc91e87f6","be388665-774f-4932-a2c4-270c5424e057","HEM-0043","HEM-0043","Large Unstained Cells","Numeric","Configure","1","TRUE","TRUE","Active","","","CONFIGURED"
"68d220b0-846f-462a-ae76-03b17a6e3e87","2cccf73a-dcc1-45e8-8205-f6a0bb2aa5f9","HEM-0044","HEM-0044","Platelet Estimate on Smear","Numeric","Configure","1","TRUE","TRUE","Active","","","CONFIGURED"
"1f73fd2e-a7f4-4c9e-90a2-bac125cffdca","e0393bc4-f113-44b4-ad73-cdbdf851908d","HEM-0045","HEM-0045","RBC Morphology Review","Numeric","Configure","1","TRUE","TRUE","Active","","","CONFIGURED"
"974f8fee-2fea-46a0-8f62-fae554f18eed","a72312d3-dd23-48a4-86cd-d845ba544d40","HEM-0046","HEM-0046","WBC Morphology Review","Numeric","Configure","1","TRUE","TRUE","Active","","","CONFIGURED"
"c4f7bffa-0563-4f09-827e-a6abd54e43a1","2127b1ba-fc45-4b5a-b08a-fbc7e5792ab7","HEM-0047","HEM-0047","Platelet Morphology Review","Numeric","Configure","1","TRUE","TRUE","Active","","","CONFIGURED"
"43965dde-8797-4c06-bc02-d94788b1114e","af7a6094-f18f-4b10-a8e0-4a1e7364275d","HEM-0048","HEM-0048","Microfilaria Detection in Blood","Numeric","Configure","1","TRUE","TRUE","Active","","","CONFIGURED"
"fede5f7d-84c7-4389-8301-ae61a972f07c","c82dc4f8-ae3c-41d1-af40-352b903d01a6","HEM-0049","HEM-0049","Blood Parasite Examination","Numeric","Configure","1","TRUE","TRUE","Active","","","CONFIGURED"
"e87ffae5-340e-49e6-bef1-37d28c1a37a9","81fae218-9dfe-413b-89a9-4bb11a99bbdf","HEM-0050","HEM-0050","Hemoglobin H Inclusion Body Test","Numeric","Configure","1","TRUE","TRUE","Active","","","CONFIGURED"
"fc15be5a-3484-4dcc-a19b-0809064e8467","77618c7e-d844-4a47-bdcd-6b553262101d","HEM-0051","HEM-0051","Kleihauer-Betke Test","Numeric","Configure","1","TRUE","TRUE","Active","","","CONFIGURED"
"83aff9e5-ec71-4c85-aab8-324ac3fb1395","e3c345b7-6d4d-4f27-8870-57d570d66153","HEM-0052","HEM-0052","Fetal Hemoglobin Screen","Numeric","Configure","1","TRUE","TRUE","Active","","","CONFIGURED"
"5652d186-ad23-471d-b809-04416c313a32","76ded7be-c657-4d74-b46f-6af161a2c7aa","HEM-0053","HEM-0053","Cold Agglutinin Titer","Numeric","Configure","1","TRUE","TRUE","Active","","","CONFIGURED"
"d042d0bb-6c34-428b-b3d5-46f42e54ff55","5ad915bf-705f-4d1c-a94c-ca9d56910a45","HEM-0054","HEM-0054","Direct Antiglobulin Test (DAT/Direct Coombs)","Numeric","Configure","1","TRUE","TRUE","Active","","","CONFIGURED"
"9dbebe9b-8e2c-4142-8d77-c241fe729943","07c71a6a-4707-4339-bdb5-ea033d414cdc","HEM-0055","HEM-0055","Indirect Antiglobulin Test (IAT/Indirect Coombs)","Numeric","Configure","1","TRUE","TRUE","Active","","","CONFIGURED"
"ad9065c5-db1a-4f96-92df-0e81f05e28d2","cac1f4d8-7fef-4827-b9ff-8591b6348655","HEM-0056","HEM-0056","Blood Group ABO","Numeric","Configure","1","TRUE","TRUE","Active","","","CONFIGURED"
"34857cd4-d51f-406c-af47-e2e25c18932c","bf3c606d-0ade-41da-b503-5c70d7ed2014","HEM-0057","HEM-0057","Rh(D) Typing","Numeric","Configure","1","TRUE","TRUE","Active","","","CONFIGURED"
"aaf196d2-08a7-4f40-843f-337f0dd9037a","1edfe52d-6cce-4793-ad0e-4e8ed16ee2b3","HEM-0058","HEM-0058","ABO & Rh Typing","Numeric","Configure","1","TRUE","TRUE","Active","","","CONFIGURED"
"76301d56-5050-4390-b6b8-b09e9def367a","14bd2b42-c10d-4561-a731-50cdeeb38cd5","HEM-0059","HEM-0059","Antibody Screen","Numeric","Configure","1","TRUE","TRUE","Active","","","CONFIGURED"
"918d6cae-40fd-4e60-a2b4-4e217e186dc6","06d6cfe4-af0f-49b1-b385-67c75d284f3d","HEM-0060","HEM-0060","Antibody Identification Panel","Numeric","Configure","1","TRUE","TRUE","Active","","","CONFIGURED"
"ce439e8b-17fc-47a7-9ba9-f5873d31b94e","ee02b1c8-4dc2-4ee6-a8ee-2f850863ae60","HEM-0061","HEM-0061","Crossmatch (Major)","Numeric","Configure","1","TRUE","TRUE","Active","","","CONFIGURED"
"d61cf920-a91d-4236-a57d-4c99c0884a02","ba56d522-b063-4cd1-982d-390f0255ff02","HEM-0062","HEM-0062","Crossmatch (Minor)","Numeric","Configure","1","TRUE","TRUE","Active","","","CONFIGURED"
"3a924483-7dc7-42a5-ba4d-0a61a2d48f80","e9f3582c-4ae7-4d67-b636-8ed682835182","HEM-0063","HEM-0063","Red Cell Phenotyping","Numeric","Configure","1","TRUE","TRUE","Active","","","CONFIGURED"
"551f1998-9def-4fcf-9e85-993cc5651ebd","562a3268-30a5-44dc-9661-c0f1e239f115","HEM-0064","HEM-0064","Weak D Test","Numeric","Configure","1","TRUE","TRUE","Active","","","CONFIGURED"
"16b5230a-e251-42ba-b8d8-7884813c1f17","5cf9b3be-d268-44b9-9be0-246be7438a4c","HEM-0065","HEM-0065","Rh Antibody Titer","Numeric","Configure","1","TRUE","TRUE","Active","","","CONFIGURED"
"c8ed370d-77ae-409e-b275-b85105ed77c5","cd22647a-affd-4c83-9408-ff7c92511055","HEM-0066","HEM-0066","Isohemagglutinin Titer","Numeric","Configure","1","TRUE","TRUE","Active","","","CONFIGURED"
"901361f2-2f52-41e7-90c8-46702fb8069d","b39bdc02-7531-4e92-86ad-f231a83bccd9","HEM-0067","HEM-0067","Donor Hemoglobin","Numeric","Configure","1","TRUE","TRUE","Active","","","CONFIGURED"
"e49a9f79-3d68-46a9-823d-da6b41ed1272","82152f09-e6da-4b35-b10d-ebbb4980bb7d","HEM-0068","HEM-0068","Donor CBC","Numeric","Configure","1","TRUE","TRUE","Active","","","CONFIGURED"
"55b82d06-8836-48f5-845a-4e8bcbeec62b","f2c1b153-a2ea-4ca9-81f6-45d6c6acb16b","HEM-0069","HEM-0069","Platelet Count Post Transfusion","Numeric","Configure","1","TRUE","TRUE","Active","","","CONFIGURED"
"40521ad0-f35f-4f9c-84e8-62bdc3834a01","a2de3715-6bb3-42c6-9f2f-fc3dbf7bca56","HEM-0070","HEM-0070","Acute Leukemia Screening Panel","Numeric","Descriptive","1","TRUE","TRUE","Active","","","CONFIGURED"
"ef9b70bf-5760-47c4-b91d-512b16911d33","ac8fe9ed-524a-4034-aa8a-8df7d4416b26","HEM-0071","HEM-0071","AML Flow Cytometry Panel","Numeric","Descriptive","1","TRUE","TRUE","Active","","","CONFIGURED"
"4ee11962-6345-45f8-8c68-24f66beaa18c","8811c79f-d229-46ed-9c22-53797f3d0f22","HEM-0072","HEM-0072","B-ALL Flow Cytometry Panel","Numeric","Descriptive","1","TRUE","TRUE","Active","","","CONFIGURED"
"ea55816d-c397-4d65-9aa6-5ae40df2b7a1","f59dd2f0-b908-40cd-a45a-539290bae1c4","HEM-0073","HEM-0073","T-ALL Flow Cytometry Panel","Numeric","Descriptive","1","TRUE","TRUE","Active","","","CONFIGURED"
"db8735ed-f8d1-4443-990a-2ed2b866962a","7298bb98-5c26-4bdf-af8f-9214b6507873","HEM-0074","HEM-0074","CLL Flow Cytometry Panel","Numeric","Descriptive","1","TRUE","TRUE","Active","","","CONFIGURED"
"807d4b54-324f-48bf-af6a-b053cacff25c","452e978f-bf8e-4721-8864-6a5e1cb72546","HEM-0075","HEM-0075","Lymphoma Flow Cytometry Panel","Numeric","Descriptive","1","TRUE","TRUE","Active","","","CONFIGURED"
"5ec1fe60-f0ab-42a2-b243-1ea37d874ee5","d52f9105-9c5e-4dfb-a888-2059f0c07f04","HEM-0076","HEM-0076","Plasma Cell Myeloma Flow Panel","Numeric","Descriptive","1","TRUE","TRUE","Active","","","CONFIGURED"
"29767f81-3489-4af5-9f01-cdeaf9052fcd","0863a96e-156c-4d6d-83bc-0e21ff329cdd","HEM-0077","HEM-0077","PNH Flow Cytometry Panel","Numeric","Descriptive","1","TRUE","TRUE","Active","","","CONFIGURED"
"b2be426a-ddf4-4bfa-90ac-f9c44fe2b620","3cb1f326-b9b8-4459-a61d-e0e4b75a6ede","HEM-0078","HEM-0078","CD4 Count","Numeric","Descriptive","1","TRUE","TRUE","Active","","","CONFIGURED"
"69e0b919-2c53-40f3-bb26-560adc2f51c2","3a5a4afb-1ba0-455e-b6db-2825ddbe2e9d","HEM-0079","HEM-0079","CD8 Count","Numeric","Descriptive","1","TRUE","TRUE","Active","","","CONFIGURED"
"7af6a0c3-18e8-4d1f-8a1d-87852da156b2","93ac1726-105c-4f50-861a-bed82fddef91","HEM-0080","HEM-0080","CD4/CD8 Ratio","Numeric","Descriptive","1","TRUE","TRUE","Active","","","CONFIGURED"
"d7913893-7ea7-4a99-8212-03da1fc5727a","e8ad445a-00b6-4065-81b7-5e9c841cd25f","HEM-0081","HEM-0081","CD3 Count","Numeric","Descriptive","1","TRUE","TRUE","Active","","","CONFIGURED"
"3c9215a9-2710-4b62-9abe-9203f06f49ee","70fbaf00-7597-4523-9f1a-9e46b8a8cf73","HEM-0082","HEM-0082","CD19 Count","Numeric","Descriptive","1","TRUE","TRUE","Active","","","CONFIGURED"
"f52704c9-7cff-4881-a5e4-32f6bff9bad6","73c14248-acd7-4810-a8cc-cd0d4bf18572","HEM-0083","HEM-0083","CD20 Count","Numeric","Descriptive","1","TRUE","TRUE","Active","","","CONFIGURED"
"62d9e61d-7808-41af-973f-bff73dc8b520","9fbd1bad-1bc3-46d3-8e3a-58aa604e1695","HEM-0084","HEM-0084","CD16/56 NK Cell Count","Numeric","Descriptive","1","TRUE","TRUE","Active","","","CONFIGURED"
"d8e27e93-cfad-4841-8c80-46168a01f303","08bcdbee-f524-42fb-954e-d3fca7ec1e92","HEM-0085","HEM-0085","CD34 Stem Cell Count","Numeric","Descriptive","1","TRUE","TRUE","Active","","","CONFIGURED"
"3d772d4e-72ca-40a7-a04e-12c48c032f44","f7339f49-0ddd-4a1c-920f-b0e0bca10e39","HEM-0086","HEM-0086","Reticulocyte Flow Cytometry","Numeric","Descriptive","1","TRUE","TRUE","Active","","","CONFIGURED"
"3a8385ef-8b5f-4744-8fbb-187f3990760d","1772e89b-8b8b-4987-8568-278d7c476d21","HEM-0087","HEM-0087","Platelet Glycoprotein Analysis","Numeric","Descriptive","1","TRUE","TRUE","Active","","","CONFIGURED"
"35e9aae1-de76-4a53-8d1b-e989c0396cba","2dbfd2bf-f474-46ad-ac5f-1aa04b3504c3","HEM-0088","HEM-0088","HLA-B27 by Flow Cytometry","Numeric","Descriptive","1","TRUE","TRUE","Active","","","CONFIGURED"
"f68a1010-ace2-4be4-94b5-7f1f83849525","ab1926b7-4830-4ff5-8cd9-7d7f84c6ce8a","HEM-0089","HEM-0089","Minimal Residual Disease - B-ALL","Numeric","Descriptive","1","TRUE","TRUE","Active","","","CONFIGURED"
"418900e4-06af-45d6-b3a8-48607affe7d0","732f486f-df33-44e6-9da8-25b73aa0891c","HEM-0090","HEM-0090","Minimal Residual Disease - T-ALL","Numeric","Descriptive","1","TRUE","TRUE","Active","","","CONFIGURED"
"19149b33-7a97-4f0f-ba5d-84ee9868b3f3","9d8ecb9c-90e3-4a3f-93bb-bfca94963348","HEM-0091","HEM-0091","Minimal Residual Disease - AML","Numeric","Descriptive","1","TRUE","TRUE","Active","","","CONFIGURED"
"97ac62dd-3b20-461a-a715-7117807c8625","6d039c6c-a903-41f2-95a5-c561b44094f8","HEM-0092","HEM-0092","Minimal Residual Disease - Multiple Myeloma","Numeric","Descriptive","1","TRUE","TRUE","Active","","","CONFIGURED"
"3d135e93-9d8f-44e0-bf15-0cc04ba57fa0","c5d23d8b-9a94-400f-b544-18653fa98379","HEM-0093","HEM-0093","Fetal RBC Detection by Flow Cytometry","Numeric","Descriptive","1","TRUE","TRUE","Active","","","CONFIGURED"
"8c2edc79-4a37-4866-8795-cd98973e6bca","dbe29722-48d6-4d68-8ecd-cb5cd5a2ccf1","HIS-0001","HIS-0001","Small Biopsy Histopathology","Numeric","Descriptive","1","TRUE","TRUE","Active","","","CONFIGURED"
"e80ce802-5f99-4d35-9af2-f34b97800906","248137c7-813f-4d6c-b792-2fb808de0ecc","HIS-0002","HIS-0002","Medium Biopsy Histopathology","Numeric","Descriptive","1","TRUE","TRUE","Active","","","CONFIGURED"
"ea58e628-5f94-4503-9f9f-e4b88952dc88","a5f529ba-5c50-4d86-ada7-5be7129ae7ae","HIS-0003","HIS-0003","Large Specimen Histopathology","Numeric","Descriptive","1","TRUE","TRUE","Active","","","CONFIGURED"
"cb1fb68f-95d4-4eb1-9cc3-dd4753dfc7aa","13572370-70ef-41f5-8664-e352bcc9e843","HIS-0004","HIS-0004","GI Endoscopic Biopsy","Numeric","Descriptive","1","TRUE","TRUE","Active","","","CONFIGURED"
"52b8915a-1b2f-4709-b3cb-c68b608aba92","fecdbcf9-bcda-4c8a-b431-dd7beb957443","HIS-0005","HIS-0005","Skin Biopsy","Numeric","Descriptive","1","TRUE","TRUE","Active","","","CONFIGURED"
"330f8e82-e34c-4420-869c-b0a00644cc49","546347a3-7352-437d-81b8-2c8785b8c4a5","HIS-0006","HIS-0006","Lymph Node Biopsy","Numeric","Descriptive","1","TRUE","TRUE","Active","","","CONFIGURED"
"51c687dc-a85d-4308-8952-18c8ac3a93d3","c627239e-95df-480f-b727-e9bf53fcba16","HIS-0007","HIS-0007","Breast Core Biopsy","Numeric","Descriptive","1","TRUE","TRUE","Active","","","CONFIGURED"
"7ab679a8-339a-4aef-beaf-e359155dc073","4e3f0057-b281-4271-99c8-95feba1f230e","HIS-0008","HIS-0008","Prostate Core Biopsy","Numeric","Descriptive","1","TRUE","TRUE","Active","","","CONFIGURED"
"42223e49-942d-4f90-99b8-9ea29b510354","72994189-fc9b-409e-ac5a-1cf1bf49d5ab","HIS-0009","HIS-0009","Cervical Biopsy","Numeric","Descriptive","1","TRUE","TRUE","Active","","","CONFIGURED"
"272e9a84-1d64-4f17-b695-4521533b5bd6","06212efa-2e5a-4379-98b7-dd41bb8c261c","HIS-0010","HIS-0010","Endometrial Biopsy","Numeric","Descriptive","1","TRUE","TRUE","Active","","","CONFIGURED"
"55f48ade-4079-4fa1-aa7f-6952c5b37e55","0d9f8d2e-da5b-46f3-94c6-a69ac93d420e","HIS-0011","HIS-0011","Bone Biopsy","Numeric","Descriptive","1","TRUE","TRUE","Active","","","CONFIGURED"
"5f027dd9-99fa-4970-967f-dc38aa2af55e","8a32064b-6da5-4428-aadb-ad922c7d3e4d","HIS-0012","HIS-0012","Liver Biopsy","Numeric","Descriptive","1","TRUE","TRUE","Active","","","CONFIGURED"
"472511c0-a0db-44d6-9f3f-cf645000a2bf","e0a80a01-2bd4-4836-975e-e90ccebba702","HIS-0013","HIS-0013","Kidney Biopsy","Numeric","Descriptive","1","TRUE","TRUE","Active","","","CONFIGURED"
"86b4aa2e-6bd4-4a28-b8e2-c84f81e1475e","fd0f9adb-a3c8-4e58-93c0-76c0a51b1c9b","HIS-0014","HIS-0014","Lung Biopsy","Numeric","Descriptive","1","TRUE","TRUE","Active","","","CONFIGURED"
"3af4ec01-7c98-464b-b529-62830f993a8a","3729d3f8-9c50-4fae-b40a-635d34f43822","HIS-0015","HIS-0015","Brain/CNS Biopsy","Numeric","Descriptive","1","TRUE","TRUE","Active","","","CONFIGURED"
"785981fa-15b0-4a35-9bdd-e089f852e89d","7dc6d7d3-1933-4840-b819-3a4aee1d9da4","HIS-0016","HIS-0016","Oral Cavity Biopsy","Numeric","Descriptive","1","TRUE","TRUE","Active","","","CONFIGURED"
"9dc6f77b-e7cd-4420-b2aa-5d428b1b5661","e09dcd24-ae29-42f5-9ae1-bb6f62ab612a","HIS-0017","HIS-0017","Bladder Biopsy","Numeric","Descriptive","1","TRUE","TRUE","Active","","","CONFIGURED"
"2cea6898-1752-4c44-9262-14030eddb73f","69fca51a-4fe9-476b-bd0c-356f9052e6c0","HIS-0018","HIS-0018","Thyroid Biopsy Histology","Numeric","Descriptive","1","TRUE","TRUE","Active","","","CONFIGURED"
"a8e2d6a1-99c5-4808-8810-b9eccf58ba98","c40a7c38-1a57-478d-80b9-ee0895432082","HIS-0019","HIS-0019","Appendix Histopathology","Numeric","Descriptive","1","TRUE","TRUE","Active","","","CONFIGURED"
"28ea91cd-b86b-42dd-9547-25c1eb7d9493","9a2fb8e4-4afe-4bf0-952d-86f96a3799b5","HIS-0020","HIS-0020","Gallbladder Histopathology","Numeric","Descriptive","1","TRUE","TRUE","Active","","","CONFIGURED"
"1798319d-3e73-49f8-9e43-be50ee23a71a","c0d3f56f-8e08-499c-bb87-805f1d0f0f7a","HIS-0021","HIS-0021","Uterus Histopathology","Numeric","Descriptive","1","TRUE","TRUE","Active","","","CONFIGURED"
"b071e437-bf8f-4586-9e7a-466883ad25b3","eb5b950f-0768-4a1a-b442-72125c972b0f","HIS-0022","HIS-0022","Ovary Histopathology","Numeric","Descriptive","1","TRUE","TRUE","Active","","","CONFIGURED"
"df1cffec-e636-4ffb-8376-ba0759f52474","61413d17-2160-485e-894f-dc42ca4fa352","HIS-0023","HIS-0023","Placenta Histopathology","Numeric","Descriptive","1","TRUE","TRUE","Active","","","CONFIGURED"
"428e8456-b9ff-48cd-bf4c-64313c6df207","4615415b-a60f-4073-b586-235c2feb0f9a","HIS-0024","HIS-0024","Resection Specimen - Colon","Numeric","Descriptive","1","TRUE","TRUE","Active","","","CONFIGURED"
"56f68d69-dafa-4e2f-a8db-b5e5818e4b7b","396365de-0aaa-403d-9e27-68a9695adeb3","HIS-0025","HIS-0025","Resection Specimen - Stomach","Numeric","Descriptive","1","TRUE","TRUE","Active","","","CONFIGURED"
"2af08108-c170-4722-a7e0-f215e637d942","ccb077d5-fe01-4316-ba3a-da32fd235b09","HIS-0026","HIS-0026","Resection Specimen - Breast","Numeric","Descriptive","1","TRUE","TRUE","Active","","","CONFIGURED"
"5ee9b348-a889-46de-85e0-3c68b88ab1fd","05c312a0-5540-41dc-b85a-e241696ff03a","HIS-0027","HIS-0027","Resection Specimen - Lung","Numeric","Descriptive","1","TRUE","TRUE","Active","","","CONFIGURED"
"fb4f9cef-8670-4028-b0a6-20cdcf663097","5151f5f2-9d2b-4384-b79e-5efc9acaf58d","HIS-0028","HIS-0028","Resection Specimen - Kidney","Numeric","Descriptive","1","TRUE","TRUE","Active","","","CONFIGURED"
"87a0d919-2548-4758-8a44-853ff2d2c79f","2ea79168-f81a-43c2-8564-df6f6e8336b2","HIS-0029","HIS-0029","Resection Specimen - Prostate","Numeric","Descriptive","1","TRUE","TRUE","Active","","","CONFIGURED"
"26ce6745-f805-41f2-b6dd-c284c37ddb32","52a9ce10-be99-4a99-9303-f436db73d459","HIS-0030","HIS-0030","Resection Specimen - Bladder","Numeric","Descriptive","1","TRUE","TRUE","Active","","","CONFIGURED"
"d4839734-4cce-4478-8eb4-26d9de4674c5","0ccd80bc-023e-4cf4-b481-1117392ef9dc","HIS-0031","HIS-0031","Resection Specimen - Head & Neck","Numeric","Descriptive","1","TRUE","TRUE","Active","","","CONFIGURED"
"caaec32a-1291-4ac2-a32c-36d385cfb5e9","382bc46c-26be-4358-8162-f910a13609fa","HIS-0032","HIS-0032","Resection Specimen - Soft Tissue","Numeric","Descriptive","1","TRUE","TRUE","Active","","","CONFIGURED"
"2ec6c7c5-7094-4e8f-8c3b-72731cbed4e5","7f464b02-b877-4149-9532-0589dd35522f","HIS-0033","HIS-0033","IHC - ER","Numeric","Descriptive","1","TRUE","TRUE","Active","","","CONFIGURED"
"9df49038-e080-4bf0-b423-338385a458f7","e227c4b2-ee3e-43cf-b184-1d7d15801f2e","HIS-0034","HIS-0034","IHC - PR","Numeric","Descriptive","1","TRUE","TRUE","Active","","","CONFIGURED"
"8870c919-fda8-40df-912a-e881eb494726","823a7177-15fe-46af-85b8-a3253789bad0","HIS-0035","HIS-0035","IHC - HER2 IHC","Numeric","Descriptive","1","TRUE","TRUE","Active","","","CONFIGURED"
"706a8999-6181-4e91-9dbc-2dafa01a8069","e0e08327-08cf-4cbe-ba9e-59f4f0373c7f","HIS-0036","HIS-0036","IHC - Ki-67","Numeric","Descriptive","1","TRUE","TRUE","Active","","","CONFIGURED"
"d843a55c-dd73-4f25-9c96-90a002efd9ea","ef8deeb8-e945-4be9-b7e4-f7f481d3e93b","HIS-0037","HIS-0037","IHC - p53","Numeric","Descriptive","1","TRUE","TRUE","Active","","","CONFIGURED"
"a0ac4afa-9eb8-41c7-9145-b3de93d2a2c3","c53f5a99-a2a3-436e-8597-fae9491b424e","HIS-0038","HIS-0038","IHC - CK7","Numeric","Descriptive","1","TRUE","TRUE","Active","","","CONFIGURED"
"bf68e738-d45c-4606-b0cd-fee049e78d6d","425e7810-2460-48af-86be-fd3e32c9cb45","HIS-0039","HIS-0039","IHC - CK20","Numeric","Descriptive","1","TRUE","TRUE","Active","","","CONFIGURED"
"a06e86dd-c105-4955-8f2c-9e557fe13303","4a2ef568-3d21-4a54-a752-41467a32eebb","HIS-0040","HIS-0040","IHC - Pan-Cytokeratin AE1/AE3","Numeric","Descriptive","1","TRUE","TRUE","Active","","","CONFIGURED"
"c1912c90-8222-4df0-a66b-af0c8efe05ef","9992e144-8102-4e3d-ab07-e5aec2b75649","HIS-0041","HIS-0041","IHC - EMA","Numeric","Descriptive","1","TRUE","TRUE","Active","","","CONFIGURED"
"54fa4c27-957b-4176-b553-f7de9f9463fb","ebbaf40b-1516-4e28-a40b-6f8d460235d0","HIS-0042","HIS-0042","IHC - Vimentin","Numeric","Descriptive","1","TRUE","TRUE","Active","","","CONFIGURED"
"60c930a2-02bd-4c0d-8012-24fc32d24e0d","d8163e10-5891-40d3-8dad-7d7cdac15370","HIS-0043","HIS-0043","IHC - S100","Numeric","Descriptive","1","TRUE","TRUE","Active","","","CONFIGURED"
"8778ed24-9b21-4935-ba10-a5617fa5fef1","ae40a39a-5894-41c9-85d2-1e64d892cf42","HIS-0044","HIS-0044","IHC - SOX10","Numeric","Descriptive","1","TRUE","TRUE","Active","","","CONFIGURED"
"280028cc-1055-4bc2-a813-da4c475b2241","32e20a74-9a0f-45ef-8e5e-a756aa5225f7","HIS-0045","HIS-0045","IHC - TTF-1","Numeric","Descriptive","1","TRUE","TRUE","Active","","","CONFIGURED"
"9d9248b5-62a3-48fe-b8e8-dabfd26caba5","ad510665-9da1-4f60-a3cb-e0210372bcbf","HIS-0046","HIS-0046","IHC - Napsin A","Numeric","Descriptive","1","TRUE","TRUE","Active","","","CONFIGURED"
"b0601f95-556b-4829-b971-862035c96969","2e4e7964-181a-4f23-b8e2-6d7cf8b6502d","HIS-0047","HIS-0047","IHC - PAX8","Numeric","Descriptive","1","TRUE","TRUE","Active","","","CONFIGURED"
"f56a7fd8-578e-4b82-bb0d-4c382d7f8b08","9b4da7e9-d388-4da0-b10b-d0dc1b80eda7","HIS-0048","HIS-0048","IHC - GATA3","Numeric","Descriptive","1","TRUE","TRUE","Active","","","CONFIGURED"
"c1b67cc2-ff77-45e1-856d-a701abda2813","265ccf3d-33ee-48c9-a8fb-0279c7744230","HIS-0049","HIS-0049","IHC - CDX2","Numeric","Descriptive","1","TRUE","TRUE","Active","","","CONFIGURED"
"cada1f08-9c1a-47a7-a99f-e5a6671ee031","d62a6900-a738-424c-91f3-d9f24707e591","HIS-0050","HIS-0050","IHC - SATB2","Numeric","Descriptive","1","TRUE","TRUE","Active","","","CONFIGURED"
"f9834db8-2d1d-413f-a05b-cb6247dbcfdc","d09a8be4-cf87-4d1b-b305-eb389cf12cd2","HIS-0051","HIS-0051","IHC - PSA","Numeric","Descriptive","1","TRUE","TRUE","Active","","","CONFIGURED"
"79cfaa7e-25d0-4ccd-b4d5-1857298d5428","0523d8f2-1730-43c4-92b2-9c8e1300a329","HIS-0052","HIS-0052","IHC - PSAP","Numeric","Descriptive","1","TRUE","TRUE","Active","","","CONFIGURED"
"4b4e1db4-dbb8-4673-b1cc-340386928b25","c53d8682-90c2-4cc2-a1ba-b4235e9bbc38","HIS-0053","HIS-0053","IHC - NKX3.1","Numeric","Descriptive","1","TRUE","TRUE","Active","","","CONFIGURED"
"ef789f1a-6ff9-4dd3-be5d-4989bee35676","d5ab57eb-d81c-4f57-9933-746ab6290868","HIS-0054","HIS-0054","IHC - Thyroglobulin","Numeric","Descriptive","1","TRUE","TRUE","Active","","","CONFIGURED"
"2f2ff8b0-c863-4a6b-9ba2-ae1f9d1f3cd3","bb3cb814-df5d-4668-a488-1223b4af8c5b","HIS-0055","HIS-0055","IHC - Calcitonin","Numeric","Descriptive","1","TRUE","TRUE","Active","","","CONFIGURED"
"4f92dbe6-a4f2-49a5-994f-af043eb7c328","93866254-87bb-4e0a-b10b-251e188a7c8b","HIS-0056","HIS-0056","IHC - Synaptophysin","Numeric","Descriptive","1","TRUE","TRUE","Active","","","CONFIGURED"
"4c00d8ec-5607-4510-aa10-14707a05ce91","2d482f71-f894-4531-ad95-4a282feb52bb","HIS-0057","HIS-0057","IHC - Chromogranin","Numeric","Descriptive","1","TRUE","TRUE","Active","","","CONFIGURED"
"b63d0ea1-facf-4c55-a3b1-58c8c2499d10","2d71270e-ce39-48d1-80cb-b2e92b7f4a24","HIS-0058","HIS-0058","IHC - INSM1","Numeric","Descriptive","1","TRUE","TRUE","Active","","","CONFIGURED"
"13c55c6d-7bc7-4d45-9c7c-07a6af986454","09079e2d-1644-4c80-9594-1fe2707668b3","HIS-0059","HIS-0059","IHC - CD56","Numeric","Descriptive","1","TRUE","TRUE","Active","","","CONFIGURED"
"00be1068-3fd2-4f38-8665-cfdaed4b9ac0","2847ff42-2857-4926-81ca-8ed3a6594745","HIS-0060","HIS-0060","IHC - CD3","Numeric","Descriptive","1","TRUE","TRUE","Active","","","CONFIGURED"
"22e02c54-a240-4a58-9d61-27c083268a8a","bfadec97-001e-49f0-9e50-39ce8a12d675","HIS-0061","HIS-0061","IHC - CD20","Numeric","Descriptive","1","TRUE","TRUE","Active","","","CONFIGURED"
"971db98f-f360-4dcd-8754-728baf8da7d1","077d47ed-7986-47a2-b1b9-ae371d3f38f5","HIS-0062","HIS-0062","IHC - PAX5","Numeric","Descriptive","1","TRUE","TRUE","Active","","","CONFIGURED"
"0afd4eb0-5ada-4092-ab31-61a317344fcf","84b9f867-3bfb-4d59-9ad6-0bccca29696c","HIS-0063","HIS-0063","IHC - CD30","Numeric","Descriptive","1","TRUE","TRUE","Active","","","CONFIGURED"
"4eea5d0c-f97d-4d5d-8728-de610f321747","a37f8a7e-d3f1-4dc6-bb19-ea2c824c61b4","HIS-0064","HIS-0064","IHC - CD15","Numeric","Descriptive","1","TRUE","TRUE","Active","","","CONFIGURED"
"a097cfed-3f07-4133-8995-b1c58e188f80","f754bfe1-3fcd-44c6-afd6-fcfcf993ed1a","HIS-0065","HIS-0065","IHC - ALK","Numeric","Descriptive","1","TRUE","TRUE","Active","","","CONFIGURED"
"8dea9aca-9a0a-40e3-a033-041a3f08f90c","37375d29-848c-44d7-b84e-048d719d7c61","HIS-0066","HIS-0066","IHC - BCL2","Numeric","Descriptive","1","TRUE","TRUE","Active","","","CONFIGURED"
"e3b8d027-d443-46f1-b895-860eefa65144","626ffdc6-adb8-42d5-851e-476f0d0dcc16","HIS-0067","HIS-0067","IHC - BCL6","Numeric","Descriptive","1","TRUE","TRUE","Active","","","CONFIGURED"
"7a3ca6e3-b092-4264-9fc7-2f9b119c1a1c","71a1fade-bf19-4347-8e42-45f7273c323f","HIS-0068","HIS-0068","IHC - MUM1","Numeric","Descriptive","1","TRUE","TRUE","Active","","","CONFIGURED"
"fb68742a-1ded-402e-8f33-eac28a3d9c92","92e5ac3e-cda4-4a6e-b157-8f3568eac0ba","HIS-0069","HIS-0069","IHC - c-MYC","Numeric","Descriptive","1","TRUE","TRUE","Active","","","CONFIGURED"
"7eeb7f6f-f6a7-49b3-87a3-a3a30b1da055","7e30761c-7431-4f80-b0c6-3b8b03071a55","HIS-0070","HIS-0070","IHC - Cyclin D1","Numeric","Descriptive","1","TRUE","TRUE","Active","","","CONFIGURED"
"b62ddcda-512c-4b33-b5f8-15eccaabbe80","26729632-2dba-4cd8-bb7e-c9a4a1bd6916","HIS-0071","HIS-0071","IHC - CD5","Numeric","Descriptive","1","TRUE","TRUE","Active","","","CONFIGURED"
"dee2a158-f013-418e-810b-daa0b075069d","017579d6-304c-4130-8619-d24105c62a1a","HIS-0072","HIS-0072","IHC - CD10","Numeric","Descriptive","1","TRUE","TRUE","Active","","","CONFIGURED"
"fda4b3f9-9a4b-4b2b-a31e-5ec9a3bd0310","3ad5cf32-9764-403a-a063-92657addb67c","HIS-0073","HIS-0073","IHC - CD23","Numeric","Descriptive","1","TRUE","TRUE","Active","","","CONFIGURED"
"f7be4db9-cecb-41b0-8b4e-837a8ce06da4","c66f61e8-8439-47b4-a9c4-748b62622e8b","HIS-0074","HIS-0074","IHC - TdT","Numeric","Descriptive","1","TRUE","TRUE","Active","","","CONFIGURED"
"c15c4606-e1ed-4f18-aecc-4b6cb6828f92","77cdbf5a-c2f1-423d-bedc-b7792cdc5d76","HIS-0075","HIS-0075","IHC - MPO","Numeric","Descriptive","1","TRUE","TRUE","Active","","","CONFIGURED"
"59efc291-f8cf-4464-92de-1aefc926dd2e","5741333a-e167-4f23-954e-a83730094bfd","HIS-0076","HIS-0076","IHC - CD34","Numeric","Descriptive","1","TRUE","TRUE","Active","","","CONFIGURED"
"f20cdb1c-f58a-48c3-bbfa-9a13b63ac76f","9416a145-cabc-48da-9d00-4600525f6ac3","HIS-0077","HIS-0077","IHC - CD117","Numeric","Descriptive","1","TRUE","TRUE","Active","","","CONFIGURED"
"10a2435a-4b46-4f4f-aa81-6faeac1e669f","c5197d34-18c6-43ab-8a6f-5e73cf8ce060","HIS-0078","HIS-0078","IHC - DOG1","Numeric","Descriptive","1","TRUE","TRUE","Active","","","CONFIGURED"
"b86f1ab5-fd04-4c2e-8107-55cd33db5b4c","88e66dd3-9c8d-4a2e-9ab8-2468e506b212","HIS-0079","HIS-0079","IHC - CD117 (GIST)","Numeric","Descriptive","1","TRUE","TRUE","Active","","","CONFIGURED"
"2a74571a-3c8d-4c43-b24e-f5a683970c6d","d0fd7f4a-5780-4867-82f7-cc348a32be0b","HIS-0080","HIS-0080","IHC - Desmin","Numeric","Descriptive","1","TRUE","TRUE","Active","","","CONFIGURED"
"27bf846c-2a3d-4731-838a-84bac4cbc0c8","70112f54-bf2f-469a-ab90-e9641e4b9cf3","HIS-0081","HIS-0081","IHC - SMA","Numeric","Descriptive","1","TRUE","TRUE","Active","","","CONFIGURED"
"b9236102-a53d-4262-9242-067d547e2851","c524512b-b87d-46c3-891b-862eca119b83","HIS-0082","HIS-0082","IHC - Myogenin","Numeric","Descriptive","1","TRUE","TRUE","Active","","","CONFIGURED"
"9561aa03-ff3a-43d9-90a6-d023f75b22ec","34035c76-d1ef-4974-a9f3-c96fb030b132","HIS-0083","HIS-0083","IHC - MyoD1","Numeric","Descriptive","1","TRUE","TRUE","Active","","","CONFIGURED"
"8a854bbf-9aae-498c-a472-b7891095ee93","6651e91c-6026-49a6-a1c9-3b8c00d225c3","HIS-0084","HIS-0084","IHC - WT1","Numeric","Descriptive","1","TRUE","TRUE","Active","","","CONFIGURED"
"282fbe49-0d3f-473d-84c8-b4a1e1eceb7e","1f167f0f-63ae-4558-86cd-93d47583f2fb","HIS-0085","HIS-0085","IHC - Calretinin","Numeric","Descriptive","1","TRUE","TRUE","Active","","","CONFIGURED"
"cb303242-34dc-40ee-adbb-d7598bd96a0e","e02f5487-7403-42c6-b23b-470cc287b8e5","HIS-0086","HIS-0086","IHC - D2-40","Numeric","Descriptive","1","TRUE","TRUE","Active","","","CONFIGURED"
"3c03bb04-332b-4dff-abc0-318fc2b68f7e","5612cc46-be49-446d-86bb-5755d771834a","HIS-0087","HIS-0087","IHC - BerEP4","Numeric","Descriptive","1","TRUE","TRUE","Active","","","CONFIGURED"
"e32a1586-ccca-48d6-a0ae-bdbe974324ca","f31d5c38-ef79-4c60-8c24-76593babadfe","HIS-0088","HIS-0088","IHC - MOC31","Numeric","Descriptive","1","TRUE","TRUE","Active","","","CONFIGURED"
"c43052a9-3acd-4019-ab40-9d8ab880511e","cf4d694a-1a77-4f66-8a28-75f768fcafca","HIS-0089","HIS-0089","IHC - p63","Numeric","Descriptive","1","TRUE","TRUE","Active","","","CONFIGURED"
"03912f59-c2a0-4326-8bf0-fa631566c458","e9c131a5-eee6-4b2f-b894-22bfd189950a","HIS-0090","HIS-0090","IHC - p40","Numeric","Descriptive","1","TRUE","TRUE","Active","","","CONFIGURED"
"3e5fadc4-7f03-4f08-928b-21381a0604d4","91414d12-8140-4205-acb4-1006fb81060b","HIS-0091","HIS-0091","IHC - Uroplakin II","Numeric","Descriptive","1","TRUE","TRUE","Active","","","CONFIGURED"
"b2364d00-ae09-4edb-9fa2-bce3f7a035ab","db7ceef6-0517-4278-85b9-eab356d3f693","HIS-0092","HIS-0092","IHC - GCDFP-15","Numeric","Descriptive","1","TRUE","TRUE","Active","","","CONFIGURED"
"a791c7cb-0135-4ac8-8bdc-335ac5ff7c84","af0809ff-9218-48e4-a696-1b6cca59c907","HIS-0093","HIS-0093","IHC - Mammaglobin","Numeric","Descriptive","1","TRUE","TRUE","Active","","","CONFIGURED"
"c12a8c7a-52df-471c-9f86-759fef582f69","5ae602a7-d1e3-4c90-add4-bd9559a0d294","HIS-0094","HIS-0094","IHC - Androgen Receptor","Numeric","Descriptive","1","TRUE","TRUE","Active","","","CONFIGURED"
"1aa00231-1002-4b4c-8755-4748736e7843","4cb0f110-f0dd-4039-94af-eab7dab70f61","HIS-0095","HIS-0095","IHC - E-cadherin","Numeric","Descriptive","1","TRUE","TRUE","Active","","","CONFIGURED"
"44adf81b-0b27-4b5c-8096-ea3563504334","abbcb736-cc23-478e-a57a-43a147c84834","HIS-0096","HIS-0096","IHC - Beta-catenin","Numeric","Descriptive","1","TRUE","TRUE","Active","","","CONFIGURED"
"f51ca9db-e438-42cc-be3e-5e8d10b001fa","92336612-055c-4ff6-9c59-7b4e8e887059","HIS-0097","HIS-0097","IHC - SMAD4","Numeric","Descriptive","1","TRUE","TRUE","Active","","","CONFIGURED"
"99738a9f-aa19-4a71-8922-35bb738bb974","3178f668-5727-4911-b230-b504bb7a2c8d","HIS-0098","HIS-0098","IHC - INI1/SMARCB1","Numeric","Descriptive","1","TRUE","TRUE","Active","","","CONFIGURED"
"6a0017cf-9cde-4059-b31e-c181eb344b13","6d79f8e2-e177-41a7-bfa3-8692ffebda38","HIS-0099","HIS-0099","IHC - BRG1/SMARCA4","Numeric","Descriptive","1","TRUE","TRUE","Active","","","CONFIGURED"
"d86ced61-4fb7-4359-88fb-8cc34976a0bc","4af85675-6c7c-4bb9-bed6-8f69216250ae","HIS-0100","HIS-0100","IHC - ATRX","Numeric","Descriptive","1","TRUE","TRUE","Active","","","CONFIGURED"
"350ac2d8-4d69-44db-925a-bbbf96edb0ba","ba6998e7-48eb-4c55-ac20-7e78e112744e","HIS-0101","HIS-0101","IHC - IDH1 R132H","Numeric","Descriptive","1","TRUE","TRUE","Active","","","CONFIGURED"
"390d2127-7732-4543-a483-5f55388276ef","f62e90bf-ebfc-49a8-b5ef-006124e66e95","HIS-0102","HIS-0102","IHC - GFAP","Numeric","Descriptive","1","TRUE","TRUE","Active","","","CONFIGURED"
"5f1c58ab-f458-4978-92f5-09a51dbb0225","5964ef01-4f8e-4cbf-bc1a-dc7b9c01d146","HIS-0103","HIS-0103","IHC - OLIG2","Numeric","Descriptive","1","TRUE","TRUE","Active","","","CONFIGURED"
"ceb21959-9505-4e43-886a-d739022bc5c6","d313c205-5b4f-4e54-9093-39eef65a386c","HIS-0104","HIS-0104","IHC - H3 K27M","Numeric","Descriptive","1","TRUE","TRUE","Active","","","CONFIGURED"
"dcc54f0d-0e82-4f5e-bb0c-e619b43fdba5","1f33c9b0-b6bb-4465-9f65-a99578e13d3a","HIS-0105","HIS-0105","IHC - PD-L1 IHC","Numeric","Descriptive","1","TRUE","TRUE","Active","","","CONFIGURED"
"6299bdc8-6818-4f8a-aa04-404b40761959","4167c3a6-2c6c-43ce-9b18-813349717b60","HIS-0106","HIS-0106","IHC - MMR MLH1","Numeric","Descriptive","1","TRUE","TRUE","Active","","","CONFIGURED"
"719fa762-94f9-4ab9-9bf0-74257e81ca51","45b1f09d-1f8b-4a2d-8b7e-038bc8cecbea","HIS-0107","HIS-0107","IHC - MMR PMS2","Numeric","Descriptive","1","TRUE","TRUE","Active","","","CONFIGURED"
"3f35b555-cc8e-4332-ad5d-3534fe399cfc","6df4cb89-167b-4fc4-accd-fbe9d57ee910","HIS-0108","HIS-0108","IHC - MMR MSH2","Numeric","Descriptive","1","TRUE","TRUE","Active","","","CONFIGURED"
"3c92daa8-2780-4d40-8ddb-2310fa34813c","6f8a421e-cdfc-4b1c-a93a-384b1b97c7ec","HIS-0109","HIS-0109","IHC - MMR MSH6","Numeric","Descriptive","1","TRUE","TRUE","Active","","","CONFIGURED"
"b6e27698-7479-4c6e-94b8-8a7e227d8368","86cad76f-fe7e-4151-9aac-dfc021973531","HIS-0110","HIS-0110","PAS Stain","Numeric","Descriptive","1","TRUE","TRUE","Active","","","CONFIGURED"
"30a80549-1f61-4021-89ed-335dbe03b8d8","e06989b0-7573-4e5f-8442-ad821ea9f495","HIS-0111","HIS-0111","PAS with Diastase","Numeric","Descriptive","1","TRUE","TRUE","Active","","","CONFIGURED"
"11e22964-5aab-4aa0-b92b-25a8ac3cfae4","3f2cf286-a07b-483e-ba83-d381af49bde8","HIS-0112","HIS-0112","GMS Stain","Numeric","Descriptive","1","TRUE","TRUE","Active","","","CONFIGURED"
"c5b7e8d7-6bd8-4214-a130-d9f79a87d0b6","429c2f32-9730-4584-ac0f-86dd052789e5","HIS-0113","HIS-0113","Ziehl-Neelsen Stain on Tissue","Numeric","Descriptive","1","TRUE","TRUE","Active","","","CONFIGURED"
"87eecc6a-4446-4a69-93b3-d0ca74a03944","863c83b6-9ab7-4c5c-b840-af9e8b6843a6","HIS-0114","HIS-0114","Fite-Faraco Stain","Numeric","Descriptive","1","TRUE","TRUE","Active","","","CONFIGURED"
"2d4b2f77-b7de-4fc3-88f2-b96e4fd2227c","c6e08099-1929-4347-8a10-aa6e355fd7d6","HIS-0115","HIS-0115","Gram Stain on Tissue","Numeric","Descriptive","1","TRUE","TRUE","Active","","","CONFIGURED"
"1390b820-df28-4d94-ace0-1369f37ececc","f0f3c052-a564-4a2e-b4fb-5e8b57dbc46a","HIS-0116","HIS-0116","Masson's Trichrome","Numeric","Descriptive","1","TRUE","TRUE","Active","","","CONFIGURED"
"de67d808-1fc6-4805-a532-27981b288b46","e7d61efa-1a46-4306-9e4d-87d65e27f5eb","HIS-0117","HIS-0117","Reticulin Stain","Numeric","Descriptive","1","TRUE","TRUE","Active","","","CONFIGURED"
"f61bb524-8016-4c2b-9d65-5c4789f72af9","c5987a8c-286e-4039-ab5a-3aaa061e40f9","HIS-0118","HIS-0118","Congo Red","Numeric","Descriptive","1","TRUE","TRUE","Active","","","CONFIGURED"
"afd3513e-5225-4374-8956-8552696b8975","985fd9eb-360e-4c7c-9602-a6fce8f8fc5a","HIS-0119","HIS-0119","Perls' Prussian Blue","Numeric","Descriptive","1","TRUE","TRUE","Active","","","CONFIGURED"
"64c73af2-cdf6-4e0c-8fdc-7b400ba1b305","611b0d10-b19e-4450-b7a5-4d9c5004c260","HIS-0120","HIS-0120","Alcian Blue","Numeric","Descriptive","1","TRUE","TRUE","Active","","","CONFIGURED"
"0af7fc6f-756f-409e-a464-c81befb31638","7cd4fbee-05b1-4bd0-9fda-a123d8ebcf6d","HIS-0121","HIS-0121","Mucicarmine","Numeric","Descriptive","1","TRUE","TRUE","Active","","","CONFIGURED"
"154396a4-fe34-4346-a3be-e1b49ecab399","87b2edf4-a5c5-49fd-947c-aabc42b83f6b","HIS-0122","HIS-0122","Fontana-Masson","Numeric","Descriptive","1","TRUE","TRUE","Active","","","CONFIGURED"
"a4231b2f-8cc4-4f0c-917e-489e338ffb4f","913a9958-69b5-4669-9d50-4ea683e9b80b","HIS-0123","HIS-0123","Elastic Van Gieson","Numeric","Descriptive","1","TRUE","TRUE","Active","","","CONFIGURED"
"ffe679ea-837d-4420-a40f-c309e646e4d1","52eb6c7b-7aa2-46f3-976e-cef69454dd8e","HIS-0124","HIS-0124","Oil Red O","Numeric","Descriptive","1","TRUE","TRUE","Active","","","CONFIGURED"
"984dc73a-3627-4380-b6da-3a477e767548","e94f98a2-38c6-4058-a231-2492ad528b3a","HIS-0125","HIS-0125","Toluidine Blue","Numeric","Descriptive","1","TRUE","TRUE","Active","","","CONFIGURED"
"dba81862-ad31-49fb-8094-f274a5659b54","0a4bd894-6399-4e37-a698-99f4ebb9ead8","HIS-0126","HIS-0126","PTAH Stain","Numeric","Descriptive","1","TRUE","TRUE","Active","","","CONFIGURED"
"d2a11a34-c67c-4e68-a53f-afa716e92340","1837e407-6e0d-4558-a42c-804709cda8f3","HIS-0127","HIS-0127","Jones Methenamine Silver","Numeric","Descriptive","1","TRUE","TRUE","Active","","","CONFIGURED"
"f49fe357-c326-4882-aad4-1cda89a5f8a1","77cbb0f7-e143-4898-8570-cf2a3a1403c1","HIS-0128","HIS-0128","Cresyl Violet","Numeric","Descriptive","1","TRUE","TRUE","Active","","","CONFIGURED"
"58a5eee5-a894-4690-b55b-34e82a47a6cf","389a2b3e-0d57-4323-89bd-066495fa1df2","HIS-0129","HIS-0129","Luxol Fast Blue","Numeric","Descriptive","1","TRUE","TRUE","Active","","","CONFIGURED"
"d9114f7f-87c4-44f4-9639-cc62fd3b3a72","6e11e5eb-2355-4fee-9600-1921d548de00","HIS-0130","HIS-0130","Von Kossa Stain","Numeric","Descriptive","1","TRUE","TRUE","Active","","","CONFIGURED"
"25d5eacc-d211-4076-be79-6ffd8389fefd","54ec4e84-934e-423c-a8d1-b1dccea1977b","HIS-0131","HIS-0131","Alizarin Red","Numeric","Descriptive","1","TRUE","TRUE","Active","","","CONFIGURED"
"71e5ca7c-1455-4d49-848e-fbafd9e7ffd3","40f15e4e-ca23-47a7-9f0b-b29409141775","HIS-0132","HIS-0132","Warthin-Starry Stain","Numeric","Descriptive","1","TRUE","TRUE","Active","","","CONFIGURED"
"8eb12a37-2ddf-45c5-a833-675e88fff6cd","6cbc5fda-ec35-40a7-bab0-2586b4d18853","HIS-0133","HIS-0133","Giemsa Stain on Tissue","Numeric","Descriptive","1","TRUE","TRUE","Active","","","CONFIGURED"
"aadf599e-9a0f-4cba-a27e-8fb8beae3b4e","b4849da7-7758-4e92-976a-9363b0549382","IMM-0001","IMM-0001","CRP, Quantitative","Numeric","mg/L","1","TRUE","TRUE","Active","","","CONFIGURED"
"d3e22b05-4731-43bb-b155-bfcb45893ae0","3e315f26-399e-40ac-88a4-762e4b4174d7","IMM-0002","IMM-0002","Rheumatoid Factor (RF)","Numeric","IU/mL","1","TRUE","TRUE","Active","","","CONFIGURED"
"ac7db6ab-a1f1-47f4-a125-9f5f12444992","3a43a4ea-a3ba-48fa-a211-cda6110bc64d","IMM-0003","IMM-0003","ASO Titer","Numeric","IU/mL","1","TRUE","TRUE","Active","","","CONFIGURED"
"13c0339d-35a5-4706-b5d5-da6b9e9fa231","38a765c3-3f09-43e5-98c1-fdfc3e690665","IMM-0004","IMM-0004","Anti-CCP","Numeric","U/mL","1","TRUE","TRUE","Active","","","CONFIGURED"
"738f3365-7651-4383-98c4-6c6b3377b438","f31251e1-8eb8-40ec-b7d7-86ccd7663bf0","IMM-0005","IMM-0005","ANA by IFA","Numeric","Titer/Pattern","1","TRUE","TRUE","Active","","","CONFIGURED"
"0e6a0aee-06c1-4642-b588-9ea7d2c89a23","561b42a3-b443-42b0-b5d1-4e9f28273fd3","IMM-0006","IMM-0006","ANA Screen by ELISA","Numeric","Index","1","TRUE","TRUE","Active","","","CONFIGURED"
"972bf9b9-70d5-4af2-bff6-1b365e699ee2","8b9d3d46-6c3a-450c-b639-587cfd14a0ae","IMM-0007","IMM-0007","Anti-dsDNA","Numeric","IU/mL","1","TRUE","TRUE","Active","","","CONFIGURED"
"cc88952f-dc23-438b-b79a-97331bf4f6fe","20eeddd8-8621-4ce5-865e-a53f1a3153ec","IMM-0008","IMM-0008","Anti-Sm Antibody","Numeric","U","1","TRUE","TRUE","Active","","","CONFIGURED"
"e3533c60-9250-4c20-9806-52201aedd407","6f45a9ea-0b08-45af-8b3f-20a33a2e2261","IMM-0009","IMM-0009","Anti-RNP Antibody","Numeric","U","1","TRUE","TRUE","Active","","","CONFIGURED"
"11cc4240-b763-4fdb-b0c4-ada7895b260d","14a6efff-6509-45e7-b478-6815dc7c3a9a","IMM-0010","IMM-0010","Anti-SSA/Ro","Numeric","U","1","TRUE","TRUE","Active","","","CONFIGURED"
"d69ed1a2-2df6-4e5a-ba48-3725a8666b20","3494d636-80af-4f5d-be72-ecdc950326ff","IMM-0011","IMM-0011","Anti-SSB/La","Numeric","U","1","TRUE","TRUE","Active","","","CONFIGURED"
"ab8f20a6-f9bd-48d4-93d7-afacab8ec23c","3ffcbdef-fc52-4f3f-9af5-fa0d6e2acc84","IMM-0012","IMM-0012","Anti-Scl-70","Numeric","U","1","TRUE","TRUE","Active","","","CONFIGURED"
"934d80be-3aed-4055-9ad0-e4f20a03521a","69b4e89c-807f-4f36-9e37-0bffc7a361e3","IMM-0013","IMM-0013","Anti-Jo-1","Numeric","U","1","TRUE","TRUE","Active","","","CONFIGURED"
"cc905656-49d2-47fc-a2b7-fb5c4d1943af","f16505b1-5dc0-4ae2-b6e6-df51fe7685d1","IMM-0014","IMM-0014","Anti-Centromere Antibody","Numeric","U","1","TRUE","TRUE","Active","","","CONFIGURED"
"5f8e111f-3b0d-4c87-ae8a-c6ca2c5f1765","50d057be-1d7d-4e70-a22f-24480decf5a7","IMM-0015","IMM-0015","Anti-Ribosomal P","Numeric","U","1","TRUE","TRUE","Active","","","CONFIGURED"
"2d2c0206-cee8-4462-a85e-7163a8b18b87","02ff426e-4b0c-4165-9cde-4018d1d1986c","IMM-0016","IMM-0016","C3 Complement","Numeric","mg/dL","1","TRUE","TRUE","Active","","","CONFIGURED"
"18a603e2-5e62-49c1-8c4b-0fddff69a4bb","38620da4-b267-4698-aac8-b4c63a116681","IMM-0017","IMM-0017","C4 Complement","Numeric","mg/dL","1","TRUE","TRUE","Active","","","CONFIGURED"
"e858475e-9568-4198-b9fa-e169b06de7e1","1a3e326b-705d-400e-9373-48359d82e30d","IMM-0018","IMM-0018","CH50","Numeric","U/mL","1","TRUE","TRUE","Active","","","CONFIGURED"
"4e1150e3-9410-4638-89e2-a4b936611043","38dcdcac-6252-41d3-ab53-4ff90e421643","IMM-0019","IMM-0019","ANCA Screen","Numeric","Titer","1","TRUE","TRUE","Active","","","CONFIGURED"
"fdca4ca9-7065-4d1b-b09f-6337b8b89c79","bdf541c0-6ae1-4561-9f9b-a02f6c3824a8","IMM-0020","IMM-0020","c-ANCA / PR3","Numeric","U/mL","1","TRUE","TRUE","Active","","","CONFIGURED"
"4d2a3d89-4497-498c-bff2-58cd08df38c4","d6853623-5da8-47f8-a016-4d24e3432da5","IMM-0021","IMM-0021","p-ANCA / MPO","Numeric","U/mL","1","TRUE","TRUE","Active","","","CONFIGURED"
"ae79f561-2fd5-45a7-a8a1-b507c97e3f0a","45e6a8e5-eda2-4f70-84f4-f65b2cfca7a7","IMM-0022","IMM-0022","Anti-GBM Antibody","Numeric","U/mL","1","TRUE","TRUE","Active","","","CONFIGURED"
"01a414cf-93cd-45ed-9cf1-1f5ce985dc3f","afd89f05-1c30-442f-a887-c17e4cffa795","IMM-0023","IMM-0023","Anticardiolipin IgG","Numeric","GPL-U/mL","1","TRUE","TRUE","Active","","","CONFIGURED"
"b95e6603-343f-47a7-932a-4acb350552e9","640dce8b-2502-4670-a3b2-851c3e72abb4","IMM-0024","IMM-0024","Anticardiolipin IgM","Numeric","MPL-U/mL","1","TRUE","TRUE","Active","","","CONFIGURED"
"1f445bf7-b3f1-4ecc-996d-69f454b8e3b4","99701e1d-4653-44c9-b7a1-da24ec3eddd6","IMM-0025","IMM-0025","Beta-2 Glycoprotein I IgG","Numeric","U/mL","1","TRUE","TRUE","Active","","","CONFIGURED"
"e8c58999-4f8f-4f02-b11e-60ea7adf24d9","4dab7f8b-1905-458d-bf36-ac021f664099","IMM-0026","IMM-0026","Beta-2 Glycoprotein I IgM","Numeric","U/mL","1","TRUE","TRUE","Active","","","CONFIGURED"
"571a810d-de31-4fb1-827d-f0fcc865635d","a1fe02dd-8fd9-46e2-bc5f-1db3310552f2","IMM-0027","IMM-0027-01","dRVVT Screen Ratio","Numeric","Ratio","1","TRUE","TRUE","Active","","","CONFIGURED"
"9c18eb5f-eb32-425b-8aaf-d54752e440e0","a1fe02dd-8fd9-46e2-bc5f-1db3310552f2","IMM-0027","IMM-0027-02","dRVVT Confirm Ratio","Numeric","Ratio","2","TRUE","TRUE","Active","","","CONFIGURED"
"abd04144-3c26-4984-8eae-da86cbcaf675","a1fe02dd-8fd9-46e2-bc5f-1db3310552f2","IMM-0027","IMM-0027-03","Normalized dRVVT Ratio","Calculated","Ratio","3","TRUE","TRUE","Active","","","CONFIGURED"
"1b44587e-4e27-4937-a45e-30d0e99dcffa","a1fe02dd-8fd9-46e2-bc5f-1db3310552f2","IMM-0027","IMM-0027-04","Lupus Anticoagulant Interpretation","Text","","4","TRUE","TRUE","Active","","","REFERENCE_PENDING"
"1845c6e4-86d0-4f7c-8669-dc609cca43b9","1173266b-4495-45d9-a596-7e938618bac0","IMM-0028","IMM-0028","Total IgG","Numeric","mg/dL","1","TRUE","TRUE","Active","","","CONFIGURED"
"5d8585a4-c5be-4d74-9c17-b4deddc5a792","a9463d24-cd42-44f3-87de-ea94aa372ae4","IMM-0029","IMM-0029","Total IgA","Numeric","mg/dL","1","TRUE","TRUE","Active","","","CONFIGURED"
"0371811a-c9a4-4910-a31a-0a14a8a00584","138eb475-394e-45fc-b51b-ea1e9e21962a","IMM-0030","IMM-0030","Total IgM","Numeric","mg/dL","1","TRUE","TRUE","Active","","","CONFIGURED"
"395df667-8192-42f1-b008-e8e4038183c3","f2e2aff0-b125-4312-ad6e-4795cb1637d2","IMM-0031","IMM-0031","Total IgE","Numeric","IU/mL","1","TRUE","TRUE","Active","","","CONFIGURED"
"45a6e823-1160-4a44-a976-3428df8d6d75","348b942c-9cd9-44ec-abc2-d766aa20ae09","IMM-0032","IMM-0032","IgG Subclass 1","Numeric","mg/dL","1","TRUE","TRUE","Active","","","CONFIGURED"
"563a60d1-9695-4f74-ab09-9a96c76a6dd4","b664e1eb-5d2a-4241-80c2-648e5e8ff27c","IMM-0033","IMM-0033","IgG Subclass 2","Numeric","mg/dL","1","TRUE","TRUE","Active","","","CONFIGURED"
"53a2fd74-064e-44aa-b33a-38664e03259d","4ed0e045-10c3-436d-aaf4-5ccf699925c0","IMM-0034","IMM-0034","IgG Subclass 3","Numeric","mg/dL","1","TRUE","TRUE","Active","","","CONFIGURED"
"d94c421c-481b-4ebc-b7de-8d9d20f510be","3584f22c-4331-45c3-aeb7-99b081832ebe","IMM-0035","IMM-0035","IgG Subclass 4","Numeric","mg/dL","1","TRUE","TRUE","Active","","","CONFIGURED"
"178c8209-700c-416f-ab15-c14e1f5788f5","957d1f3e-2f32-4595-b074-6cdfc031dcf9","IMM-0036","IMM-0036","Cryoglobulin","Numeric","Qualitative","1","TRUE","TRUE","Active","","","CONFIGURED"
"c6be0fe1-4a2f-432c-9725-19da56b16814","7e6e2232-3973-4ef1-aba3-ba0427441319","IMM-0037","IMM-0037","Cryofibrinogen","Numeric","Qualitative","1","TRUE","TRUE","Active","","","CONFIGURED"
"f32e421a-ec25-4209-a34f-3ced8874a10f","11d142ae-ea20-4960-8038-9f2f87e46a18","IMM-0038","IMM-0038","Serum Protein Electrophoresis","Numeric","Pattern","1","TRUE","TRUE","Active","","","CONFIGURED"
"e5797a5b-f506-4c58-b322-483afc90f48c","7eab40f0-8995-41f2-abf9-40baa4842f38","IMM-0039","IMM-0039","Immunofixation Electrophoresis, Serum","Numeric","Pattern","1","TRUE","TRUE","Active","","","CONFIGURED"
"e03cbf28-2f11-4e67-b559-d4a711bc9e72","a28f0746-94be-40c7-b6d0-38c2b3a6e855","IMM-0040","IMM-0040","Free Kappa Light Chain","Numeric","mg/L","1","TRUE","TRUE","Active","","","CONFIGURED"
"6f97ac36-9ba6-4357-83cc-1647b3c17cb5","1b8cafe1-a1c6-40ec-af5f-9fa2edc0bfbe","IMM-0041","IMM-0041","Free Lambda Light Chain","Numeric","mg/L","1","TRUE","TRUE","Active","","","CONFIGURED"
"ef0799a3-9721-4140-86c3-9a5d2770e8b8","43dc47f8-2cd5-4e89-aaf0-cd42f65f8c34","IMM-0042","IMM-0042","Kappa/Lambda Ratio","Numeric","ratio","1","TRUE","TRUE","Active","","","CONFIGURED"
"76f5cecb-3fe8-4045-86f3-21bee0083f1f","d19de2f0-38ae-4f6c-a470-d3f9eb6ffc6c","IMM-0043","IMM-0043","tTG IgA","Numeric","U/mL","1","TRUE","TRUE","Active","","","CONFIGURED"
"637ff6e2-d6e0-461b-8639-50900395c9f6","b6a234d2-6a89-498c-8f71-e4de8d587d1a","IMM-0044","IMM-0044","tTG IgG","Numeric","U/mL","1","TRUE","TRUE","Active","","","CONFIGURED"
"77b28ccb-c99b-46b7-b715-9a5adead8792","73e3c66d-b85e-4914-9613-6344eb4a2ed6","IMM-0045","IMM-0045","Deamidated Gliadin Peptide IgA","Numeric","U/mL","1","TRUE","TRUE","Active","","","CONFIGURED"
"e9f23d8d-8056-4a51-a356-4f226167fd43","afb214f8-8007-4b2a-9cf5-4c369c4e96b7","IMM-0046","IMM-0046","Deamidated Gliadin Peptide IgG","Numeric","U/mL","1","TRUE","TRUE","Active","","","CONFIGURED"
"8ddb28e8-0545-4c74-8645-b9e19daf4533","45aa46dd-7547-4eee-b70b-6892593389c9","IMM-0047","IMM-0047","Endomysial Antibody IgA","Numeric","Titer","1","TRUE","TRUE","Active","","","CONFIGURED"
"ead05f55-d1a6-4841-b63e-c1dbbe67fe97","c7d39136-9391-4933-a4c0-c1d993dbe3a9","IMM-0048","IMM-0048","Intrinsic Factor Antibody","Numeric","U/mL","1","TRUE","TRUE","Active","","","CONFIGURED"
"a3baf32f-52e5-44e4-bb82-3e7e3c8cf7cb","f03b3106-ecb2-4ec9-aab1-54ea7b95baf7","IMM-0049","IMM-0049","Parietal Cell Antibody","Numeric","Titer","1","TRUE","TRUE","Active","","","CONFIGURED"
"2faa4657-171b-40c1-910d-fe02e3211b40","effa62b9-e38a-43a7-9631-904518925caf","IMM-0050","IMM-0050","Anti-Smooth Muscle Antibody","Numeric","Titer","1","TRUE","TRUE","Active","","","CONFIGURED"
"01146da9-8db4-488e-9c59-6a3b7fd9ea1e","09e17790-f1ca-4ab2-8727-3a52e96a30d7","IMM-0051","IMM-0051","Anti-Mitochondrial Antibody M2","Numeric","U/mL","1","TRUE","TRUE","Active","","","CONFIGURED"
"d0586ced-2127-411b-9650-3bdaa19ed251","7cf41d01-bf0e-407d-b552-ca25d7bb56b0","IMM-0052","IMM-0052","Liver Kidney Microsomal Antibody (LKM-1)","Numeric","U/mL","1","TRUE","TRUE","Active","","","CONFIGURED"
"f719ecaa-ec70-425e-8d1b-e9ff24e1f09a","7b4c3b45-87f6-4966-aaee-df69c49c2da1","IMM-0053","IMM-0053","Soluble Liver Antigen Antibody","Numeric","U/mL","1","TRUE","TRUE","Active","","","CONFIGURED"
"6ffe2217-1cd7-4db8-9d63-77829a319efa","92b49df7-d288-445b-8f9f-2115e94e04b9","IMM-0054","IMM-0054","Anti-Phosphatidylserine Antibody IgG","Numeric","U/mL","1","TRUE","TRUE","Active","","","CONFIGURED"
"3de0800e-3eab-4ace-8d4a-c21e207bb04f","2083d916-a07c-4b0c-90fb-6733f6e8e560","IMM-0055","IMM-0055","Anti-Phosphatidylserine Antibody IgM","Numeric","U/mL","1","TRUE","TRUE","Active","","","CONFIGURED"
"c8b656a0-2d0c-4fd3-81af-fc958d9acfba","fe01ae03-8acf-4f43-91f4-15053f8e5b47","IMM-0056","IMM-0056","Anti-Histone Antibody","Numeric","U/mL","1","TRUE","TRUE","Active","","","CONFIGURED"
"e963f209-21b1-44b6-9cdf-60098fe1772f","0334a583-0c10-4e7f-a091-b3ade3c68850","IMM-0057","IMM-0057","Anti-Nucleosome Antibody","Numeric","U/mL","1","TRUE","TRUE","Active","","","CONFIGURED"
"5fab74e5-6d73-4810-806c-3eb090807ba3","befb61c2-dd5f-4cf5-8c55-012ec4936f9b","IMM-0058","IMM-0058","Anti-RNA Polymerase III","Numeric","U/mL","1","TRUE","TRUE","Active","","","CONFIGURED"
"34ffe446-71c2-4a74-bbf5-69808ad0199c","4cb720e3-596a-404a-9a6f-4c6275f402d9","IMM-0059","IMM-0059","Anti-PM/Scl Antibody","Numeric","U/mL","1","TRUE","TRUE","Active","","","CONFIGURED"
"327c7c2c-e034-4051-84f0-6c46cb5b5e9f","bb7c494c-1551-4b22-876b-6ae944236247","IMM-0060","IMM-0060","Anti-Mi-2 Antibody","Numeric","U/mL","1","TRUE","TRUE","Active","","","CONFIGURED"
"da28ee2b-48eb-45d7-995f-210784b41801","21cbb923-7de6-4f47-8d67-fc5d30ed58c8","IMM-0061","IMM-0061","Anti-SRP Antibody","Numeric","U/mL","1","TRUE","TRUE","Active","","","CONFIGURED"
"0218a2a2-6a47-4c88-a271-2f45f8c68f1d","141ffa82-7d4f-4ef9-8abb-a7d85bac7489","IMM-0062","IMM-0062","Anti-AChR Binding Antibody","Numeric","nmol/L","1","TRUE","TRUE","Active","","","CONFIGURED"
"d835c81c-ea36-41cc-9fd8-aab27d737a6a","2fdecd12-b6f2-464a-98ac-fd98ec061afd","IMM-0063","IMM-0063","Anti-MuSK Antibody","Numeric","U/mL","1","TRUE","TRUE","Active","","","CONFIGURED"
"5a3ee170-7234-4c75-8094-cd146a493659","0e446ff1-d3fd-48c2-a2ae-679caec6a859","IMM-0064","IMM-0064","Aquaporin-4 Antibody","Numeric","Titer","1","TRUE","TRUE","Active","","","CONFIGURED"
"acb60df5-8844-426f-9191-f9327cdde24f","d8791392-2ed2-4352-90d0-da08e57a6e75","IMM-0065","IMM-0065","MOG Antibody","Numeric","Titer","1","TRUE","TRUE","Active","","","CONFIGURED"
"491b2fd0-40c7-4a19-82bc-6fd8202700bb","7d1a507b-6fd1-4250-be9b-e8bf63b34174","IMM-0066","IMM-0066","Anti-GAD65 Antibody","Numeric","IU/mL","1","TRUE","TRUE","Active","","","CONFIGURED"
"5dd32d70-607b-4607-b14a-5c27530a72da","b7c4800e-5c7f-4b4d-940f-297b1e218ddc","IMM-0067","IMM-0067","IA-2 Antibody","Numeric","U/mL","1","TRUE","TRUE","Active","","","CONFIGURED"
"65b3d578-a470-4657-8df9-429b020f843b","468950ce-d183-421d-b68c-f8c4987d8521","IMM-0068","IMM-0068","ZnT8 Antibody","Numeric","U/mL","1","TRUE","TRUE","Active","","","CONFIGURED"
"0893196f-b2d7-4ad4-a055-cc0d654bf9a7","7e6ca13e-0c16-416b-979c-8e3559ecb787","IMM-0069","IMM-0069","Islet Cell Antibody","Numeric","Titer","1","TRUE","TRUE","Active","","","CONFIGURED"
"549130cb-d354-4745-9d3a-456cceb119d9","dc596b74-d270-4aa1-97e8-a7e90c779b8d","IMM-0070","IMM-0070","Anti-PLA2R Antibody","Numeric","U/mL","1","TRUE","TRUE","Active","","","CONFIGURED"
"1b653358-4606-4093-ada2-00fae0cfb713","67bf7b91-19d1-456b-94cb-0796e64b282d","IMM-0071","IMM-0071","Anti-THSD7A Antibody","Numeric","U/mL","1","TRUE","TRUE","Active","","","CONFIGURED"
"b6be22ce-6b5c-4cf8-9928-552c3cfe1f90","fcfcd639-bbac-4078-ad08-008fae8ea5a0","IMM-0072","IMM-0072","Anti-BP180 Antibody","Numeric","U/mL","1","TRUE","TRUE","Active","","","CONFIGURED"
"0cbabe2f-bf1b-41dd-9b88-254ecee4f99f","5491b495-628c-4200-8a82-536002d6c26c","IMM-0073","IMM-0073","Anti-BP230 Antibody","Numeric","U/mL","1","TRUE","TRUE","Active","","","CONFIGURED"
"55e5dd63-700c-4beb-84fd-f3f7f9594540","22a0ef96-76bc-44a9-8e5d-9bf576ac5e03","IMM-0074","IMM-0074","Desmoglein 1 Antibody","Numeric","U/mL","1","TRUE","TRUE","Active","","","CONFIGURED"
"42fbb879-e673-4041-b26c-41e42dc3d81d","80048c74-76fd-4511-baf0-cf3e4ef19e8e","IMM-0075","IMM-0075","Desmoglein 3 Antibody","Numeric","U/mL","1","TRUE","TRUE","Active","","","CONFIGURED"
"871b228b-5e13-4d93-a2a4-efc2e6f4a615","816f86e6-0f19-4604-80cd-e91ff5f20b2a","IMM-0076","IMM-0076","Anti-TTG IgA with Total IgA Reflex","Numeric","U/mL","1","TRUE","TRUE","Active","","","CONFIGURED"
"79ca271b-85e1-4f66-a473-2bc8dfa95977","9756ea81-0099-49b0-9d50-159aa7277886","IMM-0077","IMM-0077","Anti-Saccharomyces cerevisiae IgA","Numeric","U/mL","1","TRUE","TRUE","Active","","","CONFIGURED"
"19fd2f48-73be-465b-a4b8-0715a6975cc2","ba36b7cf-d7a7-4ce1-9bed-1ffadd9b79bd","IMM-0078","IMM-0078","Anti-Saccharomyces cerevisiae IgG","Numeric","U/mL","1","TRUE","TRUE","Active","","","CONFIGURED"
"074e851a-0403-4603-81a6-6353f230721c","c613a25b-0d0d-4d2c-949d-848ec7b74708","IMM-0079","IMM-0079","Anti-CCP3","Numeric","U/mL","1","TRUE","TRUE","Active","","","CONFIGURED"
"bb6454b4-57a1-44f2-9686-1e276a485655","48b1fb8b-3866-4ef3-9b55-516d58d399b7","IMM-0080","IMM-0080","Anti-CarP Antibody","Numeric","U/mL","1","TRUE","TRUE","Active","","","CONFIGURED"
"f356ac8e-098c-4af2-87af-e6e4cc4342e7","4915ae81-471e-4d6a-b099-fa5f347193cc","IMM-0081","IMM-0081","Anti-DFS70 Antibody","Numeric","U/mL","1","TRUE","TRUE","Active","","","CONFIGURED"
"c6936f1f-c7f6-47d4-99fd-321d2dd1d8c2","5659e4a2-cf30-484f-bb7b-2f0c1fea9244","IMM-0082","IMM-0082","Anti-C1q Antibody","Numeric","U/mL","1","TRUE","TRUE","Active","","","CONFIGURED"
"c332108e-aace-4079-839a-d0c8991447db","191b9c72-8f7d-4d95-ab6e-56350616df61","IMM-0083","IMM-0083","C1 Esterase Inhibitor Level","Numeric","U/mL","1","TRUE","TRUE","Active","","","CONFIGURED"
"18d143c8-2281-4d27-95d4-e096dfa464c8","b678252f-5b25-4226-ad14-3df4ff365316","IMM-0084","IMM-0084","C1 Esterase Inhibitor Function","Numeric","Descriptive","1","TRUE","TRUE","Active","","","CONFIGURED"
"57fc6171-ec77-4650-bb01-a816cb170184","050a659e-1836-4632-bf66-96f8cef24f66","IMM-0085","IMM-0085","C2 Complement","Numeric","U/mL","1","TRUE","TRUE","Active","","","CONFIGURED"
"6f63b364-babe-41f3-a0ea-b6c7a07f5d42","89c799f0-44b6-418e-8689-6570d9b7ccad","IMM-0086","IMM-0086","C5 Complement","Numeric","U/mL","1","TRUE","TRUE","Active","","","CONFIGURED"
"175527bb-c817-4a77-be50-7ec6af1f75ef","e1985793-4e85-480f-b4f9-6046f45dff22","IMM-0087","IMM-0087","Properdin","Numeric","U/mL","1","TRUE","TRUE","Active","","","CONFIGURED"
"5a6ebdd4-70de-42c8-ac7b-dfc4e2ab7ca0","b5645c5b-e97e-481d-85f9-bd7595ba3046","IMM-0088","IMM-0088","Mannose Binding Lectin","Numeric","U/mL","1","TRUE","TRUE","Active","","","CONFIGURED"
"985cec27-f6b1-481f-9df6-e3b78fc379d2","6113f6a8-1fee-4845-88e0-ebd3e733def9","IMM-0089","IMM-0089","Neutrophil Oxidative Burst Test","Numeric","U/mL","1","TRUE","TRUE","Active","","","CONFIGURED"
"55979c33-3f04-4bb7-bf37-cc9548cf2ba9","7a3a5f6f-2b39-42b8-9896-10987f593d67","IMM-0090","IMM-0090","Lymphocyte Subset Panel","Numeric","Descriptive","1","TRUE","TRUE","Active","","","CONFIGURED"
"70896723-d9f9-4b4c-9a3a-10b3a77fcaae","5df2cfea-06f6-4937-8c45-07aa9669d6ed","IMM-0091","IMM-0091","NK Cell Function","Numeric","Descriptive","1","TRUE","TRUE","Active","","","CONFIGURED"
"f4249efa-3d1f-4dab-b834-18fbf359cbbb","c4f99820-70db-4c23-be78-e5b216b86c48","IMM-0092","IMM-0092","Serum Immunoglobulin Electrophoresis","Numeric","U/mL","1","TRUE","TRUE","Active","","","CONFIGURED"
"a8ac5895-79bc-45ce-a5b3-f88f14472ca3","d534a883-f874-4893-99d7-d8f835901eee","IMM-0093","IMM-0093-01","Interleukin-6 (IL-6)","Numeric","pg/mL","1","TRUE","TRUE","Active","","","CONFIGURED"
"def2a611-766c-4c5f-a60f-ee56216f2f25","847b326c-f571-4cb0-a87f-0bb8de603147","IMM-INFLAMMATION","IMM-INFLAMMATION","Sepsis & Inflammatory Markers Panel","Heading","","1","TRUE","TRUE","Active","","","REFERENCE_PENDING"
"8c932496-22b5-4298-8f17-318fcc432d10","8e42764b-3098-4552-85c5-9fdbf853f99a","IMM-VITAMINS","IMM-VITAMINS","Vitamins Suite (Vit D & B12)","Heading","","1","TRUE","TRUE","Active","","","REFERENCE_PENDING"
"c6129e1f-bbac-4555-abd4-4ad91a9a9941","49da1aae-0110-4b90-8504-7dd8b2e61f93","MIC-0001","MIC-0001","Gram Stain","Numeric","Descriptive","1","TRUE","TRUE","Active","","","CONFIGURED"
"787619e8-6c27-4509-b830-be0542f88324","d29cb064-8c46-4b58-9419-56caaef70fd4","MIC-0002","MIC-0002","AFB Smear by Ziehl-Neelsen","Numeric","Descriptive","1","TRUE","TRUE","Active","","","CONFIGURED"
"9354c1c5-9a64-49f8-9b0a-496bf100cb68","865a4b1e-e060-45a4-9872-1d8bddcef695","MIC-0003","MIC-0003","AFB Smear by Fluorescent Stain","Numeric","Descriptive","1","TRUE","TRUE","Active","","","CONFIGURED"
"a65a8602-df78-4fd7-ad89-f5ead123bc18","162efa8d-6c0e-49b5-9904-70597f4ea0a3","MIC-0004","MIC-0004","KOH Mount","Numeric","Descriptive","1","TRUE","TRUE","Active","","","CONFIGURED"
"f617a8af-67af-4499-8c5d-4483ee037a68","62d3bc4f-3e64-4695-a211-a55fe54faaa1","MIC-0005","MIC-0005","India Ink Preparation","Numeric","Descriptive","1","TRUE","TRUE","Active","","","CONFIGURED"
"a2c2c9d9-e09f-454d-99b3-f8cb0345dda9","87e8ddb7-5051-47f2-8fc2-d2a3924b3cc4","MIC-0006","MIC-0006","Wet Mount","Numeric","Descriptive","1","TRUE","TRUE","Active","","","CONFIGURED"
"258ee642-cbb1-47f1-ae8a-58078e30a54f","874ed2ac-9fd1-4294-a7bf-2f66fbb9e870","MIC-0007","MIC-0007","Albert Stain","Numeric","Descriptive","1","TRUE","TRUE","Active","","","CONFIGURED"
"5060938d-bfc9-4923-974f-943ba4f54980","dca3949a-45b6-49b3-958e-a00370b9b085","MIC-0008","MIC-0008","Modified Acid Fast Stain","Numeric","Descriptive","1","TRUE","TRUE","Active","","","CONFIGURED"
"14504c3d-5f02-421c-be6b-74f834808389","cc17e727-3b35-4e9e-86c3-3fbc44cfb8b8","MIC-0009","MIC-0009","Lactophenol Cotton Blue Mount","Numeric","Descriptive","1","TRUE","TRUE","Active","","","CONFIGURED"
"26cfd2c5-9ede-4c36-ad15-54dc43429a43","bc519114-2fb1-4ebb-8fe0-857b8fbc3cbf","MIC-0010","MIC-0010","Blood Culture & Sensitivity","Numeric","Descriptive","1","TRUE","TRUE","Active","","","CONFIGURED"
"4ac77b58-097e-4ae9-8e15-b36ef4ddbfde","52f6ee5d-1e41-4507-95dd-c4a658951ede","MIC-0011","MIC-0011","Urine Culture & Sensitivity","Numeric","Descriptive","1","TRUE","TRUE","Active","","","CONFIGURED"
"aa0bda09-278c-452f-ac82-e4e0fadeb651","e6bd3b05-2330-49dc-8300-d23c2a24e494","MIC-0012","MIC-0012","Stool Culture & Sensitivity","Numeric","Descriptive","1","TRUE","TRUE","Active","","","CONFIGURED"
"45fefb2e-b758-4047-8c9a-5b804c71a03e","39aba059-8d26-4602-b07c-2e110c200ec0","MIC-0013","MIC-0013","Sputum Culture & Sensitivity","Numeric","Descriptive","1","TRUE","TRUE","Active","","","CONFIGURED"
"cf36e880-b45a-403b-bf7d-40b6795cc07b","d41fad3d-6606-4bfd-9b0e-0529d0ce9a06","MIC-0014","MIC-0014","Pus/Wound Swab Culture & Sensitivity","Numeric","Descriptive","1","TRUE","TRUE","Active","","","CONFIGURED"
"515394a2-d20c-4273-b0f8-3f1ae3bbaa0c","5749afa1-1433-49c7-96f9-4f699b56291e","MIC-0015","MIC-0015","Throat Swab Culture & Sensitivity","Numeric","Descriptive","1","TRUE","TRUE","Active","","","CONFIGURED"
"e64779f0-5cff-4423-b9ad-2752a722e582","d01d8546-9497-4de7-89b2-e804d05ee7a8","MIC-0016","MIC-0016","Nasal Swab Culture & Sensitivity","Numeric","Descriptive","1","TRUE","TRUE","Active","","","CONFIGURED"
"752330b9-d104-4e7b-af6e-27c881496235","52d5872e-18c3-43bf-89ce-eecd2079758d","MIC-0017","MIC-0017","Ear Swab Culture & Sensitivity","Numeric","Descriptive","1","TRUE","TRUE","Active","","","CONFIGURED"
"83c1c79d-8736-4822-92c2-cc18230a1dfe","5dd0deaf-8671-40aa-a4ae-93cd9188ae38","MIC-0018","MIC-0018","Eye/Conjunctival Swab Culture & Sensitivity","Numeric","Descriptive","1","TRUE","TRUE","Active","","","CONFIGURED"
"ca45891f-13ac-47dc-859f-2f51f9fdf901","635a25c5-8c3c-4562-a87e-8abda719184b","MIC-0019","MIC-0019","CSF Culture & Sensitivity","Numeric","Descriptive","1","TRUE","TRUE","Active","","","CONFIGURED"
"1a37dfc3-ed4c-48bd-9372-3359e634127c","9f412134-5574-4089-ad55-b02bcc0bca71","MIC-0020","MIC-0020","Pleural Fluid Culture & Sensitivity","Numeric","Descriptive","1","TRUE","TRUE","Active","","","CONFIGURED"
"0835c2c1-5142-4297-86f6-b36dbcc60e14","d01b4bb6-7ef3-4879-9fe6-3eb732c2414e","MIC-0021","MIC-0021","Ascitic Fluid Culture & Sensitivity","Numeric","Descriptive","1","TRUE","TRUE","Active","","","CONFIGURED"
"d952dcb8-0c12-441f-aecb-a6ec48336fc3","79f762d1-2fec-42a7-b2f3-a281bb94403c","MIC-0022","MIC-0022","Pericardial Fluid Culture & Sensitivity","Numeric","Descriptive","1","TRUE","TRUE","Active","","","CONFIGURED"
"de37133d-0a50-4b60-be96-dd78f38b1e38","d2b76723-34c9-4aa1-862f-db73be222d85","MIC-0023","MIC-0023","Synovial Fluid Culture & Sensitivity","Numeric","Descriptive","1","TRUE","TRUE","Active","","","CONFIGURED"
"66468e5a-4012-475b-ab28-e4b14763c91c","6cd4cd68-3ac9-4a23-93d6-fd6a886321a6","MIC-0024","MIC-0024","High Vaginal Swab Culture & Sensitivity","Numeric","Descriptive","1","TRUE","TRUE","Active","","","CONFIGURED"
"825fb7a4-d951-48dd-a104-5c3a86f2861e","b01d5316-8ada-4c78-b191-ebe41b5630a2","MIC-0025","MIC-0025","Endocervical Swab Culture & Sensitivity","Numeric","Descriptive","1","TRUE","TRUE","Active","","","CONFIGURED"
"046b24d0-5548-484a-8a1c-cf3e733d2c6d","e1776dcf-2a0a-4f4f-bc99-fb7e5cc031fc","MIC-0026","MIC-0026","Urethral Swab Culture & Sensitivity","Numeric","Descriptive","1","TRUE","TRUE","Active","","","CONFIGURED"
"8c3f6ae9-fe0c-4002-b74f-552c6afc70c9","c6700366-cc5e-485b-a810-f5d8d7f9dd58","MIC-0027","MIC-0027","Semen Culture & Sensitivity","Numeric","Descriptive","1","TRUE","TRUE","Active","","","CONFIGURED"
"d373d090-5985-4ee5-b786-7bc085a5bd98","f9900611-e782-4d1e-ab7c-f6616417be3c","MIC-0028","MIC-0028","Prostatic Secretion Culture & Sensitivity","Numeric","Descriptive","1","TRUE","TRUE","Active","","","CONFIGURED"
"bd8088e6-3f64-414f-812c-acc238b340fa","3df21876-5e97-4ac4-8e7e-6702833d4af6","MIC-0029","MIC-0029","Catheter Tip Culture & Sensitivity","Numeric","Descriptive","1","TRUE","TRUE","Active","","","CONFIGURED"
"41c428b8-7f19-4aa9-93d8-87839df94478","91b27659-3612-4f26-9cc7-c83a1cc28765","MIC-0030","MIC-0030","Drain Fluid Culture & Sensitivity","Numeric","Descriptive","1","TRUE","TRUE","Active","","","CONFIGURED"
"97a37236-52c8-403f-95ff-2314dd57845f","b84c888c-d3b7-4f91-9506-5a0449ca2232","MIC-0031","MIC-0031","Tissue Culture & Sensitivity","Numeric","Descriptive","1","TRUE","TRUE","Active","","","CONFIGURED"
"5f936f38-a217-46f9-a7f4-f3877d3dc932","ea7c0ab3-2255-4669-9bcb-7feb2f50cfc5","MIC-0032","MIC-0032","Bone Culture & Sensitivity","Numeric","Descriptive","1","TRUE","TRUE","Active","","","CONFIGURED"
"afe11576-bbad-4e04-bcb4-18590ef0cc95","b795453a-1422-4506-8839-dde66c111454","MIC-0033","MIC-0033","Bile Culture & Sensitivity","Numeric","Descriptive","1","TRUE","TRUE","Active","","","CONFIGURED"
"733bc948-875d-43a0-9e6e-a2da91b6d935","00e83ad1-6199-4e56-ba0f-18bcdc8269bd","MIC-0034","MIC-0034","Bronchoalveolar Lavage Culture & Sensitivity","Numeric","Descriptive","1","TRUE","TRUE","Active","","","CONFIGURED"
"1fd0b416-6a98-4eb7-959e-e3a12ba6c602","f9534bc0-7005-481d-b880-f74f6cf59a98","MIC-0035","MIC-0035","Tracheal Aspirate Culture & Sensitivity","Numeric","Descriptive","1","TRUE","TRUE","Active","","","CONFIGURED"
"f7d5a7b9-8544-4774-96e7-89fdbf56f1ca","9596c80d-f722-4713-9292-7f75a3221ea7","MIC-0036","MIC-0036","Endotracheal Aspirate Culture & Sensitivity","Numeric","Descriptive","1","TRUE","TRUE","Active","","","CONFIGURED"
"ca80372c-6a18-4290-a596-9ff1b3add903","5c5474ce-a47a-42e3-8179-2616431ce58a","MIC-0037","MIC-0037","Placental Tissue Culture & Sensitivity","Numeric","Descriptive","1","TRUE","TRUE","Active","","","CONFIGURED"
"2a8f4e1a-192d-4752-aaaf-f3260c7b37e5","20d33098-0fe6-4d9d-b6e0-307aec54c20e","MIC-0038","MIC-0038","Umbilical Swab Culture & Sensitivity","Numeric","Descriptive","1","TRUE","TRUE","Active","","","CONFIGURED"
"45990765-0c50-4bfa-a68a-4d615710d975","7852a812-ecac-463e-a968-e36868a06afd","MIC-0039","MIC-0039","Breast Milk Culture & Sensitivity","Numeric","Descriptive","1","TRUE","TRUE","Active","","","CONFIGURED"
"51e824b4-6e5b-45c6-b4f0-7806a4c3d849","cf27e0d5-c8bc-4efa-a83e-91c4486b7a62","MIC-0040","MIC-0040","Sputum Mycobacterial Culture","Numeric","Descriptive","1","TRUE","TRUE","Active","","","CONFIGURED"
"d7be86fa-b78c-473e-9289-2101ce0355a5","a9ca7e85-2518-4337-89f1-c8ea45e1fc01","MIC-0041","MIC-0041","BAL Mycobacterial Culture","Numeric","Descriptive","1","TRUE","TRUE","Active","","","CONFIGURED"
"b36461ac-a854-4582-a471-9df6d4db1a9b","55a11e58-2315-4714-8005-52139d6c6c2e","MIC-0042","MIC-0042","Tissue Mycobacterial Culture","Numeric","Descriptive","1","TRUE","TRUE","Active","","","CONFIGURED"
"92101ff9-585a-4c7a-a4c6-829fa7e66b7c","8dd51f50-e9f6-413a-b09e-b6c2e53fd159","MIC-0043","MIC-0043","CSF Mycobacterial Culture","Numeric","Descriptive","1","TRUE","TRUE","Active","","","CONFIGURED"
"5539a9b4-ecf9-4612-9639-f0be0e3e28cd","c42a4ace-c2d5-45ca-9743-0ad13afa41c8","MIC-0044","MIC-0044","Urine Mycobacterial Culture","Numeric","Descriptive","1","TRUE","TRUE","Active","","","CONFIGURED"
"a55d10a0-e9b6-496e-93fd-7f5c1139947d","f5752a26-ea82-41f4-8cad-e03e1a420c21","MIC-0045","MIC-0045","Pus Mycobacterial Culture","Numeric","Descriptive","1","TRUE","TRUE","Active","","","CONFIGURED"
"d5646c6b-7153-4a50-8782-b8ca9771d6aa","3cdb08de-33f7-41cb-9acb-e46d4c1968b7","MIC-0046","MIC-0046","Lymph Node Aspirate Mycobacterial Culture","Numeric","Descriptive","1","TRUE","TRUE","Active","","","CONFIGURED"
"7b969389-bc03-4bc6-9ef5-5dda841ab15d","b015a64f-f2d7-406e-b771-89cf159c840f","MIC-0047","MIC-0047","Skin Scraping Fungal Culture","Numeric","Descriptive","1","TRUE","TRUE","Active","","","CONFIGURED"
"fb445bca-99ea-45ee-bad3-8e998369e1ec","6858eeb2-36d1-4506-9a4f-970ff4906070","MIC-0048","MIC-0048","Nail Clipping Fungal Culture","Numeric","Descriptive","1","TRUE","TRUE","Active","","","CONFIGURED"
"4b1d3ded-5006-41db-9385-fcb43bb590dd","35cdeaf5-05a9-4ed3-a7bb-03a1ca5b84fe","MIC-0049","MIC-0049","Hair Fungal Culture","Numeric","Descriptive","1","TRUE","TRUE","Active","","","CONFIGURED"
"56b20512-3a0d-4b84-a9be-c1f618c37b79","b3e3a7fa-e170-4014-9357-27ae807ea30a","MIC-0050","MIC-0050","Sputum Fungal Culture","Numeric","Descriptive","1","TRUE","TRUE","Active","","","CONFIGURED"
"777d3f5f-793a-43fc-aee9-81e5b71c1b97","916996bd-c3e3-4756-915d-7db78bb30c84","MIC-0051","MIC-0051","BAL Fungal Culture","Numeric","Descriptive","1","TRUE","TRUE","Active","","","CONFIGURED"
"21bc5a75-cbb4-49f8-b88b-1e027bb14f7a","8c10f3e9-7800-453f-bb7f-d27b4d3a92e6","MIC-0052","MIC-0052","Tissue Fungal Culture","Numeric","Descriptive","1","TRUE","TRUE","Active","","","CONFIGURED"
"40840349-6314-4a56-97fa-f8894fe4b384","fceb73b8-453f-4da1-933a-8a22689286e5","MIC-0053","MIC-0053","Blood Fungal Culture","Numeric","Descriptive","1","TRUE","TRUE","Active","","","CONFIGURED"
"e5860ceb-4c2d-4da1-b5c2-3b287e9c39f7","e2434c07-6733-4147-8c2b-d7b9b2095783","MIC-0054","MIC-0054","Urine Fungal Culture","Numeric","Descriptive","1","TRUE","TRUE","Active","","","CONFIGURED"
"b02b4f3b-8f68-4eab-9931-744ea8ba0fe4","fff52bf4-061b-4cda-b763-9488b4a85d70","MIC-0055","MIC-0055","CSF Fungal Culture","Numeric","Descriptive","1","TRUE","TRUE","Active","","","CONFIGURED"
"8be006c2-ddac-4ae9-8d57-1e8980c16dbf","48cbbb56-2af0-4a78-912b-45b28b5ae4de","MIC-0056","MIC-0056","Vaginal Swab Fungal Culture","Numeric","Descriptive","1","TRUE","TRUE","Active","","","CONFIGURED"
"bbdc70a8-2501-41f0-a5b8-9f94e1370df8","d5794725-7f54-4368-aa0a-62c7b3061630","MIC-0057","MIC-0057","Anaerobic Culture & Sensitivity","Numeric","Descriptive","1","TRUE","TRUE","Active","","","CONFIGURED"
"1e261596-dbd3-40fb-89f4-f84052fe62ba","67a2174e-23ea-471a-b2ef-8d57584a03d7","MIC-0058","MIC-0058","MRSA Screen Culture","Numeric","Descriptive","1","TRUE","TRUE","Active","","","CONFIGURED"
"a129dc8b-054f-442d-81ab-9132ac5642af","4b3d9d7e-91f2-40af-b798-b9bee1a4d872","MIC-0059","MIC-0059","VRE Screen Culture","Numeric","Descriptive","1","TRUE","TRUE","Active","","","CONFIGURED"
"9159031a-c82f-4ae1-9002-a838df622a6f","ec4783d5-d4e1-4ec6-960a-acb6992b0365","MIC-0060","MIC-0060","ESBL Phenotypic Confirmation","Numeric","Descriptive","1","TRUE","TRUE","Active","","","CONFIGURED"
"46ae3df4-a2de-4b6d-8ae8-96b1ca62cb3d","40aecf88-5a31-4dcc-937f-7b9d4e8d4859","MIC-0061","MIC-0061","Carbapenemase Phenotypic Confirmation","Numeric","Descriptive","1","TRUE","TRUE","Active","","","CONFIGURED"
"85ed778b-bbb8-417a-b0f3-4ea0b6279bf6","dc9926d3-b527-4cc6-ba87-6fb0d614ef36","MIC-0062","MIC-0062","Colistin Susceptibility Test","Numeric","Descriptive","1","TRUE","TRUE","Active","","","CONFIGURED"
"2a280b9c-d21a-4507-8b74-c8c06500bb40","f3225fa1-829a-4f90-8003-ca1f04570a6d","MIC-0063","MIC-0063","MIC by Broth Microdilution","Numeric","Descriptive","1","TRUE","TRUE","Active","","","CONFIGURED"
"9438e4d9-a5a8-4f9c-b1a6-0e94c18e3786","3ed0b30c-5b52-4e56-8e08-4f0b4aafab36","MIC-0064","MIC-0064","Automated Blood Culture","Numeric","Descriptive","1","TRUE","TRUE","Active","","","CONFIGURED"
"c779f990-c755-42d7-baa8-c10197a83111","b473ac73-ff85-49d1-8024-00199be41626","MIC-0065","MIC-0065","Fungal Blood Culture","Numeric","Descriptive","1","TRUE","TRUE","Active","","","CONFIGURED"
"9541ef14-d2de-4716-98bf-a811b0fcd59a","3051ba4b-2971-4bf8-9be7-c92f3c68df2f","MIC-0066","MIC-0066","Sterility Culture","Numeric","Descriptive","1","TRUE","TRUE","Active","","","CONFIGURED"
"6760778c-d0cc-4985-817d-42653a1e2c30","9e9b411d-dcbe-43d9-8767-10d4be229081","MOL-0001","MOL-0001","SARS-CoV-2 RT-PCR","Numeric","Qualitative","1","TRUE","TRUE","Active","","","CONFIGURED"
"dbe1071e-ffe3-4bf2-9a75-0c9fc0bef6dd","42ed6fa5-3f46-4479-a604-2a99dba54017","MOL-0002","MOL-0002","Influenza A PCR","Numeric","Qualitative","1","TRUE","TRUE","Active","","","CONFIGURED"
"eed6ffa7-b9a7-4ab6-b37f-1370bc4cf675","4fac8a60-8a73-4478-a8e9-c80169eff04d","MOL-0003","MOL-0003","Influenza B PCR","Numeric","Qualitative","1","TRUE","TRUE","Active","","","CONFIGURED"
"f713dc0c-3354-48d9-9130-23bcb79d12ab","2fa457e9-da52-47bd-b8f8-031a98a16965","MOL-0004","MOL-0004","RSV PCR","Numeric","Qualitative","1","TRUE","TRUE","Active","","","CONFIGURED"
"bb3fb42c-2858-41af-aa94-e936ea22d946","d0fe0406-269b-492e-a3f1-3b976d268944","MOL-0005","MOL-0005","HBV DNA Quantitative","Numeric","IU/mL","1","TRUE","TRUE","Active","","","CONFIGURED"
"2d5912d5-2cad-4fd7-8803-718a08311cbc","40d30b8e-5444-49b0-8efb-e1716c481e89","MOL-0006","MOL-0006","HCV RNA Quantitative","Numeric","IU/mL","1","TRUE","TRUE","Active","","","CONFIGURED"
"298fc9db-7153-4c2f-8a67-5a42ccb13db6","e1111611-56b2-4885-a167-e86a0e621f60","MOL-0007","MOL-0007","HIV-1 RNA Viral Load","Numeric","copies/mL","1","TRUE","TRUE","Active","","","CONFIGURED"
"722bcb6a-9052-4939-98a7-a2735ac9af3e","d6dde9c0-735f-4385-bbf9-b0d189d85027","MOL-0008","MOL-0008","CMV DNA Quantitative","Numeric","IU/mL","1","TRUE","TRUE","Active","","","CONFIGURED"
"6efc147c-eec1-4905-893f-68ef31afeac3","9ee5e752-545f-453b-93c6-9923429d3185","MOL-0009","MOL-0009","EBV DNA Quantitative","Numeric","copies/mL","1","TRUE","TRUE","Active","","","CONFIGURED"
"fe623343-685d-48ca-b6b9-e6257ebd33f6","b48704a4-cd30-452f-9924-8e87f47907d5","MOL-0010","MOL-0010","BK Virus DNA Quantitative","Numeric","copies/mL","1","TRUE","TRUE","Active","","","CONFIGURED"
"722314a3-4550-46a7-a29c-201ea2fffe5c","8d87587b-cb68-482d-9820-2df9e93911c8","MOL-0011","MOL-0011","JC Virus DNA PCR","Numeric","Qualitative","1","TRUE","TRUE","Active","","","CONFIGURED"
"59bc2f79-31e8-4180-b5be-f2ec87242533","950be1b7-6ff9-4c64-ba2f-fcb4c91d855b","MOL-0012","MOL-0012","HSV-1/2 DNA PCR","Numeric","Qualitative","1","TRUE","TRUE","Active","","","CONFIGURED"
"f3b2b442-44fa-4c33-ae4d-7838e4190374","10a454e5-11e9-40b6-9b9f-cdceae73dec6","MOL-0013","MOL-0013","VZV DNA PCR","Numeric","Qualitative","1","TRUE","TRUE","Active","","","CONFIGURED"
"5147333f-6662-4062-8d00-0ee68ebdca51","8d42bf24-56f7-466b-ab3c-aa3a909123a9","MOL-0014","MOL-0014","HPV DNA High Risk","Numeric","Qualitative","1","TRUE","TRUE","Active","","","CONFIGURED"
"6f0912c8-0e2f-4bbc-8f06-c395effd8a21","b5030cae-9a26-44d4-9803-a2430ff72542","MOL-0015","MOL-0015","HPV Genotyping","Numeric","Genotype","1","TRUE","TRUE","Active","","","CONFIGURED"
"1b3d66c0-a54a-4b06-b915-25021c105080","8810fa1d-ccb1-4645-8e17-956bfc77fbf4","MOL-0016","MOL-0016","Chlamydia trachomatis NAAT","Numeric","Qualitative","1","TRUE","TRUE","Active","","","CONFIGURED"
"a42a0dd7-36cf-43e6-ae48-5814c1fe4230","41636358-4b9f-495b-a050-22a863fdce3e","MOL-0017","MOL-0017","Neisseria gonorrhoeae NAAT","Numeric","Qualitative","1","TRUE","TRUE","Active","","","CONFIGURED"
"0f9b446c-7eeb-4da2-9e56-9020cb479fbf","5614632b-d482-4967-9bbc-7aa00ddd2217","MOL-0018","MOL-0018","Trichomonas vaginalis NAAT","Numeric","Qualitative","1","TRUE","TRUE","Active","","","CONFIGURED"
"a28b6091-9f47-40f4-8d64-1eb787e3831b","ea3d8b66-5e76-4ba7-9650-679a36386d84","MOL-0019","MOL-0019","Mycoplasma genitalium NAAT","Numeric","Qualitative","1","TRUE","TRUE","Active","","","CONFIGURED"
"1806b77d-f972-42b3-bec9-542b3092e9ee","72cfba76-c43f-46e2-a2ba-d53c1f7a1b40","MOL-0020","MOL-0020","TB MTB/RIF Molecular Test","Numeric","Qualitative","1","TRUE","TRUE","Active","","","CONFIGURED"
"ec9910ef-9606-456b-aa4e-c13168985d6c","ee3a73a4-17c7-4bbf-83d2-e612a0189108","MOL-0021","MOL-0021","MTB PCR","Numeric","Qualitative","1","TRUE","TRUE","Active","","","CONFIGURED"
"bc1da409-326d-490e-b5e2-9e06a47b0634","f755eb3d-c766-41e5-9448-bf7dce219e2b","MOL-0022","MOL-0022","TB Drug Resistance Molecular Panel","Numeric","Interpretive","1","TRUE","TRUE","Active","","","CONFIGURED"
"d4911f5d-2cc4-496a-a755-0aacea521eac","8655f010-568b-4b19-8ce9-925070eb3f31","MOL-0023","MOL-0023","Malaria PCR","Numeric","Qualitative","1","TRUE","TRUE","Active","","","CONFIGURED"
"fed39f2e-0f08-4b0b-b438-3c7956ce47d6","bf9c3c33-fab4-4dda-a531-1a5d9b50df37","MOL-0024","MOL-0024","Dengue RT-PCR","Numeric","Qualitative","1","TRUE","TRUE","Active","","","CONFIGURED"
"7a0ed151-6257-4988-9466-725d616dc394","a6cda9ae-261f-4772-984c-43c7f72be059","MOL-0025","MOL-0025","Chikungunya RT-PCR","Numeric","Qualitative","1","TRUE","TRUE","Active","","","CONFIGURED"
"87560055-22d5-42ea-9618-790972528159","f2b159ca-a601-4f06-8f35-597c4f0f6d64","MOL-0026","MOL-0026","Scrub Typhus PCR","Numeric","Qualitative","1","TRUE","TRUE","Active","","","CONFIGURED"
"188f557c-37b9-4b82-9cfa-6b0407510d3e","6f081024-ca20-4d2c-b9f5-30e857f5ef8d","MOL-0027","MOL-0027","Leptospira PCR","Numeric","Qualitative","1","TRUE","TRUE","Active","","","CONFIGURED"
"95b16edd-2094-4335-b682-0cc720e0a1f2","6aee82d6-1cf6-4973-9606-39036fc4c12c","MOL-0028","MOL-0028","BCR-ABL1 Quantitative PCR","Numeric","% IS","1","TRUE","TRUE","Active","","","CONFIGURED"
"4218e49a-89de-4e1e-9bc0-da0d9762a8d3","e4bdd10f-b02d-4c9e-bd29-b08627f21757","MOL-0029","MOL-0029","JAK2 V617F Mutation","Numeric","Detected/Not detected","1","TRUE","TRUE","Active","","","CONFIGURED"
"50c60b60-ae48-4596-a18f-223caa51d964","a9574a1f-9d0c-4e2d-925c-e5b33d0f4f01","MOL-0030","MOL-0030","JAK2 Exon 12 Mutation","Numeric","Detected/Not detected","1","TRUE","TRUE","Active","","","CONFIGURED"
"37599d47-b0fc-49fe-9aae-61b40468e51d","43ecf93e-2fde-4353-913a-994d80d97e2f","MOL-0031","MOL-0031","CALR Mutation","Numeric","Detected/Not detected","1","TRUE","TRUE","Active","","","CONFIGURED"
"53a15427-867e-4975-9573-05c79ad46263","ca76d406-0db8-4f0d-8349-5fe7528e0dd6","MOL-0032","MOL-0032","MPL Mutation","Numeric","Detected/Not detected","1","TRUE","TRUE","Active","","","CONFIGURED"
"c5b9d654-c864-4ee2-80ca-df774452542e","90528cbe-51a3-4e4b-94e6-6775849fcc96","MOL-0033","MOL-0033","FLT3 ITD/TKD","Numeric","Detected/Not detected","1","TRUE","TRUE","Active","","","CONFIGURED"
"a60899c6-df3f-49ca-8216-173940b04725","2bded3e3-f8bf-435f-8cc8-7198ebca2951","MOL-0034","MOL-0034","NPM1 Mutation","Numeric","Detected/Not detected","1","TRUE","TRUE","Active","","","CONFIGURED"
"3bd9edfc-d537-49dc-acfc-388bfa1420f9","fd311fd0-9abf-43a7-b557-afe8b942ee92","MOL-0035","MOL-0035","PML-RARA Fusion","Numeric","Detected/Not detected","1","TRUE","TRUE","Active","","","CONFIGURED"
"67166104-06dd-4d72-a671-0b007c888127","7304ae0a-dc73-4f41-a4f5-6a25c5c5002a","MOL-0036","MOL-0036","RUNX1-RUNX1T1 Fusion","Numeric","Detected/Not detected","1","TRUE","TRUE","Active","","","CONFIGURED"
"9d0934f4-4d9d-45e0-923f-97b54662bc71","5eafaceb-8bba-4dc0-bf64-ce04e3306074","MOL-0037","MOL-0037","CBFB-MYH11 Fusion","Numeric","Detected/Not detected","1","TRUE","TRUE","Active","","","CONFIGURED"
"c25b11ac-9488-4a21-b4ca-99109875c1e6","5f559923-e84b-422b-b66b-e96a5108a68c","MOL-0038","MOL-0038","EGFR Mutation Panel","Numeric","Variant report","1","TRUE","TRUE","Active","","","CONFIGURED"
"78b461ee-8aab-42ba-9c62-03688bd0c1ad","96ab5a12-8432-4cde-81b4-cb50a08a1cb3","MOL-0039","MOL-0039","KRAS Mutation","Numeric","Variant report","1","TRUE","TRUE","Active","","","CONFIGURED"
"f5bc47ad-2705-4474-adcd-0bd5ae0c33d5","a2fff291-1aa2-4f4b-9924-e814257a6350","MOL-0040","MOL-0040","NRAS Mutation","Numeric","Variant report","1","TRUE","TRUE","Active","","","CONFIGURED"
"97e6f216-8f43-4216-866c-dd20bf769d6e","878c9189-b3fa-4841-9b0a-ddc4ba3e4216","MOL-0041","MOL-0041","BRAF V600 Mutation","Numeric","Variant report","1","TRUE","TRUE","Active","","","CONFIGURED"
"a730db68-0423-4b4c-a3e6-af2c97de990b","dc35d0aa-ec9c-479f-873a-72d6088eac64","MOL-0042","MOL-0042","PIK3CA Mutation","Numeric","Variant report","1","TRUE","TRUE","Active","","","CONFIGURED"
"6c85f7cd-ea54-4362-9fbc-d2afbb5994da","fe3be948-2a61-4c72-b101-8285e2d5bced","MOL-0043","MOL-0043","ALK Rearrangement","Numeric","Interpretive","1","TRUE","TRUE","Active","","","CONFIGURED"
"c75fd0ac-0387-4acc-ba0c-a21f0689a93b","73d92b81-68de-4989-bdc4-259d26a76ad4","MOL-0044","MOL-0044","ROS1 Rearrangement","Numeric","Interpretive","1","TRUE","TRUE","Active","","","CONFIGURED"
"5c3d827d-ccbf-4c8c-8d83-6b93c07551be","45610ee5-4b4b-403b-abb8-4af40755a769","MOL-0045","MOL-0045","RET Rearrangement","Numeric","Interpretive","1","TRUE","TRUE","Active","","","CONFIGURED"
"8ec841c0-fd92-41d8-8eff-c99c2f79c2a9","5b383434-7327-44de-a239-95113f98f557","MOL-0046","MOL-0046","NTRK Fusion","Numeric","Interpretive","1","TRUE","TRUE","Active","","","CONFIGURED"
"5fece2ec-ecdc-4ac9-b533-1e0a4b51c8e6","15f51ac6-5710-48e8-86cf-02ae05a188ef","MOL-0047","MOL-0047","HER2 Amplification by ISH","Numeric","Interpretive","1","TRUE","TRUE","Active","","","CONFIGURED"
"f9d7062a-dae6-4ace-8e7e-31ea6a2ed8d3","c1f79cf6-ac1b-4af1-9165-b541f62f533d","MOL-0048","MOL-0048","MSI Testing","Numeric","Interpretive","1","TRUE","TRUE","Active","","","CONFIGURED"
"df501eb8-22fa-4ed2-ab8e-14a2be489a35","137d5353-7272-44e0-a6f5-6ad413d03d9c","MOL-0049","MOL-0049","Tumor Mutational Burden","Numeric","mut/Mb","1","TRUE","TRUE","Active","","","CONFIGURED"
"5ca5cf59-8d59-4927-806e-1f04bc22d01e","65f78c0b-90f1-4e96-9ed6-3ed1477b1259","MOL-0050","MOL-0050","BRCA1/BRCA2 Germline","Numeric","Variant report","1","TRUE","TRUE","Active","","","CONFIGURED"
"2efd10ec-1361-4904-a7aa-085957e3c613","867d068e-10c8-43ab-8e47-e8a759115a88","MOL-0051","MOL-0051","BRCA1/BRCA2 Somatic","Numeric","Variant report","1","TRUE","TRUE","Active","","","CONFIGURED"
"eae4ad5a-7f0b-45d9-8f47-0882f0c53458","4987bcc5-9c41-46d3-b1e1-caf62e2211a2","MOL-0052","MOL-0052","MLH1 Promoter Methylation","Numeric","Interpretive","1","TRUE","TRUE","Active","","","CONFIGURED"
"43a0db4c-c9d0-4ab6-b968-2f3eb7d14bf7","21805ac8-05d6-4d86-9de9-e3630c12fc66","MOL-0053","MOL-0053","Norovirus PCR","Numeric","Qualitative","1","TRUE","TRUE","Active","","","CONFIGURED"
"911887da-1f3c-46bd-97e9-9be43d346c7f","ac0fe2f2-e578-45bc-ae12-466c488137e2","MOL-0054","MOL-0054","Rotavirus PCR","Numeric","Qualitative","1","TRUE","TRUE","Active","","","CONFIGURED"
"6d9887d9-55a5-4002-8952-a0ba00de0e2f","05b544a0-5c05-422b-ab2b-ce7989ce51fb","MOL-0055","MOL-0055","Adenovirus PCR - Stool","Numeric","Qualitative","1","TRUE","TRUE","Active","","","CONFIGURED"
"8af924bf-1218-4c99-8716-211de518fc60","7ab05c14-f313-4f7c-9875-deecc8348890","MOL-0056","MOL-0056","Enteric Bacterial PCR Panel","Numeric","Qualitative","1","TRUE","TRUE","Active","","","CONFIGURED"
"1b03f7b3-9a78-4272-a558-7c66cdf4fe02","17d05c17-692e-4154-9f7e-f00616f16c97","MOL-0057","MOL-0057","GI Pathogen Multiplex PCR Panel","Numeric","Qualitative","1","TRUE","TRUE","Active","","","CONFIGURED"
"76e0f863-4fb8-433d-a072-5803af433bfc","e833e09b-cd44-48d2-b603-2b57d62eb383","MOL-0058","MOL-0058","Meningitis/Encephalitis Multiplex PCR Panel","Numeric","Qualitative","1","TRUE","TRUE","Active","","","CONFIGURED"
"a19a2f80-5801-4109-ab6c-14e96e3aacd6","90fe6289-fb4f-4a49-9c93-ec77e08c83e9","MOL-0059","MOL-0059","Respiratory Pathogen Multiplex PCR Panel","Numeric","Qualitative","1","TRUE","TRUE","Active","","","CONFIGURED"
"c431e185-4d5c-4a36-8eaf-54861ad47035","2a651597-ecf6-4954-b978-558a2f2a5ca7","MOL-0060","MOL-0060","Pneumocystis jirovecii PCR","Numeric","Qualitative","1","TRUE","TRUE","Active","","","CONFIGURED"
"e2931552-53b7-4ef3-a9ce-29e1f024c9f0","1b706fc4-ca4a-425f-bd9b-dd99274236f2","MOL-0061","MOL-0061","Aspergillus PCR","Numeric","Qualitative","1","TRUE","TRUE","Active","","","CONFIGURED"
"dd793b12-f0c5-4980-9502-78975672e03d","d9da3981-dd20-437d-b602-269dbe460f1e","MOL-0062","MOL-0062","Candida Species PCR","Numeric","Qualitative","1","TRUE","TRUE","Active","","","CONFIGURED"
"04eafbe8-e92e-4a72-a2cd-8ea5cafc966e","944269e2-a60a-49e2-b9ae-82f75fae41fe","MOL-0063","MOL-0063","Cryptococcus PCR","Numeric","Qualitative","1","TRUE","TRUE","Active","","","CONFIGURED"
"e0970ca9-dee8-4dc6-9048-d4af3b1eceb3","16b2f1af-3193-4a4d-815e-5768851721a1","MOL-0064","MOL-0064","Toxoplasma gondii PCR","Numeric","Qualitative","1","TRUE","TRUE","Active","","","CONFIGURED"
"a2f15fd4-9184-45c9-8da6-eefc08256fcf","707c5925-4a99-4a69-aeab-9b4f8aeeb698","MOL-0065","MOL-0065","Parvovirus B19 PCR","Numeric","Qualitative","1","TRUE","TRUE","Active","","","CONFIGURED"
"c0965e2b-9b30-461f-b31e-2fb300c239d8","f77713bc-3b9a-4ba2-937f-549526810dd3","MOL-0066","MOL-0066","HHV-6 DNA PCR","Numeric","Qualitative","1","TRUE","TRUE","Active","","","CONFIGURED"
"4f191f27-53d1-488a-be46-fb3a6cd25bf8","aa1b93d8-ed23-4a12-8990-e43fb47aeb87","MOL-0067","MOL-0067","HHV-8 DNA PCR","Numeric","Qualitative","1","TRUE","TRUE","Active","","","CONFIGURED"
"10411298-e7b6-4611-960e-365f372e62ff","ada3c29f-c70d-471b-aa35-dfd2e175505a","MOL-0068","MOL-0068","Enterovirus PCR","Numeric","Qualitative","1","TRUE","TRUE","Active","","","CONFIGURED"
"7a00e883-59bd-4949-8d26-a23d1ef8b87c","8e46db87-0b70-45ee-ae17-99acbaeb7e65","MOL-0069","MOL-0069","Parechovirus PCR","Numeric","Qualitative","1","TRUE","TRUE","Active","","","CONFIGURED"
"e9a58460-b640-4c88-bfe3-774d7d6507c2","f3eecf36-df78-49c6-a6a8-0aac63993cd1","MOL-0070","MOL-0070","West Nile Virus PCR","Numeric","Qualitative","1","TRUE","TRUE","Active","","","CONFIGURED"
"81943beb-98a2-4eab-a419-4c2a908937b4","d722d754-a802-4716-8f71-6a6750e09597","MOL-0071","MOL-0071","Japanese Encephalitis Virus PCR","Numeric","Qualitative","1","TRUE","TRUE","Active","","","CONFIGURED"
"8d94908e-2ff8-47de-82f9-a1c0f29f56e0","9f101208-d5dc-4306-b8d0-6479752e289e","MOL-0072","MOL-0072","Zika Virus RT-PCR","Numeric","Qualitative","1","TRUE","TRUE","Active","","","CONFIGURED"
"02777348-ad12-40cc-9ec8-c26754ac1330","62549fd9-c9f6-4080-9349-fe0163ba2b73","MOL-0073","MOL-0073","Mpox (Monkeypox) PCR","Numeric","Qualitative","1","TRUE","TRUE","Active","","","CONFIGURED"
"c8732e3e-0c7a-4f97-a5f7-7131c8758998","780e4366-a347-4427-bae5-0d0078bf502b","MOL-0074","MOL-0074","Bordetella pertussis PCR","Numeric","Qualitative","1","TRUE","TRUE","Active","","","CONFIGURED"
"dc30090f-fca9-40d7-a5ae-1e7cfe218b7e","30e41698-9b21-412e-94e0-0740364d6f61","MOL-0075","MOL-0075","Legionella pneumophila PCR","Numeric","Qualitative","1","TRUE","TRUE","Active","","","CONFIGURED"
"1f338ff7-3e40-4a05-b008-be203ea721f7","21106b59-7589-4c81-b44f-0e250a666b57","MOL-0076","MOL-0076","Streptococcus pneumoniae PCR","Numeric","Qualitative","1","TRUE","TRUE","Active","","","CONFIGURED"
"0f9a6adf-2938-4db0-950b-039df5467a09","eb850a17-b093-4de4-97b0-924fdb1cc3bd","MOL-0077","MOL-0077","Haemophilus influenzae PCR","Numeric","Qualitative","1","TRUE","TRUE","Active","","","CONFIGURED"
"8a39723e-948c-4f35-a224-93771919c06d","43440fa8-ddaf-435d-be57-4b937be6079f","MOL-0078","MOL-0078","Mycoplasma pneumoniae PCR","Numeric","Qualitative","1","TRUE","TRUE","Active","","","CONFIGURED"
"949a8ed0-5291-4a44-9e1f-82cdd9ca2b32","d5bc6fb3-532a-4bb0-8ccc-eb2018e167d1","MOL-0079","MOL-0079","Chlamydophila pneumoniae PCR","Numeric","Qualitative","1","TRUE","TRUE","Active","","","CONFIGURED"
"c3a50d0d-86c0-423b-8367-435b101a2e44","d6c1eb77-7187-4c84-a725-087960bad8a6","MOL-0080","MOL-0080","MRSA PCR Screen","Numeric","Qualitative","1","TRUE","TRUE","Active","","","CONFIGURED"
"26504e4b-c7e9-4bf1-9048-93c04e90f008","bfdad880-3e18-4b48-9b18-db2bfc6417bd","MOL-0081","MOL-0081","Clostridioides difficile Toxin Gene PCR","Numeric","Qualitative","1","TRUE","TRUE","Active","","","CONFIGURED"
"35760849-43ab-4064-b015-394a7f116e48","3aa13e7e-6613-4852-8861-9625cffc29b5","MOL-0082","MOL-0082","Group B Streptococcus PCR","Numeric","Qualitative","1","TRUE","TRUE","Active","","","CONFIGURED"
"d3cd7b54-57ea-4ec7-b670-04a55e672f30","a8b371c8-ce8b-4fff-a85f-a35cffa9d628","MOL-0083","MOL-0083","Candida auris PCR","Numeric","Qualitative","1","TRUE","TRUE","Active","","","CONFIGURED"
"d415a7ef-b14f-43a6-98db-9f9d4d9070f6","9a7e8a3b-d01c-4255-8534-eaffd968436f","PCT_SEPSIS","PCT_SEPSIS","Procalcitonin (PCT)","Numeric","ng/mL","1","TRUE","TRUE","Active","","","CONFIGURED"
"5e83d209-1fb8-40f9-a25c-4ccf170a1212","8c859ce3-e46e-4b0b-9760-92799c80bd47","POC-0002","POC-0002-01","pH (Venous)","Numeric","","1","TRUE","TRUE","Active","","","REFERENCE_PENDING"
"a6adfa00-d61d-4afa-8397-827f893814d2","8c859ce3-e46e-4b0b-9760-92799c80bd47","POC-0002","POC-0002-02","pvCO2","Numeric","mmHg","2","TRUE","TRUE","Active","","","CONFIGURED"
"f59f500b-fa0e-4661-98cc-ead4f58518da","8c859ce3-e46e-4b0b-9760-92799c80bd47","POC-0002","POC-0002-03","pvO2","Numeric","mmHg","3","TRUE","TRUE","Active","","","CONFIGURED"
"14fc7d8a-be40-4e76-bf16-4d089b671dd6","8c859ce3-e46e-4b0b-9760-92799c80bd47","POC-0002","POC-0002-04","HCO3- / Bicarbonate","Numeric","mmol/L","4","TRUE","TRUE","Active","","","CONFIGURED"
"8187f1a2-ccd2-43e4-8b3a-e70dd0921dca","8c859ce3-e46e-4b0b-9760-92799c80bd47","POC-0002","POC-0002-05","Base Excess","Numeric","mmol/L","5","TRUE","TRUE","Active","","","CONFIGURED"
"24242fce-2603-4b1d-b237-94b1c535d13a","8c859ce3-e46e-4b0b-9760-92799c80bd47","POC-0002","POC-0002-06","Venous O2 Saturation","Numeric","%","6","TRUE","TRUE","Active","","","CONFIGURED"
"6b75ff35-6590-4f0d-abba-d94586274f51","8c859ce3-e46e-4b0b-9760-92799c80bd47","POC-0002","POC-0002-07","Lactate","Numeric","mmol/L","7","TRUE","TRUE","Active","","","CONFIGURED"
"4153dfe8-6c52-4f69-b99e-58d2eb2cfe1b","9aee7634-c1da-481b-b4c9-2869925a0664","POC-0003","POC-0003","pH, Blood Gas","Numeric","pH","1","TRUE","TRUE","Active","","","CONFIGURED"
"754b5a64-5c3d-4fcd-bbb7-189357c847c5","15304494-d6a5-4f75-8803-4fd99688ce2e","POC-0004","POC-0004","pCO2, Blood Gas","Numeric","mmHg","1","TRUE","TRUE","Active","","","CONFIGURED"
"69f347f8-1c57-40df-90e1-9d2bf4f28746","9997110c-4806-4bbd-919b-be20e691c4f1","POC-0005","POC-0005","pO2, Blood Gas","Numeric","mmHg","1","TRUE","TRUE","Active","","","CONFIGURED"
"5045375e-d078-47ce-bf37-6a715bcfcb1b","8eb79764-9931-4319-9c3e-33b37a43d605","POC-0006","POC-0006","HCO3-, Blood Gas","Numeric","mmol/L","1","TRUE","TRUE","Active","","","CONFIGURED"
"995dc9fb-6171-4d40-9162-884ee54bfdf6","180c3bb6-6648-428d-bfa1-e378c46cc7c5","POC-0007","POC-0007","Base Excess","Numeric","mmol/L","1","TRUE","TRUE","Active","","","CONFIGURED"
"c2459b8c-8d07-4d68-9b25-89ad6404fe8a","2ed616be-4603-4330-8669-44df020e8245","POC-0008","POC-0008","Oxygen Saturation, Blood Gas","Numeric","%","1","TRUE","TRUE","Active","","","CONFIGURED"
"5e95832b-05b2-4af9-9667-359401112ec4","317be352-6d96-423f-b086-f2e1d19b5351","POC-0009","POC-0009","Lactate, Blood Gas","Numeric","mmol/L","1","TRUE","TRUE","Active","","","CONFIGURED"
"db978439-8acc-40f7-bedb-d79039fc341e","f6f64132-f10a-410e-985e-447382861d39","POC-0010","POC-0010","Carboxyhemoglobin","Numeric","%","1","TRUE","TRUE","Active","","","CONFIGURED"
"4a03b7c6-f817-452d-b359-5c3818cb5603","4b5ab210-c707-4e5d-8168-874089881226","POC-0011","POC-0011","Methemoglobin","Numeric","%","1","TRUE","TRUE","Active","","","CONFIGURED"
"923314ac-26b3-46fd-b3b1-9e929c495a20","bb0c7021-5931-4a10-a688-7d938c55de5e","POC-0012","POC-0012","Oxyhemoglobin","Numeric","%","1","TRUE","TRUE","Active","","","CONFIGURED"
"3b782d28-3d92-485c-8ad0-5f13e10b635e","bd87dccf-9c5f-4a96-8a5a-07314afeada2","SER-0001","SER-0001","HIV 1/2 Ag/Ab 4th Generation","Text","Index/S/CO","1","TRUE","TRUE","Active","","","CONFIGURED"
"a2308ebe-8add-4491-a772-4cd45c4b6f91","b639c13d-f6e5-4c94-8503-1260aaf66ecb","SER-0002","SER-0002","HIV 1 Antibody","Numeric","Qualitative","1","TRUE","TRUE","Active","","","CONFIGURED"
"d832e165-5601-4830-b9b1-89f843d5ba47","160531c7-2107-4e2d-ac16-32e1f34d91cb","SER-0003","SER-0003","HIV 2 Antibody","Numeric","Qualitative","1","TRUE","TRUE","Active","","","CONFIGURED"
"0a375acc-bebe-4799-8599-1e6922976135","7cb903f2-e78b-4d2a-8dc2-fc9c34ada3f5","SER-0004","SER-0004","HBsAg","Text","Qualitative","1","TRUE","TRUE","Active","","","CONFIGURED"
"07347d6d-ab86-4116-9d66-dc46893221ac","688d6666-074b-42aa-a4aa-8032fbe8866a","SER-0005","SER-0005","Anti-HBs","Numeric","mIU/mL","1","TRUE","TRUE","Active","","","CONFIGURED"
"08a8f8c5-11b8-4fae-a52d-b8d63a7251ec","6d8049dd-0f8b-412d-8987-673d353846e2","SER-0006","SER-0006","Anti-HBc Total","Numeric","Index/S/CO","1","TRUE","TRUE","Active","","","CONFIGURED"
"3a59c5f5-1ed9-4ee1-91c0-b758b22036ba","fa562d46-c2ec-446d-b9f6-55d93e69dbc4","SER-0007","SER-0007","Anti-HBc IgM","Numeric","Index/S/CO","1","TRUE","TRUE","Active","","","CONFIGURED"
"9e0ece20-dc76-47d7-a3ab-428afd61e879","772b81f8-0cc2-4f82-8a2d-6a79c6ea8a39","SER-0008","SER-0008","HBeAg","Numeric","Index/S/CO","1","TRUE","TRUE","Active","","","CONFIGURED"
"cc868ede-64b4-48f3-a8d7-14347b52aa9e","d7e3e0ea-edaa-4ff3-afe8-982027d428df","SER-0009","SER-0009","Anti-HBe","Numeric","Index/S/CO","1","TRUE","TRUE","Active","","","CONFIGURED"
"f616448b-7f37-43dc-8708-22a0befddf01","e90a5c0a-3d4b-49bc-8fa2-29db7295b6eb","SER-0010","SER-0010","Anti-HCV","Text","Qualitative","1","TRUE","TRUE","Active","","","CONFIGURED"
"b055f2ea-c58b-4335-ad07-b8579e7977c8","4f887e92-b881-46e6-a452-0d0691863d31","SER-0011","SER-0011","HAV IgM","Numeric","Index/S/CO","1","TRUE","TRUE","Active","","","CONFIGURED"
"e2a33fa0-c12e-4b4f-a9ff-c23603d5f204","925d0059-5fb6-4ad1-8db1-fa4f12f11617","SER-0012","SER-0012","HAV Total Antibody","Numeric","Index/S/CO","1","TRUE","TRUE","Active","","","CONFIGURED"
"088df75c-3246-4833-bfcb-dbd40348897e","5780fc4c-6d56-4e3b-956b-2622ca593267","SER-0013","SER-0013","HEV IgM","Numeric","Index","1","TRUE","TRUE","Active","","","CONFIGURED"
"612a4fd0-c7d4-459d-81db-65a87e40a0a2","101f5ed6-10f0-4376-a916-8cc989c6edec","SER-0014","SER-0014","HEV IgG","Numeric","Index","1","TRUE","TRUE","Active","","","CONFIGURED"
"2e737b54-7ac7-42be-8e54-012c79b3e990","5c1164f1-804e-4755-9aa8-15d98f03cebe","SER-0015","SER-0015","Dengue NS1 Antigen","Text","Qualitative","1","TRUE","TRUE","Active","","","CONFIGURED"
"b0df7f37-a5e4-45fc-8616-9e66302f6d3c","0b21071b-ed2d-4ed9-8244-2e665f5547a8","SER-0016","SER-0016","Dengue IgM","Text","Qualitative","1","TRUE","TRUE","Active","","","CONFIGURED"
"fc9af244-6147-4a6e-ac12-0051d8a18749","57c94e10-52b9-46dd-a030-a7d534770873","SER-0017","SER-0017","Dengue IgG","Numeric","Index","1","TRUE","TRUE","Active","","","CONFIGURED"
"fffeb642-e556-465d-b382-ef89004cca0c","8354022f-65a3-42bf-ad6b-e626d2df8690","SER-0018","SER-0018","Chikungunya IgM","Numeric","Index","1","TRUE","TRUE","Active","","","CONFIGURED"
"cf56cba7-e900-44e9-8fb9-0909d9412259","73a9acd0-261a-4451-bf48-4a55c6c5bd52","SER-0019","SER-0019","Chikungunya IgG","Numeric","Index","1","TRUE","TRUE","Active","","","CONFIGURED"
"7f09a2e2-1d88-4a84-b17a-816be24835a6","949b29a3-1023-4cf1-b325-7dabe0b07498","SER-0020","SER-0020","Scrub Typhus IgM","Numeric","Index","1","TRUE","TRUE","Active","","","CONFIGURED"
"f98c6c64-fa50-4f7c-ae8a-ee2b79777452","f2d87423-2077-496a-93ea-c394d6193fda","SER-0021","SER-0021","Leptospira IgM","Numeric","Index","1","TRUE","TRUE","Active","","","CONFIGURED"
"203d32d1-22e7-4756-b5c5-bf9609f38245","84252d00-9ea4-4328-a40c-d7e4bd30774a","SER-0022","SER-0022","Leptospira IgG","Numeric","Index","1","TRUE","TRUE","Active","","","CONFIGURED"
"f626a27d-19ae-4e88-a5ed-4c1a071d2fb1","cb8c3690-6955-491d-99f3-05d20fea2c45","SER-0023","SER-0023","Salmonella Typhi IgM","Numeric","Qualitative","1","TRUE","TRUE","Active","","","CONFIGURED"
"879a653b-ae56-4d2c-9feb-50950a3d5602","9f728e04-9f95-4c7f-a35d-2dc9457dcb31","SER-0024","WIDAL_TO","Salmonella Typhi 'O'","Select","Titer","1","TRUE","TRUE","Active","","","CONFIGURED"
"5f7c715f-a4b4-4084-b72a-1cb630febd68","9f728e04-9f95-4c7f-a35d-2dc9457dcb31","SER-0024","WIDAL_TH","Salmonella Typhi 'H'","Select","Titer","2","TRUE","TRUE","Active","","","CONFIGURED"
"6d7e7c9e-2c08-4ef9-9825-02c274e6ae2b","9f728e04-9f95-4c7f-a35d-2dc9457dcb31","SER-0024","WIDAL_AH","Salmonella Paratyphi 'AH'","Select","Titer","3","TRUE","TRUE","Active","","","CONFIGURED"
"313365e6-7a37-483e-91ef-59a89e86ec77","9f728e04-9f95-4c7f-a35d-2dc9457dcb31","SER-0024","WIDAL_BH","Salmonella Paratyphi 'BH'","Select","Titer","4","TRUE","TRUE","Active","","","CONFIGURED"
"3e868995-7ac7-43d2-9f0d-2b3bdcfb5627","c9defb90-f2fd-4d66-84fa-ad53d53e2f41","SER-0025","SER-0025","Brucella Agglutination Test","Numeric","Titer","1","TRUE","TRUE","Active","","","CONFIGURED"
"fa6aba9c-151b-4fb6-bd83-8f6a81f64981","fd093f47-1666-49f2-befe-e4d090e6c1b8","SER-0026","SER-0026","RPR","Numeric","Titer","1","TRUE","TRUE","Active","","","CONFIGURED"
"4178e88f-cf06-4b03-907f-b8e97f184317","d8c38d19-8edd-4682-bdaf-b485adac8d14","SER-0027","SER-0027","VDRL","Numeric","Titer","1","TRUE","TRUE","Active","","","CONFIGURED"
"8e65f145-9f2f-4def-8262-72afd635bdbd","e82a84d6-4d0d-4688-bdc4-be9d84a9ad2b","SER-0028","SER-0028","TPHA/TPPA","Numeric","Titer","1","TRUE","TRUE","Active","","","CONFIGURED"
"cd298e77-ea84-4fba-9d82-1cacb63359d4","31fd7d73-6acb-4310-9137-ef7c121e5208","SER-0029","SER-0029","Treponema pallidum Antibody","Numeric","Index","1","TRUE","TRUE","Active","","","CONFIGURED"
"71af0fb3-9c44-4d7d-88fe-4b32244228d1","492ae1c9-3131-4124-887f-2865ef7ad6f5","SER-0030","SER-0030","Toxoplasma IgM","Numeric","Index","1","TRUE","TRUE","Active","","","CONFIGURED"
"73908468-380e-44c1-ab04-54c66f383e6a","14ba4574-c6e3-475b-8800-dc9e663ee153","SER-0031","SER-0031","Toxoplasma IgG","Numeric","IU/mL","1","TRUE","TRUE","Active","","","CONFIGURED"
"eee5f1fc-0c34-4585-af05-2f6ae2072b40","cdb1357f-c3d8-4b65-92fe-516a0348e027","SER-0032","SER-0032","Rubella IgM","Numeric","Index","1","TRUE","TRUE","Active","","","CONFIGURED"
"03b57f3c-6e36-4b95-a3e3-6e9196c1da76","2d871cc8-51e1-4e75-aa42-fe1ec7478b8b","SER-0033","SER-0033","Rubella IgG","Numeric","IU/mL","1","TRUE","TRUE","Active","","","CONFIGURED"
"5633e67d-7169-4ca9-95d7-ad1930283d32","f684a31d-83c7-4bde-a72f-f60cb4a55d06","SER-0034","SER-0034","CMV IgM","Numeric","Index","1","TRUE","TRUE","Active","","","CONFIGURED"
"e1408e4c-2b56-4029-b016-36d6afc1d59c","81b025fe-7230-4ce6-8571-9427f433276f","SER-0035","SER-0035","CMV IgG","Numeric","AU/mL","1","TRUE","TRUE","Active","","","CONFIGURED"
"51da58f9-3cea-48de-86ea-339db96380c3","f2488944-ea17-4725-b766-b5d72174e6ff","SER-0036","SER-0036","HSV-1 IgG","Numeric","Index","1","TRUE","TRUE","Active","","","CONFIGURED"
"b179e998-dafa-4b00-8c4c-a0e054a9d4d2","4c7a1bbc-61bd-406e-bcb9-f4f8cb5edcea","SER-0037","SER-0037","HSV-2 IgG","Numeric","Index","1","TRUE","TRUE","Active","","","CONFIGURED"
"91ce058e-6a68-4cf1-a0ce-a3a329b9f80b","41bc1782-9c61-4a97-93e1-9b1257047d15","SER-0038","SER-0038","EBV VCA IgM","Numeric","Index","1","TRUE","TRUE","Active","","","CONFIGURED"
"276c924e-f594-4cce-a459-5ac9832a250e","71b7a60d-bc32-40fb-b17a-ace4693367b7","SER-0039","SER-0039","EBV VCA IgG","Numeric","Index","1","TRUE","TRUE","Active","","","CONFIGURED"
"12a37e66-bffd-4093-b0a6-56e8566b5185","8f2dde73-92b5-4c08-bc8f-5445853473d2","SER-0040","SER-0040","EBV EBNA IgG","Numeric","Index","1","TRUE","TRUE","Active","","","CONFIGURED"
"dcbba5b2-72aa-42d1-83ab-812147247202","8ec9573b-e6df-4d41-b206-a3a843671dcd","SER-0041","SER-0041","EBV Early Antigen IgG","Numeric","Index","1","TRUE","TRUE","Active","","","CONFIGURED"
"75f28764-8c9b-4aa9-9e97-ad4a53262e99","14ca9414-68cd-4d55-b264-484848c0a564","SER-0042","SER-0042","H. pylori IgG","Numeric","U/mL","1","TRUE","TRUE","Active","","","CONFIGURED"
"85ce72c4-fd9f-4533-a19b-b51510b1c252","ade8406c-ff94-4f53-8a77-374befc8b46e","SER-0043","SER-0043","H. pylori Stool Antigen","Numeric","Qualitative","1","TRUE","TRUE","Active","","","CONFIGURED"
"58328641-e6a1-41cc-9e17-0b116f455015","5778193a-69cf-4fe2-9b6b-d124068f7f87","SER-0044","SER-0044","H. pylori Urea Breath Test","Numeric","Delta over baseline","1","TRUE","TRUE","Active","","","CONFIGURED"
"67de497e-c31c-4970-aa48-3b66e87e7b67","2aa7d388-a98a-4db6-973a-078f480aabd6","SER-0045","SER-0045","COVID-19 SARS-CoV-2 Antigen","Numeric","Qualitative","1","TRUE","TRUE","Active","","","CONFIGURED"
"0fe66afc-0eda-4bf8-9866-2f073a6bb5fa","dd961f95-6919-45f6-b440-b9728b106e9f","SER-0046","SER-0046","SARS-CoV-2 IgG","Numeric","AU/mL","1","TRUE","TRUE","Active","","","CONFIGURED"
"60fa7ed8-645d-488e-aa0a-904b5659a587","70cc5225-e756-43b5-b331-199bd57c598f","SER-0047","SER-0047","SARS-CoV-2 Total Antibody","Numeric","Index","1","TRUE","TRUE","Active","","","CONFIGURED"
"75112bdc-e38b-4041-86f6-8a94aae09efc","6f19308b-525e-4818-97d5-4b0f888f7507","SER-0048","SER-0048","Influenza A Antigen","Numeric","Qualitative","1","TRUE","TRUE","Active","","","CONFIGURED"
"6e2805c9-7b81-41cf-92e6-d890b8bf97c7","a66fb759-6175-474b-88bd-56f51a625535","SER-0049","SER-0049","Influenza B Antigen","Numeric","Qualitative","1","TRUE","TRUE","Active","","","CONFIGURED"
"da3747d6-84ce-4430-9c8b-f1ee160a8d44","c536f246-cb29-4fce-bc72-2a3a145adfd3","SER-0050","SER-0050","RSV Antigen","Numeric","Qualitative","1","TRUE","TRUE","Active","","","CONFIGURED"
"2b0275d0-c1bb-48a3-80d6-e52b0ede113b","19265462-802b-4cd8-b8e1-aa391715fc5f","SER-0051","SER-0051","Rotavirus Antigen","Numeric","Qualitative","1","TRUE","TRUE","Active","","","CONFIGURED"
"910ae996-7248-4b9a-8a0e-f87f6ac520bc","9ae9c269-cc4c-4e3a-bd32-ef44f0c9d525","SER-0052","SER-0052","Adenovirus Antigen, Stool","Numeric","Qualitative","1","TRUE","TRUE","Active","","","CONFIGURED"
"39ea3d5c-f271-44f1-b9d8-e55cac911c5d","7219423d-934e-44e2-beb8-79a2763819f5","SER-0053","SER-0053","Cryptosporidium Antigen","Numeric","Qualitative","1","TRUE","TRUE","Active","","","CONFIGURED"
"453c7200-bb17-4ce9-ba37-b33cad2e8f7e","374c3871-bfdf-4289-aaf4-279316b43212","SER-0054","SER-0054","Giardia Antigen","Numeric","Qualitative","1","TRUE","TRUE","Active","","","CONFIGURED"
"761a587c-2c09-48b3-b2ea-6412b984deeb","79095854-e7af-4a11-a38e-0919ba3c27b7","SER-0055","SER-0055","Entamoeba histolytica Antigen","Numeric","Qualitative","1","TRUE","TRUE","Active","","","CONFIGURED"
"3aa86c3e-52a1-4364-a48c-65c67bda2d8e","8ec439fc-2a58-4625-baec-2fc9c7ba7c31","SER-0056","SER-0056","Clostridioides difficile GDH Antigen","Numeric","Qualitative","1","TRUE","TRUE","Active","","","CONFIGURED"
"4b41e915-e3a8-48ca-8e9b-1af6315df071","5344da76-72c2-43e6-b803-85324b41b4a5","SER-0057","SER-0057","Clostridioides difficile Toxin A/B","Numeric","Qualitative","1","TRUE","TRUE","Active","","","CONFIGURED"
"383c6de7-681f-4ae8-ac76-d9216c2bbbfa","4d40f452-9a8c-47a9-944c-85dcb280bdeb","SER-0058","SER-0058","Malaria Pf/Pv Antigen","Numeric","Qualitative","1","TRUE","TRUE","Active","","","CONFIGURED"
"1c7ac4ee-99b4-49ee-a30a-0372994528b7","9877b146-7cc7-4b19-8b3c-fcaf261fe986","SER-0059","SER-0059","Kala-azar rK39 Antibody","Numeric","Qualitative","1","TRUE","TRUE","Active","","","CONFIGURED"
"a735056e-1a9a-4a75-8fb8-18c0b17b1ea6","684813b7-c162-4558-ad7f-8b8c9def2f36","SER-0060","SER-0060","Filariasis Antigen","Numeric","Qualitative","1","TRUE","TRUE","Active","","","CONFIGURED"
"c8dad720-e48e-4035-92fb-8c1e583d8b07","a4309f2b-7af4-4a5f-930d-db2b409997b4","SER-0061","SER-0061","Measles IgM","Numeric","Index","1","TRUE","TRUE","Active","","","CONFIGURED"
"cad4d594-e285-495f-a80c-081708f3a583","13f5d848-6ea8-4ac6-992f-a8137dcda949","SER-0062","SER-0062","Measles IgG","Numeric","Index","1","TRUE","TRUE","Active","","","CONFIGURED"
"54e6f05c-9c3e-487d-972a-5d1f6f468ae6","1a347b0b-9888-4a28-936a-a122ef77b249","SER-0063","SER-0063","Mumps IgM","Numeric","Index","1","TRUE","TRUE","Active","","","CONFIGURED"
"b3c689ae-cd52-43d6-8f7d-1953a95215a5","28c297f5-f911-4e68-a140-8cb5d6a44b0a","SER-0064","SER-0064","Mumps IgG","Numeric","Index","1","TRUE","TRUE","Active","","","CONFIGURED"
"d7946466-7e3e-4dee-a615-14e1a21ad04a","a8e02a1b-a1b7-4ee3-8d94-2de2238ead12","SER-0065","SER-0065","Varicella Zoster IgM","Numeric","Index","1","TRUE","TRUE","Active","","","CONFIGURED"
"8c366e4b-4c07-40b6-9c27-6e0f1e393dc9","efe20ee6-b2e8-433d-a8b7-ee7cdc7c4990","SER-0066","SER-0066","Varicella Zoster IgG","Numeric","Index","1","TRUE","TRUE","Active","","","CONFIGURED"
"25841c1f-8985-4703-a052-9b1d716b4371","dfbf5510-d6ac-4ef6-b731-cc647fc053ec","SER-0067","SER-0067","Parvovirus B19 IgM","Numeric","Index","1","TRUE","TRUE","Active","","","CONFIGURED"
"f96af107-ea66-4314-b492-a1c79f707be2","22f14d5c-bf85-4b08-92fd-ebf5291b1f23","SER-0068","SER-0068","Parvovirus B19 IgG","Numeric","Index","1","TRUE","TRUE","Active","","","CONFIGURED"
"29f25439-ee74-464e-807a-c5f5f0d3bf59","4f7b0025-1830-4145-ba2d-21f0910535ad","SER-0069","SER-0069","Mycoplasma pneumoniae IgM","Numeric","Index","1","TRUE","TRUE","Active","","","CONFIGURED"
"dbb9cb41-2948-44f0-ae1b-dee9d404281c","96963fcd-96bf-4d07-94da-096e6ece99db","SER-0070","SER-0070","Mycoplasma pneumoniae IgG","Numeric","Index","1","TRUE","TRUE","Active","","","CONFIGURED"
"a0f9ece8-cd09-4285-b35d-cddddf38b4f7","cacfc8a9-69ea-42e9-a49e-cc47f23a51d2","SER-0071","SER-0071","Chlamydia trachomatis IgG","Numeric","Index","1","TRUE","TRUE","Active","","","CONFIGURED"
"d3682fd4-d8a4-43be-9887-4bd16d1f1cd0","56c6f4c9-5eed-4882-a243-b2859d5c62bc","SER-0072","SER-0072","Chlamydia pneumoniae IgG","Numeric","Index","1","TRUE","TRUE","Active","","","CONFIGURED"
"7777d0a9-2b38-4958-ba6f-a27acc99b475","36084bf8-20d5-4738-846b-54d1a79db6af","SER-0073","SER-0073","Coxiella burnetii Phase I IgG","Numeric","Index","1","TRUE","TRUE","Active","","","CONFIGURED"
"007cb0bb-91f4-46e4-b6df-1cb10ba06d75","959bcd9e-b303-4923-a380-0ce6a2b76c5e","SER-0074","SER-0074","Coxiella burnetii Phase II IgG","Numeric","Index","1","TRUE","TRUE","Active","","","CONFIGURED"
"57c646ba-f3a1-4f40-bbca-df2e0e693f8f","036f52d1-8230-4e13-b0f4-1cb04c4d25a3","SER-0075","SER-0075","Brucella IgM","Numeric","Index","1","TRUE","TRUE","Active","","","CONFIGURED"
"485b9205-d0e1-45ed-8342-1cf9ce81535a","a17324e6-be60-4415-ab63-3fe6050a1796","SER-0076","SER-0076","Brucella IgG","Numeric","Index","1","TRUE","TRUE","Active","","","CONFIGURED"
"2035f96e-a9f0-4a76-8b3b-1dd8ec81c1b1","946c3cc5-ab5b-4432-ad92-9adfc914b767","SER-0077","SER-0077","Strongyloides IgG","Numeric","Index","1","TRUE","TRUE","Active","","","CONFIGURED"
"09e84f6f-d60e-4109-bb8f-93b2e8c5677c","09fd2e44-b44d-43b5-a66e-4236c89bfb4e","SER-0078","SER-0078","Echinococcus IgG","Numeric","Index","1","TRUE","TRUE","Active","","","CONFIGURED"
"c1edcc88-48bf-43d2-ad66-4825368637c0","cb326bf2-f722-4fb8-b09c-b1432ba5ca41","SER-0079","SER-0079","Cysticercus IgG","Numeric","Index","1","TRUE","TRUE","Active","","","CONFIGURED"
"058f3a6a-67fa-4ee4-b675-8b8987fca52d","a4dee831-1c96-4333-8f92-83aed48960a0","SER-0080","SER-0080","Amoebic Serology","Numeric","Index","1","TRUE","TRUE","Active","","","CONFIGURED"
"870ae944-117a-49b9-bc96-910aff54c621","81f040b0-43c9-4119-a3ad-04d8588a49d7","SER-0081","SER-0081","Hydatid Serology","Numeric","Index","1","TRUE","TRUE","Active","","","CONFIGURED"
"5cb310c5-399c-4673-8116-8762832d22ed","8dbf4efa-0de3-442d-ab84-238b110e49e7","SER-0082","SER-0082","Filaria IgG4 Antibody","Numeric","Index","1","TRUE","TRUE","Active","","","CONFIGURED"
"363812b6-67de-4ee2-abc4-047d154f3e0b","3a26dd13-4445-4f24-b3eb-2dc48f34f366","SER-0083","SER-0083","Japanese Encephalitis IgM","Numeric","Index","1","TRUE","TRUE","Active","","","CONFIGURED"
"0cacfe43-547a-48c2-8149-62bf1eadb5a1","2d5c8264-f08e-446b-9e54-3034b2bfa8a0","SER-0084","SER-0084","West Nile Virus IgM","Numeric","Index","1","TRUE","TRUE","Active","","","CONFIGURED"
"1b828a7d-c144-4553-ab85-9c16fb9708a4","95c31b6b-6070-4972-9a27-cb372dcef06b","SER-0085","SER-0085","West Nile Virus IgG","Numeric","Index","1","TRUE","TRUE","Active","","","CONFIGURED"
"0457e698-7fa3-49aa-a01a-44834df7f54c","d5ea177f-e106-475a-b9d2-237b31bbf6ae","SER-0086","SER-0086","HUMAN IMMUNODEFICIENCY VIRUS (HIV), RAPID SCREENING TEST","Select","","1","TRUE","TRUE","Active","","[""Negative"",""Reactive""]","REFERENCE_PENDING"
"eddc778c-2309-4a69-b4fa-de7d8f2cb984","3b3cc2f7-e1f4-4dd2-818d-5de6311785e8","SER-0087","SER-0087","HEPATITIS B SURFACE ANTIGEN (HBsAg), RAPID SCREENING TEST","Select","","1","TRUE","TRUE","Active","","[""Negative"",""Reactive""]","REFERENCE_PENDING"
"bf2b5698-0b7b-4260-b214-dc001963cb7f","333f1896-c755-4df2-a348-00bdd13b9bf3","SER-0088","SER-0088","HCV RAPID SCREENING TEST","Select","","1","TRUE","TRUE","Active","","[""Negative"",""Reactive""]","REFERENCE_PENDING"
"2dace2bd-1ab7-4842-a247-d9facee23dd0","da0519b2-0613-458e-9f10-21a4e057381b","SER-0089","SER-0089-01","Scrub Typhus IgM","Numeric","Index","1","TRUE","TRUE","Active","","","CONFIGURED"
"a32b1ded-f8b1-4213-bd77-1b38b6402257","da0519b2-0613-458e-9f10-21a4e057381b","SER-0089","SER-0089-02","Scrub Typhus IgG","Numeric","Index","2","TRUE","TRUE","Active","","","CONFIGURED"
"7357590b-8e79-41ea-93bd-478f7eee987f","75b5401f-4604-42b2-9726-86b1050faaa0","SPC-0001","SPC-0001","Neonatal TSH Screen","Numeric","µIU/mL","1","TRUE","TRUE","Active","","","CONFIGURED"
"8694ba22-0afd-4821-b1b7-37bea48d9239","20add2c2-89ac-4356-ab0c-426122e38a11","SPC-0002","SPC-0002","Neonatal 17-OHP Screen","Numeric","ng/mL","1","TRUE","TRUE","Active","","","CONFIGURED"
"03d0e577-84a6-48f8-ac0d-2da9169619b0","6667b00f-9a7a-4d81-b833-118c5d6419c5","SPC-0003","SPC-0003","Neonatal G6PD Screen","Numeric","Qualitative","1","TRUE","TRUE","Active","","","CONFIGURED"
"31f3161f-dbc3-4d63-8d77-18004ef81712","b60127eb-275f-49ce-ad5f-333a83cca580","SPC-0004","SPC-0004","Phenylalanine, Dried Blood Spot","Numeric","µmol/L","1","TRUE","TRUE","Active","","","CONFIGURED"
"8cc29466-2b5e-4cfd-93ab-f994d0834e72","dea2243b-09ff-4609-9811-db42e09e7703","SPC-0005","SPC-0005-01","Plasma Amino Acid Profile Screen","Text","","1","TRUE","TRUE","Active","","","REFERENCE_PENDING"
"b0dc541f-93ea-4079-a716-50b12db8daaa","dea2243b-09ff-4609-9811-db42e09e7703","SPC-0005","SPC-0005-02","Diagnostic Impression & Metabolic Summary","Text","","2","FALSE","TRUE","Active","","","REFERENCE_PENDING"
"24086a05-ca72-42b1-908f-6ad92e302fde","02ff03db-14e6-4a2a-9fa8-446ab9ed39fa","SPC-0006","SPC-0006-01","Acylcarnitine Profile Screen","Text","","1","TRUE","TRUE","Active","","","REFERENCE_PENDING"
"51a4453a-6d2b-4088-a0a6-236cffd1cdf5","02ff03db-14e6-4a2a-9fa8-446ab9ed39fa","SPC-0006","SPC-0006-02","Diagnostic Impression & Referral Summary","Text","","2","FALSE","TRUE","Active","","","REFERENCE_PENDING"
"49967876-718c-462f-82b9-bda2d415b0e2","9df1300b-49e9-4bc0-9085-595c049315f1","SPC-0007","SPC-0007-01","Metabolic Profile Result","Text","","1","TRUE","TRUE","Active","","","REFERENCE_PENDING"
"85a95ba1-0ebf-4690-bc70-5dd5c4b8f24b","9df1300b-49e9-4bc0-9085-595c049315f1","SPC-0007","SPC-0007-02","Key Excreted Acids","Text","","2","FALSE","TRUE","Active","","","REFERENCE_PENDING"
"8676a58d-c099-4f17-a831-eb853b33cca7","9df1300b-49e9-4bc0-9085-595c049315f1","SPC-0007","SPC-0007-03","Clinical Interpretation","Text","","3","FALSE","TRUE","Active","","","REFERENCE_PENDING"
"24153de8-a2db-47cd-9110-d01ff4147222","d699b246-cae4-4f1f-a1f5-fed913ca95a3","SPC-0008","SPC-0008","Galactosemia Screen","Numeric","Qualitative","1","TRUE","TRUE","Active","","","CONFIGURED"
"f3d0e4c1-aa22-453d-990c-f3e38b6ce882","23f0f7b4-a9a0-4a9e-9040-b0aee8a8cf2d","SPC-0009","SPC-0009","Biotinidase Activity","Numeric","U/L","1","TRUE","TRUE","Active","","","CONFIGURED"
"fb3a2f40-fda4-422b-8bb6-277f51bb7720","54bb4694-0488-47c4-aef1-8577a11590fc","SPC-0010","SPC-0010","Sweat Chloride","Numeric","mmol/L","1","TRUE","TRUE","Active","","","CONFIGURED"
"6d9ec3cb-4c5d-46dc-b94d-a3fba57f7a43","90113426-b406-475d-b0db-da1eb9dc48b1","SPC-0011","SPC-0011","Alpha-Fetoprotein Maternal Serum","Numeric","MoM","1","TRUE","TRUE","Active","","","CONFIGURED"
"aea68919-2208-4a5e-881b-a53771a8e919","820f1e09-f47c-4a7a-994d-96fd9630ce8f","SPC-0012","SPC-0012","PAPP-A","Numeric","MoM","1","TRUE","TRUE","Active","","","CONFIGURED"
"21830869-8cb8-489c-9cf2-dd65c5675725","aff3e30d-7aa0-4ffd-9b6b-6e4c740f6e4c","SPC-0013","SPC-0013","Free Beta-hCG, First Trimester","Numeric","MoM","1","TRUE","TRUE","Active","","","CONFIGURED"
"b874c50c-af54-42e4-b948-38fdc5254dff","4b17887c-ddb2-487a-a4ef-30df2b5e6ae7","SPC-0014","SPC-0014","Quadruple Marker Screen","Numeric","Risk report","1","TRUE","TRUE","Active","","","CONFIGURED"
"c6a1fbe9-d990-490d-80f5-3723553cae14","b9cc5da6-a9bf-4c7f-bd22-7ac3ad22dc5a","SPC-0015","SPC-0015","Dual Marker Screen","Numeric","Risk report","1","TRUE","TRUE","Active","","","CONFIGURED"
"05ca75c0-9c6c-415c-8424-49e1e35cf997","19577c62-82d5-4cd9-8086-92250050d03c","SPC-0016","SPC-0016","Triple Marker Screen","Numeric","Risk report","1","TRUE","TRUE","Active","","","CONFIGURED"
"f4118897-01fd-4499-8e36-818eabbe4368","40b4f9e0-79a8-4e95-a38c-67cc14d656bb","SPC-0017","SPC-0017","Selenium, Serum","Numeric","µg/L","1","TRUE","TRUE","Active","","","CONFIGURED"
"704acc95-4ecd-4f18-a63f-ccd033e68d33","efeff39b-ab4d-4ea6-8737-2cbe26adaeed","SPC-0018","SPC-0018","Manganese, Whole Blood","Numeric","µg/L","1","TRUE","TRUE","Active","","","CONFIGURED"
"9391ff23-fcd5-4732-becf-cf75ec57366e","47e4a36e-31f3-4d34-a7d1-5c63df7d3fa3","SPC-0019","SPC-0019","Chromium, Blood","Numeric","µg/L","1","TRUE","TRUE","Active","","","CONFIGURED"
"6a62186b-b091-4455-be38-45434ba5bd00","3bcce025-d92a-4114-b5b9-adebf9f539d9","SPC-0020","SPC-0020","Cobalt, Blood","Numeric","µg/L","1","TRUE","TRUE","Active","","","CONFIGURED"
"ea9d1978-eb11-49d5-8dfe-ebbd11d026f2","bbd66340-67ce-4439-8a76-97297e49b78e","SPC-0021","SPC-0021","Nickel, Blood","Numeric","µg/L","1","TRUE","TRUE","Active","","","CONFIGURED"
"50828ef4-c054-4104-9910-70138c6c4132","fd75c6aa-7217-46e5-a455-6ae0841078ae","SPC-0022","SPC-0022","Iodine, Urine","Numeric","µg/L","1","TRUE","TRUE","Active","","","CONFIGURED"
"3c055ed8-aae5-4a03-9687-ffd782c83e12","24636f58-f96f-4ec2-b2a4-c79f8ea35469","SPC-0023","SPC-0023","Iodine, Serum","Numeric","µg/L","1","TRUE","TRUE","Active","","","CONFIGURED"
"ebb95433-eaa8-40d5-9b3d-87f3d707f9ec","b08b6db6-ecc7-4bd9-8452-2c3fd0619269","SPC-0024","SPC-0024","Molybdenum, Blood","Numeric","µg/L","1","TRUE","TRUE","Active","","","CONFIGURED"
"7672a155-708a-4e1d-8f3f-1f6de11422fe","a701de0a-0ec9-4db5-a781-288e21082c9d","SPC-0025","SPC-0025","Vitamin A (Retinol)","Numeric","µg/dL","1","TRUE","TRUE","Active","","","CONFIGURED"
"db0c6a35-8277-48fb-a45d-21e7731e67eb","7cf0fc4a-54aa-439b-a91b-73f43de0465c","SPC-0026","SPC-0026","Vitamin E (Alpha-Tocopherol)","Numeric","mg/L","1","TRUE","TRUE","Active","","","CONFIGURED"
"114d8beb-2d1f-48c1-ba20-42acee098920","e7f30fca-8573-4418-bdac-171394288c81","SPC-0027","SPC-0027","Vitamin B1 (Thiamine)","Numeric","nmol/L","1","TRUE","TRUE","Active","","","CONFIGURED"
"5fa2661c-a17a-4c1a-8883-9a8e91bddd10","37c75619-3b0c-43f9-aca3-a75b771c0f4f","SPC-0028","SPC-0028","Vitamin B6 (PLP)","Numeric","nmol/L","1","TRUE","TRUE","Active","","","CONFIGURED"
"b0ffb639-787a-4b3e-8100-8cd003c0bfaf","c8f23373-ef0f-4346-9cd1-c21962b5aa83","SPC-0029","SPC-0029","Vitamin C","Numeric","mg/dL","1","TRUE","TRUE","Active","","","CONFIGURED"
"029278b2-63b6-4b07-941a-27f81fca846e","fe010f57-07a7-4ee5-9110-0bae52072c32","SPC-0030","SPC-0030","Methylmalonic Acid","Numeric","nmol/L","1","TRUE","TRUE","Active","","","CONFIGURED"
"55c0d871-a405-4ce8-887b-eb23693efdef","e11c3254-af6d-4350-8db7-1de02cd4df5f","TOX-0001","TOX-0001","Lithium","Numeric","mmol/L","1","TRUE","TRUE","Active","","","CONFIGURED"
"8762a716-477b-4e63-985e-65767b93c8c0","01ff2c2c-96c8-4835-85e5-0e02702b70ee","TOX-0002","TOX-0002","Valproic Acid","Numeric","µg/mL","1","TRUE","TRUE","Active","","","CONFIGURED"
"f7342773-1e5b-4981-bd89-3404ce3c8934","50a8a678-b471-4dfa-b9de-d3d645f13277","TOX-0003","TOX-0003","Carbamazepine","Numeric","µg/mL","1","TRUE","TRUE","Active","","","CONFIGURED"
"bf54cf80-d6cb-41b4-846d-0adb1c05e21f","f55e88bf-122f-474d-85e8-07051b6e7086","TOX-0004","TOX-0004","Phenytoin, Total","Numeric","µg/mL","1","TRUE","TRUE","Active","","","CONFIGURED"
"f868518f-5b18-4860-9b31-a35241cac0d0","062e34d1-e2d9-430d-ae83-da0a52df5b74","TOX-0005","TOX-0005","Phenytoin, Free","Numeric","µg/mL","1","TRUE","TRUE","Active","","","CONFIGURED"
"75ce9afd-5159-4233-be0a-9bf1547cb1ed","f5f1155e-ca7b-47ac-a836-96540e846c73","TOX-0006","TOX-0006","Phenobarbital","Numeric","µg/mL","1","TRUE","TRUE","Active","","","CONFIGURED"
"d77a1566-fcb8-4ced-9cd1-19b6882f3474","1b392427-b36a-4442-bc39-a74683d6a08b","TOX-0007","TOX-0007","Digoxin","Numeric","ng/mL","1","TRUE","TRUE","Active","","","CONFIGURED"
"43f8cf40-2dd7-4c03-af9f-86cbca2c062f","bb5f6293-3748-401b-9fd9-77af84914954","TOX-0008","TOX-0008","Theophylline","Numeric","µg/mL","1","TRUE","TRUE","Active","","","CONFIGURED"
"3ea41839-9758-43a9-9e9a-b7f04bd0b553","55bcaed3-0687-4853-bce3-14663ac24f13","TOX-0009","TOX-0009","Vancomycin Trough","Numeric","µg/mL","1","TRUE","TRUE","Active","","","CONFIGURED"
"8162e02b-c731-430f-9c21-43a77fa12310","345c680d-1920-4fdd-96fd-9d45b2994451","TOX-0010","TOX-0010","Vancomycin Peak","Numeric","µg/mL","1","TRUE","TRUE","Active","","","CONFIGURED"
"c6f518fa-9788-45cf-b73c-f5e7da7eca09","903e81a6-8973-4d52-96c0-24a297389b0c","TOX-0011","TOX-0011","Gentamicin Trough","Numeric","µg/mL","1","TRUE","TRUE","Active","","","CONFIGURED"
"a3902b77-e352-4007-9bf0-ac6b3669b283","c6f5f3f8-f661-40fd-a957-93cbf88f7938","TOX-0012","TOX-0012","Gentamicin Peak","Numeric","µg/mL","1","TRUE","TRUE","Active","","","CONFIGURED"
"027e2261-41b2-4875-9464-80960c90e8c1","3926a07a-c45a-44e3-9959-45524b0ef9d1","TOX-0013","TOX-0013","Amikacin Trough","Numeric","µg/mL","1","TRUE","TRUE","Active","","","CONFIGURED"
"3970a9a2-fb0c-40b1-af63-8437955fe119","bd209e8f-1b61-4b4a-a547-26fa7779be1c","TOX-0014","TOX-0014","Amikacin Peak","Numeric","µg/mL","1","TRUE","TRUE","Active","","","CONFIGURED"
"4d9931d8-b01d-413c-9aae-e93abd8d4dd6","b77d0613-16d0-449c-bfa9-cfa5b50f1a4c","TOX-0015","TOX-0015","Tacrolimus","Numeric","ng/mL","1","TRUE","TRUE","Active","","","CONFIGURED"
"9c23e910-d93b-4095-b2a4-d09ad25a79fa","12f6ceac-b3e8-464e-8550-e9ee38376ba3","TOX-0016","TOX-0016","Cyclosporine","Numeric","ng/mL","1","TRUE","TRUE","Active","","","CONFIGURED"
"a4786500-da6d-4ed1-984a-fddd4926517c","f18c5069-3027-4dcf-8611-eb328f79e75c","TOX-0017","TOX-0017","Sirolimus","Numeric","ng/mL","1","TRUE","TRUE","Active","","","CONFIGURED"
"987901ab-ce96-401e-99bf-d8b934c0eda6","b1dce701-9b46-4e19-ae60-f2e3c43c0a7f","TOX-0018","TOX-0018","Everolimus","Numeric","ng/mL","1","TRUE","TRUE","Active","","","CONFIGURED"
"cb723f59-b159-40ad-9f39-ee43c3746b16","fba0934f-3d77-468b-87d2-b1be7cfd2bf6","TOX-0019","TOX-0019","Methotrexate","Numeric","µmol/L","1","TRUE","TRUE","Active","","","CONFIGURED"
"304cabb4-24ce-470a-a323-ed7cbb3824b9","645287b0-224d-42a8-9745-2444b4b5d637","TOX-0020","TOX-0020","Acetaminophen / Paracetamol","Numeric","µg/mL","1","TRUE","TRUE","Active","","","CONFIGURED"
"3e8b50be-7fff-41a8-9408-3305cc68fc1f","1ecde7a8-98ae-4dc6-9de8-bf0d65ed2241","TOX-0021","TOX-0021","Salicylate","Numeric","mg/dL","1","TRUE","TRUE","Active","","","CONFIGURED"
"878338e6-c80b-490c-94d6-a5a48a8112a2","59132758-8bab-432d-97e5-262eaff152cb","TOX-0022","TOX-0022","Ethanol","Numeric","mg/dL","1","TRUE","TRUE","Active","","","CONFIGURED"
"7f531078-e07d-4f9b-8872-cf783a39517d","42ed0104-09fe-4f30-a075-25f34e3da03d","TOX-0023","TOX-0023","Methanol","Numeric","mg/dL","1","TRUE","TRUE","Active","","","CONFIGURED"
"952174f3-7606-4126-b7bd-687996d5497e","8b7b9474-f57e-42e4-aa33-93ba85b75b9e","TOX-0024","TOX-0024","Ethylene Glycol","Numeric","mg/dL","1","TRUE","TRUE","Active","","","CONFIGURED"
"d484d7aa-acbd-474e-b763-3542791a82cd","55bba2ba-d26c-4bd2-9cbb-c0b14f1935db","TOX-0025","TOX-0025","Urine Drug Screen - Amphetamine","Numeric","Qualitative","1","TRUE","TRUE","Active","","","CONFIGURED"
"cecab660-74db-4e74-b8e9-690b8b3819f6","674f1b0e-d70a-419e-a3e4-a12cb37299f4","TOX-0026","TOX-0026","Urine Drug Screen - Methamphetamine","Numeric","Qualitative","1","TRUE","TRUE","Active","","","CONFIGURED"
"32545d14-2837-4705-8b67-5160a7e71b14","5a19b6c7-4553-447b-8f98-41bf5fd04d7f","TOX-0027","TOX-0027","Urine Drug Screen - Cocaine Metabolite","Numeric","Qualitative","1","TRUE","TRUE","Active","","","CONFIGURED"
"7fa95495-7f61-45da-a6b0-977ef742c560","edebe860-6cf6-42b8-92b6-bd2f33206464","TOX-0028","TOX-0028","Urine Drug Screen - Opiates","Numeric","Qualitative","1","TRUE","TRUE","Active","","","CONFIGURED"
"97b8a7af-42c8-499d-bc6f-d989db00c372","8ea6648f-3634-4e7c-b571-f76244184198","TOX-0029","TOX-0029","Urine Drug Screen - Morphine","Numeric","Qualitative","1","TRUE","TRUE","Active","","","CONFIGURED"
"67b830d7-a1a8-4e64-85d2-9a0c39622990","35a1c9da-6f18-4894-9442-6b9483036b49","TOX-0030","TOX-0030","Urine Drug Screen - Heroin/6-MAM","Numeric","Qualitative","1","TRUE","TRUE","Active","","","CONFIGURED"
"02afecc2-075d-4b85-8f88-435d0e678c13","0a675bc4-ca1a-4b89-95b5-bbef89f4dbbe","TOX-0031","TOX-0031","Urine Drug Screen - Cannabinoids/THC","Numeric","Qualitative","1","TRUE","TRUE","Active","","","CONFIGURED"
"99f49101-2e5c-4869-b6f0-4c5511637abf","e857e3ab-c655-4585-bed5-49feb8b909b7","TOX-0032","TOX-0032","Urine Drug Screen - Benzodiazepines","Numeric","Qualitative","1","TRUE","TRUE","Active","","","CONFIGURED"
"e43c63b4-cd18-40ea-b75d-7e07f9c59463","836ac758-3fe6-4180-af5a-a2ceb560cd6d","TOX-0033","TOX-0033","Urine Drug Screen - Barbiturates","Numeric","Qualitative","1","TRUE","TRUE","Active","","","CONFIGURED"
"1230e245-dbb3-49c1-947a-0277900a3150","a403de35-2efe-4603-9ae6-a367dc3ac2f3","TOX-0034","TOX-0034","Urine Drug Screen - Methadone","Numeric","Qualitative","1","TRUE","TRUE","Active","","","CONFIGURED"
"b9e05862-e687-46e7-b35b-fde5195b6da0","50b25770-2b9a-48a2-873e-0614495850f8","TOX-0035","TOX-0035","Urine Drug Screen - Buprenorphine","Numeric","Qualitative","1","TRUE","TRUE","Active","","","CONFIGURED"
"1d6d77ca-2145-4984-96db-1ffcf6ca0b30","ac8dc12e-9434-444f-abb7-e4ae9ab217bf","TOX-0036","TOX-0036","Urine Drug Screen - Tramadol","Numeric","Qualitative","1","TRUE","TRUE","Active","","","CONFIGURED"
"3c77347d-6fef-4d99-b70f-0bb03d4e4995","e4d3bf02-bd71-4d0c-9a1a-23131d506b23","TOX-0037","TOX-0037","Urine Drug Screen - Fentanyl","Numeric","Qualitative","1","TRUE","TRUE","Active","","","CONFIGURED"
"a789ee5e-2b6e-4653-bfc0-e3edfd16d17e","3a47145e-dc7f-4a11-93ad-00f7fe62c91f","TOX-0038","TOX-0038","Urine Drug Screen - Phencyclidine (PCP)","Numeric","Qualitative","1","TRUE","TRUE","Active","","","CONFIGURED"
"c20c6b6c-be9d-4dc4-a8e6-55e8bd130c82","dfd31607-fff4-4d80-b1e3-5bd0b4518c02","TOX-0039","TOX-0039","Urine Drug Screen - Tricyclic Antidepressants","Numeric","Qualitative","1","TRUE","TRUE","Active","","","CONFIGURED"
"ca4d8cf9-777d-43b6-8ca4-07767cf193d0","ab5fed9c-637d-4209-b507-b8ea7111cc82","TOX-0040","TOX-0040","Urine Drug Screen - Ketamine","Numeric","Qualitative","1","TRUE","TRUE","Active","","","CONFIGURED"
"644552ae-186e-42d2-80ac-f09062f7a0e0","a3c44282-e7cf-45f7-9196-d42dd3f671a9","TOX-0041","TOX-0041","Urine Drug Screen - MDMA/Ecstasy","Numeric","Qualitative","1","TRUE","TRUE","Active","","","CONFIGURED"
"a3542078-327e-4b1d-9bc2-14cd6997dfaf","a04a3c9c-3f69-454e-8a24-b5da1db96b16","TOX-0042","TOX-0042","Lead, Blood","Numeric","µg/dL","1","TRUE","TRUE","Active","","","CONFIGURED"
"1e9a190b-8607-41f3-9dad-2e3e09020e45","60840f02-e536-4e5b-afd0-5b857f53551e","TOX-0043","TOX-0043","Mercury, Blood","Numeric","µg/L","1","TRUE","TRUE","Active","","","CONFIGURED"
"f5b1a948-a23a-48c2-b6b8-55b784078c81","28d9eb38-ea77-4c06-8f3c-810533f6bb89","TOX-0044","TOX-0044","Mercury, Urine","Numeric","µg/L","1","TRUE","TRUE","Active","","","CONFIGURED"
"3d9e37a0-01a3-4fd9-a9da-ce2a56ac0b2d","aa518844-92d2-4bd6-9ddc-65b719623450","TOX-0045","TOX-0045","Arsenic, Blood","Numeric","µg/L","1","TRUE","TRUE","Active","","","CONFIGURED"
"50cc548b-ee54-4ffd-b56c-00287cbcf64e","23786a23-a045-437e-a1f9-885335fd661e","TOX-0046","TOX-0046","Arsenic, Urine","Numeric","µg/L","1","TRUE","TRUE","Active","","","CONFIGURED"
"e2b79668-33c6-429a-a064-20b382e5b1a0","0b400e17-e7b3-4147-abc1-72aaa08445e7","TOX-0047","TOX-0047","Cadmium, Blood","Numeric","µg/L","1","TRUE","TRUE","Active","","","CONFIGURED"
"1807f549-8644-441a-9a33-46c9ceffeb60","d8393832-7332-42db-afce-c7f86cfd6c4d","TOX-0048","TOX-0048","Cadmium, Urine","Numeric","µg/L","1","TRUE","TRUE","Active","","","CONFIGURED"
"dac6e64f-7ae8-4a05-b7d2-f4835f66d074","defaa9bc-bd57-4acc-8bae-c65a4ee55c3c","TOX-0049","TOX-0049","Aluminium, Serum","Numeric","µg/L","1","TRUE","TRUE","Active","","","CONFIGURED"
"f47df1d9-7d64-4034-b3c9-ba483ce54818","c97e9e28-7200-4a55-81cd-5d0b3c8014cd","TUM-0001","TUM-0001","AFP","Numeric","ng/mL","1","TRUE","TRUE","Active","","","CONFIGURED"
"c365c754-013f-4577-bb30-15a2be15d0c0","ec6028f7-9772-4db5-89a5-57b420dbf7cb","TUM-0002","TUM-0002","CEA","Numeric","ng/mL","1","TRUE","TRUE","Active","","","CONFIGURED"
"ba2c3381-1d24-4b6c-beb4-0ebed2d83d55","3380ccaa-ca6b-47b3-b186-70df392145f0","TUM-0003","TUM-0003","CA 125","Numeric","U/mL","1","TRUE","TRUE","Active","","","CONFIGURED"
"3583c251-7b50-4427-bdc4-269aa4ddc682","ffc9843e-e3df-4e92-aa81-8b77104aae96","TUM-0004","TUM-0004","CA 19-9","Numeric","U/mL","1","TRUE","TRUE","Active","","","CONFIGURED"
"81806fb6-d230-4684-a444-fcf91ec60d6c","a552701d-c6c2-4314-b0ea-bcb5d08aef14","TUM-0005","TUM-0005","CA 15-3","Numeric","U/mL","1","TRUE","TRUE","Active","","","CONFIGURED"
"068010bd-1d8d-44fa-8782-499c4216a7fe","2736b702-8772-4456-8330-7478fe3a4ea5","TUM-0006","TUM-0006","CA 72-4","Numeric","U/mL","1","TRUE","TRUE","Active","","","CONFIGURED"
"b2ebf307-0e15-48ca-a20b-642cc427ed6d","03db2b73-81b9-48b1-9ddb-8bb390ee12e0","TUM-0007","TUM-0007","PSA, Total","Numeric","ng/mL","1","TRUE","TRUE","Active","","","CONFIGURED"
"c54508b7-0096-4062-9a73-b68975df08eb","a74215b8-ee2d-451c-af2d-9fd2ba747d6c","TUM-0008","TUM-0008","PSA, Free","Numeric","ng/mL","1","TRUE","TRUE","Active","","","CONFIGURED"
"820b29ab-0b42-47eb-82e4-4f9b8dc5458d","0b64710d-84fe-4456-bbe2-b2a8dce26006","TUM-0009","TUM-0009","Free/Total PSA Ratio","Numeric","%","1","TRUE","TRUE","Active","","","CONFIGURED"
"4cb32ceb-2717-4073-b66d-1ea1e016c216","5955c03e-cb1b-4309-80f3-53d03dcb3586","TUM-0010","TUM-0010","Beta-hCG Tumor Marker","Numeric","mIU/mL","1","TRUE","TRUE","Active","","","CONFIGURED"
"53a4bcef-a50c-4aa7-b0e4-27c7a88d9357","67459f54-53b7-4b5b-9fa8-127cf3558e34","TUM-0011","TUM-0011","HE4","Numeric","pmol/L","1","TRUE","TRUE","Active","","","CONFIGURED"
"55b849ab-222e-42ef-9983-9b0cf8e03905","af09e614-08db-4000-8297-6183f5c35a7a","TUM-0012","TUM-0012","ROMA Index","Numeric","%","1","TRUE","TRUE","Active","","","CONFIGURED"
"619e4f2c-4c80-4c6b-be24-73e2937c796e","b68ebe3d-08d9-4bd5-96a9-02c980330528","TUM-0013","TUM-0013","NSE","Numeric","ng/mL","1","TRUE","TRUE","Active","","","CONFIGURED"
"569907fa-3bfe-40fc-91bc-f51ccd2e8539","0201b525-cd7e-4a70-9414-c1ed2647677b","TUM-0014","TUM-0014","ProGRP","Numeric","pg/mL","1","TRUE","TRUE","Active","","","CONFIGURED"
"be37da4e-cdec-4445-8078-a261c7db23a3","81ce9003-68f6-46dd-8c60-18e20df485b3","TUM-0015","TUM-0015","SCC Antigen","Numeric","ng/mL","1","TRUE","TRUE","Active","","","CONFIGURED"
"b2b62471-78bd-4cec-8e77-163112922d22","4347e4cc-cbeb-46bf-8389-9a5272a9974f","TUM-0016","TUM-0016","CYFRA 21-1","Numeric","ng/mL","1","TRUE","TRUE","Active","","","CONFIGURED"
"00a3d8c5-ff78-4e57-841a-802595d957d4","81e6be43-637e-4735-a617-e6cf22ee2178","TUM-0017","TUM-0017","Thyroglobulin Tumor Marker","Numeric","ng/mL","1","TRUE","TRUE","Active","","","CONFIGURED"
"2799dc39-6f99-4414-b5eb-67cf71037d36","ab8c7ff0-1cd4-4af5-8e83-9ae1a1e818f5","TUM-0018","TUM-0018","Calcitonin Tumor Marker","Numeric","pg/mL","1","TRUE","TRUE","Active","","","CONFIGURED"
"2005aab0-d948-4fa6-8386-aa1e1ee3830b","5d0d74ac-4b50-4cf2-9d1a-32d88256f9b5","TUM-0019","TUM-0019","Beta-2 Microglobulin","Numeric","mg/L","1","TRUE","TRUE","Active","","","CONFIGURED"
"f227cdb6-7e60-4e53-8676-f49d82b98203","00b4abeb-6d37-4a75-bcfd-d0ffdb0133ea","TUM-0020","TUM-0020","LDH - Oncology","Numeric","U/L","1","TRUE","TRUE","Active","","","CONFIGURED"
"9afa5142-2916-4d8c-88e4-26f4410e1fd0","32f33d9a-214c-4866-b290-f35927b428a9","TUM-0021","TUM-0021","CA 27.29","Numeric","U/mL","1","TRUE","TRUE","Active","","","CONFIGURED"
"8ebd0824-b84f-40df-b0e0-b7416a383381","31b610f2-5ad9-49bd-bf7d-9a743aad995b","TUM-0022","TUM-0022","PIVKA-II / DCP","Numeric","mAU/mL","1","TRUE","TRUE","Active","","","CONFIGURED"
"574a9814-fcfc-4208-b309-88e8cb77abbb","edb2f46b-167f-408c-9e2d-0024651f9193","TUM-0023","TUM-0023","PAP (Prostatic Acid Phosphatase)","Numeric","ng/mL","1","TRUE","TRUE","Active","","","CONFIGURED"
"fcc0e13f-f83e-49cd-943e-9c02acfe1462","2eb7227b-b73c-4a87-839e-18c8563c198f","TUM-0024","TUM-0024","Chromogranin A Tumor Marker","Numeric","ng/mL","1","TRUE","TRUE","Active","","","CONFIGURED"