"test_id","test_code","test_name","category","clinical_domain","workflow_type","is_active","billing_enabled","clinical_reporting_enabled","direct_parameter_count","resolved_leaf_parameter_count","component_count","method","specimen","configured_source","analyzer_mapping_count","reference_rule_count","qualitative_option_count","calculation_rule_count","active_rate","rate_source","rate_effective_date","result_entry_supported","verification_supported","signoff_supported","pdf_supported"
"104dbe56-7929-4937-a031-f8ce992fa320","ALG-0001","Specific IgE - House Dust Mite D. pteronyssinus","Specific IgE","Allergy","Routine","FALSE","TRUE","TRUE","1","1","0","ImmunoCAP/Validated specific IgE assay","Serum","MANUAL","0","0","0","0","RATE_PENDING","NONE","N/A","TRUE","TRUE","TRUE","TRUE"
"d0159645-7bb9-4e58-8c27-10f37d6e707c","ALG-0002","Specific IgE - House Dust Mite D. farinae","Specific IgE","Allergy","Routine","FALSE","TRUE","TRUE","1","1","0","ImmunoCAP/Validated specific IgE assay","Serum","MANUAL","0","0","0","0","RATE_PENDING","NONE","N/A","TRUE","TRUE","TRUE","TRUE"
"babe3400-78c5-4e51-afad-90604932b434","ALG-0003","Specific IgE - Cockroach","Specific IgE","Allergy","Routine","FALSE","TRUE","TRUE","1","1","0","ImmunoCAP/Validated specific IgE assay","Serum","MANUAL","0","0","0","0","RATE_PENDING","NONE","N/A","TRUE","TRUE","TRUE","TRUE"
"4cbaf2fd-dcb4-4c72-81d0-689898c9b74c","ALG-0004","Specific IgE - Cat Dander","Specific IgE","Allergy","Routine","FALSE","TRUE","TRUE","1","1","0","ImmunoCAP/Validated specific IgE assay","Serum","MANUAL","0","0","0","0","RATE_PENDING","NONE","N/A","TRUE","TRUE","TRUE","TRUE"
"0d64f449-0050-4b71-b7b8-4321b6a166e4","ALG-0005","Specific IgE - Dog Dander","Specific IgE","Allergy","Routine","FALSE","TRUE","TRUE","1","1","0","ImmunoCAP/Validated specific IgE assay","Serum","MANUAL","0","0","0","0","RATE_PENDING","NONE","N/A","TRUE","TRUE","TRUE","TRUE"
"45f73cfe-38e0-4769-a55e-f13a0ba7aa4b","ALG-0006","Specific IgE - Alternaria alternata","Specific IgE","Allergy","Routine","FALSE","TRUE","TRUE","1","1","0","ImmunoCAP/Validated specific IgE assay","Serum","MANUAL","0","0","0","0","RATE_PENDING","NONE","N/A","TRUE","TRUE","TRUE","TRUE"
"561d2e0f-99ce-4350-978f-e985b36779cb","ALG-0007","Specific IgE - Aspergillus fumigatus","Specific IgE","Allergy","Routine","FALSE","TRUE","TRUE","1","1","0","ImmunoCAP/Validated specific IgE assay","Serum","MANUAL","0","0","0","0","RATE_PENDING","NONE","N/A","TRUE","TRUE","TRUE","TRUE"
"7f00556a-e89a-41a8-b9d9-a09b4bf30380","ALG-0008","Specific IgE - Cladosporium herbarum","Specific IgE","Allergy","Routine","FALSE","TRUE","TRUE","1","1","0","ImmunoCAP/Validated specific IgE assay","Serum","MANUAL","0","0","0","0","RATE_PENDING","NONE","N/A","TRUE","TRUE","TRUE","TRUE"
"eaa924a5-e38b-46c6-a350-586e482c40b1","ALG-0009","Specific IgE - Penicillium chrysogenum","Specific IgE","Allergy","Routine","FALSE","TRUE","TRUE","1","1","0","ImmunoCAP/Validated specific IgE assay","Serum","MANUAL","0","0","0","0","RATE_PENDING","NONE","N/A","TRUE","TRUE","TRUE","TRUE"
"f5dbc42b-1431-4591-a92f-13a431d6f247","ALG-0010","Specific IgE - Bermuda Grass","Specific IgE","Allergy","Routine","FALSE","TRUE","TRUE","1","1","0","ImmunoCAP/Validated specific IgE assay","Serum","MANUAL","0","0","0","0","RATE_PENDING","NONE","N/A","TRUE","TRUE","TRUE","TRUE"
"5c437f2c-ade2-4027-9ef6-dfd156829b7a","ALG-0011","Specific IgE - Timothy Grass","Specific IgE","Allergy","Routine","FALSE","TRUE","TRUE","1","1","0","ImmunoCAP/Validated specific IgE assay","Serum","MANUAL","0","0","0","0","RATE_PENDING","NONE","N/A","TRUE","TRUE","TRUE","TRUE"
"49a9485e-00be-4c5a-a3de-58bad8f836a7","ALG-0012","Specific IgE - Rye Grass","Specific IgE","Allergy","Routine","FALSE","TRUE","TRUE","1","1","0","ImmunoCAP/Validated specific IgE assay","Serum","MANUAL","0","0","0","0","RATE_PENDING","NONE","N/A","TRUE","TRUE","TRUE","TRUE"
"041db139-20a6-49b1-b26c-e03b7594bc0f","ALG-0013","Specific IgE - Johnson Grass","Specific IgE","Allergy","Routine","FALSE","TRUE","TRUE","1","1","0","ImmunoCAP/Validated specific IgE assay","Serum","MANUAL","0","0","0","0","RATE_PENDING","NONE","N/A","TRUE","TRUE","TRUE","TRUE"
"ab4cd090-588f-4c48-9fe5-900260b9cdef","ALG-0014","Specific IgE - Common Ragweed","Specific IgE","Allergy","Routine","FALSE","TRUE","TRUE","1","1","0","ImmunoCAP/Validated specific IgE assay","Serum","MANUAL","0","0","0","0","RATE_PENDING","NONE","N/A","TRUE","TRUE","TRUE","TRUE"
"1045990d-09bf-4043-a39c-e0507af991e4","ALG-0015","Specific IgE - Mugwort","Specific IgE","Allergy","Routine","FALSE","TRUE","TRUE","1","1","0","ImmunoCAP/Validated specific IgE assay","Serum","MANUAL","0","0","0","0","RATE_PENDING","NONE","N/A","TRUE","TRUE","TRUE","TRUE"
"8e2b0cf9-fa6b-4dcc-95c4-df87654eb304","ALG-0016","Specific IgE - Birch","Specific IgE","Allergy","Routine","FALSE","TRUE","TRUE","1","1","0","ImmunoCAP/Validated specific IgE assay","Serum","MANUAL","0","0","0","0","RATE_PENDING","NONE","N/A","TRUE","TRUE","TRUE","TRUE"
"38e64801-d33e-43ec-bc8b-bb3bba708773","ALG-0017","Specific IgE - Oak","Specific IgE","Allergy","Routine","FALSE","TRUE","TRUE","1","1","0","ImmunoCAP/Validated specific IgE assay","Serum","MANUAL","0","0","0","0","RATE_PENDING","NONE","N/A","TRUE","TRUE","TRUE","TRUE"
"960f5d61-9c5e-4798-8ae1-3783a117f2a1","ALG-0018","Specific IgE - Olive Tree","Specific IgE","Allergy","Routine","FALSE","TRUE","TRUE","1","1","0","ImmunoCAP/Validated specific IgE assay","Serum","MANUAL","0","0","0","0","RATE_PENDING","NONE","N/A","TRUE","TRUE","TRUE","TRUE"
"f20118ab-1de2-4915-8ff3-343773a503ed","ALG-0019","Specific IgE - Cow's Milk","Specific IgE","Allergy","Routine","FALSE","TRUE","TRUE","1","1","0","ImmunoCAP/Validated specific IgE assay","Serum","MANUAL","0","0","0","0","RATE_PENDING","NONE","N/A","TRUE","TRUE","TRUE","TRUE"
"1fdb039d-ecf4-4db1-a521-8a4ff68af636","ALG-0020","Specific IgE - Egg White","Specific IgE","Allergy","Routine","FALSE","TRUE","TRUE","1","1","0","ImmunoCAP/Validated specific IgE assay","Serum","MANUAL","0","0","0","0","RATE_PENDING","NONE","N/A","TRUE","TRUE","TRUE","TRUE"
"140013a4-9d30-47c6-851a-0c473823aaff","ALG-0021","Specific IgE - Egg Yolk","Specific IgE","Allergy","Routine","FALSE","TRUE","TRUE","1","1","0","ImmunoCAP/Validated specific IgE assay","Serum","MANUAL","0","0","0","0","RATE_PENDING","NONE","N/A","TRUE","TRUE","TRUE","TRUE"
"4cd7db41-7ce1-4131-85fb-6c675e0705ff","ALG-0022","Specific IgE - Peanut","Specific IgE","Allergy","Routine","FALSE","TRUE","TRUE","1","1","0","ImmunoCAP/Validated specific IgE assay","Serum","MANUAL","0","0","0","0","RATE_PENDING","NONE","N/A","TRUE","TRUE","TRUE","TRUE"
"10c142ac-b41e-4266-9ad1-722f8f84d243","ALG-0023","Specific IgE - Soybean","Specific IgE","Allergy","Routine","FALSE","TRUE","TRUE","1","1","0","ImmunoCAP/Validated specific IgE assay","Serum","MANUAL","0","0","0","0","RATE_PENDING","NONE","N/A","TRUE","TRUE","TRUE","TRUE"
"62e3d806-6dc0-46a6-a423-082df756363b","ALG-0024","Specific IgE - Wheat","Specific IgE","Allergy","Routine","FALSE","TRUE","TRUE","1","1","0","ImmunoCAP/Validated specific IgE assay","Serum","MANUAL","0","0","0","0","RATE_PENDING","NONE","N/A","TRUE","TRUE","TRUE","TRUE"
"c8d216e3-83e5-4aef-861f-5044a40465df","ALG-0025","Specific IgE - Rice","Specific IgE","Allergy","Routine","FALSE","TRUE","TRUE","1","1","0","ImmunoCAP/Validated specific IgE assay","Serum","MANUAL","0","0","0","0","RATE_PENDING","NONE","N/A","TRUE","TRUE","TRUE","TRUE"
"3812626e-5e6f-43e1-ab8a-480dc66dd885","ALG-0026","Specific IgE - Maize/Corn","Specific IgE","Allergy","Routine","FALSE","TRUE","TRUE","1","1","0","ImmunoCAP/Validated specific IgE assay","Serum","MANUAL","0","0","0","0","RATE_PENDING","NONE","N/A","TRUE","TRUE","TRUE","TRUE"
"309434f6-85f1-45c6-8596-5eb95e4fb479","ALG-0027","Specific IgE - Sesame","Specific IgE","Allergy","Routine","FALSE","TRUE","TRUE","1","1","0","ImmunoCAP/Validated specific IgE assay","Serum","MANUAL","0","0","0","0","RATE_PENDING","NONE","N/A","TRUE","TRUE","TRUE","TRUE"
"1599d807-1636-4b95-b443-d08f4218e092","ALG-0028","Specific IgE - Walnut","Specific IgE","Allergy","Routine","FALSE","TRUE","TRUE","1","1","0","ImmunoCAP/Validated specific IgE assay","Serum","MANUAL","0","0","0","0","RATE_PENDING","NONE","N/A","TRUE","TRUE","TRUE","TRUE"
"27637c2a-9fc7-433f-a01e-fd2998ca124b","ALG-0029","Specific IgE - Cashew","Specific IgE","Allergy","Routine","FALSE","TRUE","TRUE","1","1","0","ImmunoCAP/Validated specific IgE assay","Serum","MANUAL","0","0","0","0","RATE_PENDING","NONE","N/A","TRUE","TRUE","TRUE","TRUE"
"13d4ce58-07ef-471a-be00-06fe80dbef19","ALG-0030","Specific IgE - Almond","Specific IgE","Allergy","Routine","FALSE","TRUE","TRUE","1","1","0","ImmunoCAP/Validated specific IgE assay","Serum","MANUAL","0","0","0","0","RATE_PENDING","NONE","N/A","TRUE","TRUE","TRUE","TRUE"
"7fa56d8f-0e69-49ae-98c0-d06d2c03162f","ALG-0031","Specific IgE - Hazelnut","Specific IgE","Allergy","Routine","FALSE","TRUE","TRUE","1","1","0","ImmunoCAP/Validated specific IgE assay","Serum","MANUAL","0","0","0","0","RATE_PENDING","NONE","N/A","TRUE","TRUE","TRUE","TRUE"
"4a6397fb-f351-4ebe-82da-dff419c645e7","ALG-0032","Specific IgE - Shrimp","Specific IgE","Allergy","Routine","FALSE","TRUE","TRUE","1","1","0","ImmunoCAP/Validated specific IgE assay","Serum","MANUAL","0","0","0","0","RATE_PENDING","NONE","N/A","TRUE","TRUE","TRUE","TRUE"
"31698067-4ca3-4c48-8d1a-524c95829ae8","ALG-0033","Specific IgE - Crab","Specific IgE","Allergy","Routine","FALSE","TRUE","TRUE","1","1","0","ImmunoCAP/Validated specific IgE assay","Serum","MANUAL","0","0","0","0","RATE_PENDING","NONE","N/A","TRUE","TRUE","TRUE","TRUE"
"34bed538-2c7b-4c6e-b69e-af626fce349f","ALG-0034","Specific IgE - Lobster","Specific IgE","Allergy","Routine","FALSE","TRUE","TRUE","1","1","0","ImmunoCAP/Validated specific IgE assay","Serum","MANUAL","0","0","0","0","RATE_PENDING","NONE","N/A","TRUE","TRUE","TRUE","TRUE"
"b0899d81-72c0-4311-86e3-2cfc2ae0e42c","ALG-0035","Specific IgE - Tuna","Specific IgE","Allergy","Routine","FALSE","TRUE","TRUE","1","1","0","ImmunoCAP/Validated specific IgE assay","Serum","MANUAL","0","0","0","0","RATE_PENDING","NONE","N/A","TRUE","TRUE","TRUE","TRUE"
"f64b9e9b-9aae-43df-9ae0-f9702865075d","ALG-0036","Specific IgE - Salmon","Specific IgE","Allergy","Routine","FALSE","TRUE","TRUE","1","1","0","ImmunoCAP/Validated specific IgE assay","Serum","MANUAL","0","0","0","0","RATE_PENDING","NONE","N/A","TRUE","TRUE","TRUE","TRUE"
"56201355-1250-4ba4-8c98-104b39564247","ALG-0037","Specific IgE - Codfish","Specific IgE","Allergy","Routine","FALSE","TRUE","TRUE","1","1","0","ImmunoCAP/Validated specific IgE assay","Serum","MANUAL","0","0","0","0","RATE_PENDING","NONE","N/A","TRUE","TRUE","TRUE","TRUE"
"cbc86e15-b5db-46d4-b822-ac3769f3c95b","ALG-0038","Specific IgE - Beef","Specific IgE","Allergy","Routine","FALSE","TRUE","TRUE","1","1","0","ImmunoCAP/Validated specific IgE assay","Serum","MANUAL","0","0","0","0","RATE_PENDING","NONE","N/A","TRUE","TRUE","TRUE","TRUE"
"8ca9a935-c5f0-43d4-81d0-fded9298fad5","ALG-0039","Specific IgE - Chicken Meat","Specific IgE","Allergy","Routine","FALSE","TRUE","TRUE","1","1","0","ImmunoCAP/Validated specific IgE assay","Serum","MANUAL","0","0","0","0","RATE_PENDING","NONE","N/A","TRUE","TRUE","TRUE","TRUE"
"af38c0f5-84cc-4973-b543-18531d4388f7","ALG-0040","Specific IgE - Pork","Specific IgE","Allergy","Routine","FALSE","TRUE","TRUE","1","1","0","ImmunoCAP/Validated specific IgE assay","Serum","MANUAL","0","0","0","0","RATE_PENDING","NONE","N/A","TRUE","TRUE","TRUE","TRUE"
"365cd937-80e4-4c87-8546-21733e4e67e2","ALG-0041","Specific IgE - Mustard","Specific IgE","Allergy","Routine","FALSE","TRUE","TRUE","1","1","0","ImmunoCAP/Validated specific IgE assay","Serum","MANUAL","0","0","0","0","RATE_PENDING","NONE","N/A","TRUE","TRUE","TRUE","TRUE"
"84469ee1-e3b9-4e4d-a80d-ff708135adbe","ALG-0042","Specific IgE - Latex","Specific IgE","Allergy","Routine","FALSE","TRUE","TRUE","1","1","0","ImmunoCAP/Validated specific IgE assay","Serum","MANUAL","0","0","0","0","RATE_PENDING","NONE","N/A","TRUE","TRUE","TRUE","TRUE"
"1ce9e232-a95c-40c3-8175-9e6c0e44f7b1","ALG-0043","Specific IgE - Honey Bee Venom","Specific IgE","Allergy","Routine","FALSE","TRUE","TRUE","1","1","0","ImmunoCAP/Validated specific IgE assay","Serum","MANUAL","0","0","0","0","RATE_PENDING","NONE","N/A","TRUE","TRUE","TRUE","TRUE"
"3a1eb53b-d105-4ce1-98ee-de0bc10eadca","ALG-0044","Specific IgE - Wasp Venom","Specific IgE","Allergy","Routine","FALSE","TRUE","TRUE","1","1","0","ImmunoCAP/Validated specific IgE assay","Serum","MANUAL","0","0","0","0","RATE_PENDING","NONE","N/A","TRUE","TRUE","TRUE","TRUE"
"6085e76d-82ca-43c0-8d90-aaafca59b9f5","ALG-0045","Specific IgE - Mosquito","Specific IgE","Allergy","Routine","FALSE","TRUE","TRUE","1","1","0","ImmunoCAP/Validated specific IgE assay","Serum","MANUAL","0","0","0","0","RATE_PENDING","NONE","N/A","TRUE","TRUE","TRUE","TRUE"
"3b947a62-c54e-4e2a-add9-807cd6693bdf","ALG-0046","Specific IgE - Penicillin G","Specific IgE","Allergy","Routine","FALSE","TRUE","TRUE","1","1","0","ImmunoCAP/Validated specific IgE assay","Serum","MANUAL","0","0","0","0","RATE_PENDING","NONE","N/A","TRUE","TRUE","TRUE","TRUE"
"5a8ce3a1-1816-4bc4-9b86-11b7904f282d","ALG-0047","Specific IgE - Penicillin V","Specific IgE","Allergy","Routine","FALSE","TRUE","TRUE","1","1","0","ImmunoCAP/Validated specific IgE assay","Serum","MANUAL","0","0","0","0","RATE_PENDING","NONE","N/A","TRUE","TRUE","TRUE","TRUE"
"40beab74-71cd-4d07-b9ed-4e65f8a0adea","ALG-0048","Specific IgE - Amoxicillin","Specific IgE","Allergy","Routine","FALSE","TRUE","TRUE","1","1","0","ImmunoCAP/Validated specific IgE assay","Serum","MANUAL","0","0","0","0","RATE_PENDING","NONE","N/A","TRUE","TRUE","TRUE","TRUE"
"1b316a21-7c76-4f21-be75-eb32e47717af","ALG-0049","Food Allergy Panel","Panels","Allergy","Routine","FALSE","TRUE","TRUE","0","0","0","Multiplex/Specific IgE panel","Serum","MANUAL","0","0","0","0","RATE_PENDING","NONE","N/A","FALSE","FALSE","FALSE","FALSE"
"aef41b9f-579d-46a7-8ea5-ad5a8d6784a1","ALG-0050","Inhalant Allergy Panel","Panels","Allergy","Routine","FALSE","TRUE","TRUE","0","0","0","Multiplex/Specific IgE panel","Serum","MANUAL","0","0","0","0","RATE_PENDING","NONE","N/A","FALSE","FALSE","FALSE","FALSE"
"a77253f1-fef4-4fc1-a106-d54b48a47fa2","ALG-0051","Pediatric Allergy Panel","Panels","Allergy","Routine","FALSE","TRUE","TRUE","0","0","0","Multiplex/Specific IgE panel","Serum","MANUAL","0","0","0","0","RATE_PENDING","NONE","N/A","FALSE","FALSE","FALSE","FALSE"
"4b9cc15c-f025-4a59-bf73-d6618e670b7c","ALG-0052","Atopy Screen","Panels","Allergy","Routine","FALSE","TRUE","TRUE","0","0","0","Multiplex/Specific IgE panel","Serum","MANUAL","0","0","0","0","RATE_PENDING","NONE","N/A","FALSE","FALSE","FALSE","FALSE"
"f5702561-737b-44b1-93f1-9df32b46ef02","BIO-0001","Glucose, Fasting","General Chemistry","Clinical Biochemistry","Routine","FALSE","TRUE","TRUE","1","1","0","GOD-PAP","Serum / Plasma","MANUAL","0","1","0","0","150.00","CATALOGUE_RATE_VERSIONS","2026-09-17T02:24:52.214398+00:00","TRUE","TRUE","TRUE","TRUE"
"bff5848d-c23c-4a07-8d22-1389f040fa2d","BIO-0002","Glucose, Random","General Chemistry","Clinical Biochemistry","Routine","FALSE","TRUE","TRUE","1","1","0","GOD-PAP","Serum / Plasma","MANUAL","0","1","0","0","150.00","CATALOGUE_RATE_VERSIONS","2026-09-17T02:24:52.222438+00:00","TRUE","TRUE","TRUE","TRUE"
"1f95121e-b4ce-484a-9692-f72e5fb637d6","BIO-0003","Glucose, Postprandial 2 hr","General Chemistry","Clinical Biochemistry","Routine","FALSE","TRUE","TRUE","1","1","0","GOD-PAP","Serum / Plasma","MANUAL","0","1","0","0","150.00","CATALOGUE_RATE_VERSIONS","2026-09-17T02:24:52.222507+00:00","TRUE","TRUE","TRUE","TRUE"
"f809305f-ef94-4244-93da-0d14f3dd85ea","BIO-0004","Glucose, 1 hr Post Glucose","General Chemistry","Clinical Biochemistry","Routine","FALSE","TRUE","TRUE","1","1","0","Hexokinase/GOD-POD","Serum / Plasma","MANUAL","0","0","0","0","RATE_PENDING","NONE","N/A","TRUE","TRUE","TRUE","TRUE"
"e2d34d65-7744-4b4c-846a-7e451d3c6639","BIO-0005","Glucose, 2 hr Post Glucose","General Chemistry","Clinical Biochemistry","Routine","FALSE","TRUE","TRUE","1","1","0","Hexokinase/GOD-POD","Serum / Plasma","MANUAL","0","0","0","0","RATE_PENDING","NONE","N/A","TRUE","TRUE","TRUE","TRUE"
"2e1adb6d-42c4-4d20-95ae-1035ee351ab8","BIO-0006","HbA1c","General Chemistry","Clinical Biochemistry","Routine","FALSE","TRUE","TRUE","1","1","0","HPLC / Enzymatic / Immunoturbidimetry (NGSP/IFCC Certified)","EDTA Whole Blood","MANUAL","0","1","0","0","800.00","CATALOGUE_RATE_VERSIONS","2026-09-16T07:36:39.564555+00:00","TRUE","TRUE","TRUE","TRUE"
"ef6e9092-71ca-4560-a5d9-8447e4861e6b","BIO-0007","Fructosamine","General Chemistry","Clinical Biochemistry","Routine","FALSE","TRUE","TRUE","1","1","0","Colorimetric","Serum / Plasma","MANUAL","0","0","0","0","RATE_PENDING","NONE","N/A","TRUE","TRUE","TRUE","TRUE"
"9f835354-26d1-449e-a05c-0fa9579a5346","BIO-0008","Urea","General Chemistry","Clinical Biochemistry","Routine","FALSE","TRUE","TRUE","1","1","0","Urease-GLDH UV Kinetic","Serum / Plasma","MANUAL","0","1","0","0","200.00","CATALOGUE_RATE_VERSIONS","2026-09-17T02:24:52.222538+00:00","TRUE","TRUE","TRUE","TRUE"
"f076bab1-77b5-4980-9f23-0c439f99bb9d","BIO-0009","Blood Urea Nitrogen (BUN)","General Chemistry","Clinical Biochemistry","Routine","FALSE","TRUE","TRUE","1","1","0","Calculated: Urea / 2.14","Serum / Plasma","MANUAL","0","1","0","1","200.00","CATALOGUE_RATE_VERSIONS","2026-09-17T02:24:52.222572+00:00","TRUE","TRUE","TRUE","TRUE"
"1de8a1df-9d55-48c4-9dbc-83de477d5edb","BIO-0010","Creatinine","General Chemistry","Clinical Biochemistry","Routine","FALSE","TRUE","TRUE","1","1","0","Modified Jaffe Kinetic","Serum / Plasma","MANUAL","0","2","0","0","200.00","CATALOGUE_RATE_VERSIONS","2026-09-17T02:24:52.222602+00:00","TRUE","TRUE","TRUE","TRUE"
"04c31478-286c-4686-8d2a-b9e267bf4d1f","BIO-0011","eGFR","General Chemistry","Clinical Biochemistry","Routine","FALSE","TRUE","TRUE","1","1","0","CKD-EPI 2021 Equation","Serum / Plasma","MANUAL","0","0","0","0","RATE_PENDING","NONE","N/A","TRUE","TRUE","TRUE","TRUE"
"d8d8a5f9-0b08-44b4-8084-e2c024e76b55","BIO-0012","Uric Acid","General Chemistry","Clinical Biochemistry","Routine","FALSE","TRUE","TRUE","1","1","0","Uricase-PAP","Serum / Plasma","MANUAL","0","2","0","0","250.00","CATALOGUE_RATE_VERSIONS","2026-09-17T02:24:52.222657+00:00","TRUE","TRUE","TRUE","TRUE"
"42c88d20-8e7a-4c0f-a9fa-889c477a67ef","BIO-0013","Total Protein","General Chemistry","Clinical Biochemistry","Routine","FALSE","TRUE","TRUE","1","1","0","Biuret End-point","Serum / Plasma","MANUAL","0","1","0","0","200.00","CATALOGUE_RATE_VERSIONS","2026-09-18T12:20:51.538254+00:00","TRUE","TRUE","TRUE","TRUE"
"d1356bb0-88e1-4947-966a-b392cad353f1","BIO-0014","Albumin","General Chemistry","Clinical Biochemistry","Routine","FALSE","TRUE","TRUE","1","1","0","Bromocresol Green (BCG)","Serum / Plasma","MANUAL","0","1","0","0","200.00","CATALOGUE_RATE_VERSIONS","2026-09-18T12:20:51.538226+00:00","TRUE","TRUE","TRUE","TRUE"
"6ef3b943-be05-4e00-9ef8-b759a2b3c6fa","BIO-0015","Globulin","General Chemistry","Clinical Biochemistry","Routine","FALSE","TRUE","TRUE","1","1","0","Calculated: Total Protein - Albumin","Serum / Plasma","MANUAL","0","1","0","1","RATE_PENDING","NONE","N/A","TRUE","TRUE","TRUE","TRUE"
"c2a6e503-2da1-4ee3-b1d8-ab5ce9d15389","BIO-0016","A/G Ratio","General Chemistry","Clinical Biochemistry","Routine","FALSE","TRUE","TRUE","1","1","0","Calculated: Albumin / Globulin","Serum / Plasma","MANUAL","0","1","0","1","RATE_PENDING","NONE","N/A","TRUE","TRUE","TRUE","TRUE"
"fa197b77-6142-4e54-8ac6-06f5e6905243","BIO-0017","Total Bilirubin","General Chemistry","Clinical Biochemistry","Routine","FALSE","TRUE","TRUE","1","1","0","Modified Jendrassik-Grof","Serum / Plasma","MANUAL","0","1","0","0","RATE_PENDING","NONE","N/A","TRUE","TRUE","TRUE","TRUE"
"aabc150b-5772-4dac-8d6f-2c0bb658ae0b","BIO-0018","Direct Bilirubin","General Chemistry","Clinical Biochemistry","Routine","FALSE","TRUE","TRUE","1","1","0","Diazotized Sulfanilic Acid","Serum / Plasma","MANUAL","0","1","0","0","RATE_PENDING","NONE","N/A","TRUE","TRUE","TRUE","TRUE"
"8ea45b9a-2bc5-4edd-8f1c-f4e3eb34bd62","BIO-0019","Indirect Bilirubin","General Chemistry","Clinical Biochemistry","Routine","FALSE","TRUE","TRUE","1","1","0","Ion Selective Electrode (ISE) / Colorimetric","Serum / Plasma","MANUAL","0","1","0","0","RATE_PENDING","NONE","N/A","TRUE","TRUE","TRUE","TRUE"
"5f6d7b47-d013-4bfa-b46e-85484e2ed196","BIO-0020","AST (SGOT)","General Chemistry","Clinical Biochemistry","Routine","FALSE","TRUE","TRUE","1","1","0","UV Kinetic (IFCC)","Serum / Plasma","MANUAL","0","2","0","0","300.00","CATALOGUE_RATE_VERSIONS","2026-09-18T12:20:51.538126+00:00","TRUE","TRUE","TRUE","TRUE"
"abe11942-b00b-4dbc-a3bb-bbed67ba03c3","BIO-0021","ALT (SGPT)","General Chemistry","Clinical Biochemistry","Routine","FALSE","TRUE","TRUE","1","1","0","UV Kinetic (IFCC)","Serum / Plasma","MANUAL","0","2","0","0","300.00","CATALOGUE_RATE_VERSIONS","2026-09-18T12:20:51.530416+00:00","TRUE","TRUE","TRUE","TRUE"
"56a7e91e-381e-41f9-854c-f858945733b0","BIO-0022","Alkaline Phosphatase (ALP)","General Chemistry","Clinical Biochemistry","Routine","FALSE","TRUE","TRUE","1","1","0","Kinetic p-NPP (IFCC)","Serum / Plasma","MANUAL","0","1","0","0","250.00","CATALOGUE_RATE_VERSIONS","2026-09-18T12:20:51.538202+00:00","TRUE","TRUE","TRUE","TRUE"
"468c6ad8-0102-46d6-8d7c-8950cba17d13","BIO-0023","GGT","General Chemistry","Clinical Biochemistry","Routine","FALSE","TRUE","TRUE","1","1","0","Carboxy Substrate Kinetic","Serum / Plasma","MANUAL","0","2","0","0","800.00","CATALOGUE_RATE_VERSIONS","2026-09-18T12:20:51.53829+00:00","TRUE","TRUE","TRUE","TRUE"
"8a9e661d-a991-4bdf-a327-600960f800c3","BIO-0024","LDH","General Chemistry","Clinical Biochemistry","Routine","FALSE","TRUE","TRUE","1","1","0","IFCC UV Kinetic","Serum / Plasma","MANUAL","0","1","0","0","500.00","CATALOGUE_RATE_VERSIONS","2026-09-18T12:20:51.538444+00:00","TRUE","TRUE","TRUE","TRUE"
"0c5a74c8-9619-4bbc-a53b-40f86d58c8b1","BIO-0025","Cholinesterase","General Chemistry","Clinical Biochemistry","Routine","FALSE","TRUE","TRUE","1","1","0","Diazo Photometric","Serum / Plasma","MANUAL","0","0","0","0","RATE_PENDING","NONE","N/A","TRUE","TRUE","TRUE","TRUE"
"c6624c86-9bb1-4b9c-a52e-d2d9f8d27c02","BIO-0026","Ammonia","General Chemistry","Clinical Biochemistry","Routine","FALSE","TRUE","TRUE","1","1","0","Calculated (Total Bilirubin - Direct Bilirubin)","Serum / Plasma","MANUAL","0","0","0","0","RATE_PENDING","NONE","N/A","TRUE","TRUE","TRUE","TRUE"
"2424240c-3091-4e46-803a-2dc9b561d534","BIO-0027","Total Cholesterol","General Chemistry","Clinical Biochemistry","Routine","FALSE","TRUE","TRUE","1","1","0","CHOD-PAP","Serum / Plasma","MANUAL","0","1","0","0","200.00","CATALOGUE_RATE_VERSIONS","2026-09-18T12:20:51.538345+00:00","TRUE","TRUE","TRUE","TRUE"
"d5982b00-9047-4fa9-9d2c-6b3a8acf60e1","BIO-0028","Triglycerides","General Chemistry","Clinical Biochemistry","Routine","FALSE","TRUE","TRUE","1","1","0","GPO-PAP","Serum / Plasma","MANUAL","0","1","0","0","250.00","CATALOGUE_RATE_VERSIONS","2026-09-18T12:20:51.53837+00:00","TRUE","TRUE","TRUE","TRUE"
"a23c2171-30bd-446b-8d22-ef315a673e8d","BIO-0029","HDL Cholesterol","General Chemistry","Clinical Biochemistry","Routine","FALSE","TRUE","TRUE","1","1","0","Direct Clearance (Immunoinhibition)","Serum / Plasma","MANUAL","0","2","0","0","250.00","CATALOGUE_RATE_VERSIONS","2026-09-18T12:20:51.538387+00:00","TRUE","TRUE","TRUE","TRUE"
"8c7aa1a7-a70f-4e7b-b812-17a46ea31d7e","BIO-0030","LDL Cholesterol, Direct","General Chemistry","Clinical Biochemistry","Routine","FALSE","TRUE","TRUE","1","1","0","Direct Clearance / Immunoinhibition","Serum / Plasma","MANUAL","0","1","0","0","450.00","CATALOGUE_RATE_VERSIONS","2026-09-18T12:20:51.538403+00:00","TRUE","TRUE","TRUE","TRUE"
"d34bde87-2a7b-4c5f-b543-4f87af4d98b4","BIO-0031","LDL Cholesterol, Calculated","General Chemistry","Clinical Biochemistry","Routine","FALSE","TRUE","TRUE","1","1","0","Calculated: Friedewald Equation (Total Chol - HDL - TG/5)","Serum / Plasma","MANUAL","0","1","0","1","RATE_PENDING","NONE","N/A","TRUE","TRUE","TRUE","TRUE"
"0244fa97-7dd0-4854-b9f6-97e2bb45c0bc","BIO-0032","VLDL Cholesterol","General Chemistry","Clinical Biochemistry","Routine","FALSE","TRUE","TRUE","1","1","0","Calculated: Triglycerides / 5","Serum / Plasma","MANUAL","0","1","0","1","RATE_PENDING","NONE","N/A","TRUE","TRUE","TRUE","TRUE"
"cc0d3950-3409-4f4a-a15e-30927ccc275a","BIO-0033","Non-HDL Cholesterol","General Chemistry","Clinical Biochemistry","Routine","FALSE","TRUE","TRUE","1","1","0","Direct Clearance / Enzymatic Immunoinhibition","Serum / Plasma","MANUAL","0","0","0","0","RATE_PENDING","NONE","N/A","TRUE","TRUE","TRUE","TRUE"
"4985ed0d-1b17-4ebb-a9b1-63252837fed5","BIO-0034","Apolipoprotein A1","General Chemistry","Clinical Biochemistry","Routine","FALSE","TRUE","TRUE","1","1","0","Direct Enzymatic / Friedewald Calculation","Serum / Plasma","MANUAL","0","0","0","0","RATE_PENDING","NONE","N/A","TRUE","TRUE","TRUE","TRUE"
"20bc0601-e176-4714-beda-974aa21fab8f","BIO-0035","Apolipoprotein B","General Chemistry","Clinical Biochemistry","Routine","FALSE","TRUE","TRUE","1","1","0","Calculated (Triglycerides / 5)","Serum / Plasma","MANUAL","0","0","0","0","RATE_PENDING","NONE","N/A","TRUE","TRUE","TRUE","TRUE"
"3b1cef2b-861a-44e3-ace7-694f7edca5c9","BIO-0036","Lipoprotein(a)","General Chemistry","Clinical Biochemistry","Routine","FALSE","TRUE","TRUE","1","1","0","CNPG3 / IFCC Kinetic Photometric","Serum / Plasma","MANUAL","0","0","0","0","RATE_PENDING","NONE","N/A","TRUE","TRUE","TRUE","TRUE"
"7791f8bf-fd97-4d37-a354-d095bc35d89c","BIO-0037","Sodium","General Chemistry","Clinical Biochemistry","Routine","FALSE","TRUE","TRUE","1","1","0","Photometric (Colorimetric)","Serum / Plasma","MANUAL","0","1","0","0","250.00","CATALOGUE_RATE_VERSIONS","2026-09-17T02:24:52.222672+00:00","TRUE","TRUE","TRUE","TRUE"
"f0fe2a2c-f948-4cba-b1ed-5c0ad953984f","BIO-0038","Potassium","General Chemistry","Clinical Biochemistry","Routine","FALSE","TRUE","TRUE","1","1","0","Photometric (Turbidimetric)","Serum / Plasma","MANUAL","0","1","0","0","250.00","CATALOGUE_RATE_VERSIONS","2026-09-17T02:24:52.222686+00:00","TRUE","TRUE","TRUE","TRUE"
"4ceb32e1-9155-498b-a035-4042f07f01c1","BIO-0039","Chloride","General Chemistry","Clinical Biochemistry","Routine","FALSE","TRUE","TRUE","1","1","0","Photometric (Mercuric Thiocyanate)","Serum / Plasma","MANUAL","0","1","0","0","RATE_PENDING","NONE","N/A","TRUE","TRUE","TRUE","TRUE"
"14e8cffd-fd0e-4673-8c5e-e7c1775a1b92","BIO-0040","Bicarbonate / Total CO2","General Chemistry","Clinical Biochemistry","Routine","FALSE","TRUE","TRUE","1","1","0","Enzymatic/ISE","Serum / Plasma","MANUAL","0","0","0","0","RATE_PENDING","NONE","N/A","TRUE","TRUE","TRUE","TRUE"
"d59beba7-1545-4b7c-8eac-7fb41297f4f3","BIO-0041","Calcium, Total","General Chemistry","Clinical Biochemistry","Routine","FALSE","TRUE","TRUE","1","1","0","Arsenazo III Photometric","Serum / Plasma","MANUAL","0","1","0","0","300.00","CATALOGUE_RATE_VERSIONS","2026-09-17T02:24:52.222749+00:00","TRUE","TRUE","TRUE","TRUE"
"3af2d62a-fb3d-4889-b7e7-f0e69129bab6","BIO-0042","Calcium, Ionized","General Chemistry","Clinical Biochemistry","Routine","FALSE","TRUE","TRUE","1","1","0","ISE","Serum / Plasma","MANUAL","0","0","0","0","RATE_PENDING","NONE","N/A","TRUE","TRUE","TRUE","TRUE"
"a18769b3-a6e0-4a6e-843c-9b3875cfdb09","BIO-0043","Phosphorus","General Chemistry","Clinical Biochemistry","Routine","FALSE","TRUE","TRUE","1","1","0","Phosphomolybdate UV","Serum / Plasma","MANUAL","0","1","0","0","300.00","CATALOGUE_RATE_VERSIONS","2026-09-17T02:24:52.222784+00:00","TRUE","TRUE","TRUE","TRUE"
"7bb87034-9949-4639-a442-a022e899a042","BIO-0044","Magnesium","General Chemistry","Clinical Biochemistry","Routine","FALSE","TRUE","TRUE","1","1","0","Calmagite Photometric","Serum / Plasma","MANUAL","0","1","0","0","RATE_PENDING","NONE","N/A","TRUE","TRUE","TRUE","TRUE"
"95f519e3-c090-4574-803b-c6a076a27191","BIO-0045","Iron","General Chemistry","Clinical Biochemistry","Routine","FALSE","TRUE","TRUE","1","1","0","Ferrozine","Serum / Plasma","MANUAL","0","0","0","0","RATE_PENDING","NONE","N/A","TRUE","TRUE","TRUE","TRUE"
"cb9b883e-f402-4959-a26b-1c10643eae26","BIO-0046","TIBC","General Chemistry","Clinical Biochemistry","Routine","FALSE","TRUE","TRUE","1","1","0","Colorimetric/Calculated","Serum / Plasma","MANUAL","0","0","0","0","RATE_PENDING","NONE","N/A","TRUE","TRUE","TRUE","TRUE"
"364e7742-b242-40f4-9e30-f788485ef248","BIO-0047","UIBC","General Chemistry","Clinical Biochemistry","Routine","FALSE","TRUE","TRUE","1","1","0","Colorimetric","Serum / Plasma","MANUAL","0","0","0","0","RATE_PENDING","NONE","N/A","TRUE","TRUE","TRUE","TRUE"
"78170b5b-10fe-4fc9-ab2a-fc401e928c00","BIO-0048","Transferrin","General Chemistry","Clinical Biochemistry","Routine","FALSE","TRUE","TRUE","1","1","0","Immunoturbidimetry","Serum / Plasma","MANUAL","0","0","0","0","RATE_PENDING","NONE","N/A","TRUE","TRUE","TRUE","TRUE"
"a8926cd6-9579-44fa-9c9a-905bb9891bfa","BIO-0049","Transferrin Saturation","General Chemistry","Clinical Biochemistry","Routine","FALSE","TRUE","TRUE","1","1","0","Calculated","Serum / Plasma","MANUAL","0","0","0","0","RATE_PENDING","NONE","N/A","TRUE","TRUE","TRUE","TRUE"
"18219d0b-5806-447c-b46f-89e1a3db4903","BIO-0050","Ferritin","General Chemistry","Clinical Biochemistry","Routine","FALSE","TRUE","TRUE","1","1","0","Fluorescence Immunoassay","Serum / Plasma","MANUAL","0","2","0","0","1000.00","CATALOGUE_RATE_VERSIONS","2026-09-16T07:36:39.564555+00:00","TRUE","TRUE","TRUE","TRUE"
"1731fd3f-cabc-4892-b01b-2183d47a3fa9","BIO-0051","Vitamin B12","General Chemistry","Clinical Biochemistry","Routine","FALSE","TRUE","TRUE","1","1","0","Fluorescence Immunoassay","Serum / Plasma","MANUAL","0","1","0","0","1800.00","CATALOGUE_RATE_VERSIONS","2026-09-18T12:20:51.539294+00:00","TRUE","TRUE","TRUE","TRUE"
"5e46568a-8f03-47b7-8b1b-3cda10eb4470","BIO-0052","Folate","General Chemistry","Clinical Biochemistry","Routine","FALSE","TRUE","TRUE","1","1","0","CLIA/ECLIA","Serum / Plasma","MANUAL","0","0","0","0","2000.00","CATALOGUE_RATE_VERSIONS","2026-09-18T12:20:51.539216+00:00","TRUE","TRUE","TRUE","TRUE"
"52bc94a9-1c73-4fa2-a93f-0668a5b9a73c","BIO-0053","Vitamin D, 25-OH","General Chemistry","Clinical Biochemistry","Routine","FALSE","TRUE","TRUE","1","1","0","Fluorescence Immunoassay","Serum / Plasma","MANUAL","0","1","0","0","2000.00","CATALOGUE_RATE_VERSIONS","2026-09-16T07:36:39.564555+00:00","TRUE","TRUE","TRUE","TRUE"
"75e7262a-4d54-49c7-95c5-ce70c262f186","BIO-0054","Vitamin D, 1,25-dihydroxy","General Chemistry","Clinical Biochemistry","Routine","FALSE","TRUE","TRUE","1","1","0","Immunoassay/LC-MS","Serum / Plasma","MANUAL","0","0","0","0","RATE_PENDING","NONE","N/A","TRUE","TRUE","TRUE","TRUE"
"6c39b4f7-59df-4554-90d0-ff0115004624","BIO-0055","Zinc","General Chemistry","Clinical Biochemistry","Routine","FALSE","TRUE","TRUE","1","1","0","Colorimetric/AAS/ICP-MS","Serum / Plasma","MANUAL","0","0","0","0","RATE_PENDING","NONE","N/A","TRUE","TRUE","TRUE","TRUE"
"4dfaf741-aa32-4334-a5d2-5eefd3c7ce58","BIO-0056","Copper","General Chemistry","Clinical Biochemistry","Routine","FALSE","TRUE","TRUE","1","1","0","AAS/ICP-MS","Serum / Plasma","MANUAL","0","0","0","0","RATE_PENDING","NONE","N/A","TRUE","TRUE","TRUE","TRUE"
"c563a539-484e-4fc3-96bc-885e69319190","BIO-0057","Ceruloplasmin","General Chemistry","Clinical Biochemistry","Routine","FALSE","TRUE","TRUE","1","1","0","Immunoturbidimetry","Serum / Plasma","MANUAL","0","0","0","0","RATE_PENDING","NONE","N/A","TRUE","TRUE","TRUE","TRUE"
"e175b28a-8910-49cf-a68a-f3fd228fe5e2","BIO-0058","Amylase","General Chemistry","Clinical Biochemistry","Routine","FALSE","TRUE","TRUE","1","1","0","CNP-G3 Direct Substrate","Serum / Plasma","MANUAL","0","1","0","0","500.00","CATALOGUE_RATE_VERSIONS","2026-09-17T02:24:52.224217+00:00","TRUE","TRUE","TRUE","TRUE"
"d70c137b-f1a0-4ef9-a7a8-7ae8670529eb","BIO-0059","Lipase","General Chemistry","Clinical Biochemistry","Routine","FALSE","TRUE","TRUE","1","1","0","Enzymatic","Serum / Plasma","MANUAL","0","2","0","0","600.00","CATALOGUE_RATE_VERSIONS","2026-09-17T02:24:52.22429+00:00","TRUE","TRUE","TRUE","TRUE"
"1ebff5cb-0776-48b3-bd4b-2b1892f3d3db","BIO-0060","CK Total","General Chemistry","Clinical Biochemistry","Routine","FALSE","TRUE","TRUE","1","1","0","CK-NAC Kinetic (IFCC)","Serum / Plasma","MANUAL","0","2","0","0","RATE_PENDING","NONE","N/A","TRUE","TRUE","TRUE","TRUE"
"7504528b-6709-4ecb-bde2-ace123cb2b7c","BIO-0061","CK-MB Mass","General Chemistry","Clinical Biochemistry","Routine","FALSE","TRUE","TRUE","1","1","0","Fluorescence Immunoassay","Serum / Plasma","MANUAL","0","1","0","0","700.00","CATALOGUE_RATE_VERSIONS","2026-09-16T07:36:39.564555+00:00","TRUE","TRUE","TRUE","TRUE"
"4f9e21fa-2dfc-4257-8e94-5795c66be2a0","BIO-0062","CK-MB Activity","General Chemistry","Clinical Biochemistry","Routine","FALSE","TRUE","TRUE","1","1","0","UV Kinetic (Immunoinhibition)","Serum / Plasma","MANUAL","0","1","0","0","1000.00","CATALOGUE_RATE_VERSIONS","2026-09-18T12:20:51.538427+00:00","TRUE","TRUE","TRUE","TRUE"
"6ad3e9d7-07e7-48d1-b330-ce1a1e7906be","BIO-0063","Troponin I, High Sensitivity","General Chemistry","Clinical Biochemistry","Routine","FALSE","TRUE","TRUE","1","1","0","Fluorescence Immunoassay","Serum / Plasma","MANUAL","0","1","0","0","1200.00","CATALOGUE_RATE_VERSIONS","2026-09-16T07:36:39.564555+00:00","TRUE","TRUE","TRUE","TRUE"
"c8b4e3d2-e11e-490e-9e6c-ace2ecd81953","BIO-0064","Troponin T, High Sensitivity","General Chemistry","Clinical Biochemistry","Routine","FALSE","TRUE","TRUE","1","1","0","High-sensitivity immunoassay","Serum / Plasma","MANUAL","0","0","0","0","1800.00","CATALOGUE_RATE_VERSIONS","2026-09-16T07:36:39.564555+00:00","TRUE","TRUE","TRUE","TRUE"
"9a82ab3b-e114-4881-b80d-ca39d51a8167","BIO-0065","Myoglobin","General Chemistry","Clinical Biochemistry","Routine","FALSE","TRUE","TRUE","1","1","0","Fluorescence Immunoassay","Serum / Plasma","MANUAL","0","2","0","0","RATE_PENDING","NONE","N/A","TRUE","TRUE","TRUE","TRUE"
"3e1f7052-8d1c-4127-bfec-512b97acfaf8","BIO-0066","BNP","General Chemistry","Clinical Biochemistry","Routine","FALSE","TRUE","TRUE","1","1","0","Immunoassay","Serum / Plasma","MANUAL","0","0","0","0","RATE_PENDING","NONE","N/A","TRUE","TRUE","TRUE","TRUE"
"ed7944e9-3ff9-40ab-b8e5-fe827d86bf63","BIO-0067","NT-proBNP","General Chemistry","Clinical Biochemistry","Routine","FALSE","TRUE","TRUE","1","1","0","Fluorescence Immunoassay","Serum / Plasma","MANUAL","0","3","0","0","3000.00","CATALOGUE_RATE_VERSIONS","2026-09-16T07:36:39.564555+00:00","TRUE","TRUE","TRUE","TRUE"
"021e2230-37ab-433d-8529-53edb189fc31","BIO-0068","hs-CRP","General Chemistry","Clinical Biochemistry","Routine","FALSE","TRUE","TRUE","1","1","0","Fluorescence Immunoassay","Serum / Plasma","MANUAL","0","1","0","0","700.00","CATALOGUE_RATE_VERSIONS","2026-09-16T07:36:39.564555+00:00","TRUE","TRUE","TRUE","TRUE"
"611b3507-e91a-4f00-8910-79fd9f5c835b","BIO-0069","Lactate","General Chemistry","Clinical Biochemistry","Routine","FALSE","TRUE","TRUE","1","1","0","Enzymatic","Serum / Plasma","MANUAL","0","0","0","0","RATE_PENDING","NONE","N/A","TRUE","TRUE","TRUE","TRUE"
"55b2b461-15af-46ea-bc1f-9436f88d9e6c","BIO-0070","Pyruvate","General Chemistry","Clinical Biochemistry","Routine","FALSE","TRUE","TRUE","1","1","0","Enzymatic","Serum / Plasma","MANUAL","0","0","0","0","RATE_PENDING","NONE","N/A","TRUE","TRUE","TRUE","TRUE"
"f2d629ab-b84f-4890-aab5-a680c6ecca7b","BIO-0071","Homocysteine","General Chemistry","Clinical Biochemistry","Routine","FALSE","TRUE","TRUE","1","1","0","Immunoassay/Enzymatic","Serum / Plasma","MANUAL","0","0","0","0","RATE_PENDING","NONE","N/A","TRUE","TRUE","TRUE","TRUE"
"4a827fd7-2cb2-4624-b7e0-0cb472884ed8","BIO-0072","Osmolality, Serum","General Chemistry","Clinical Biochemistry","Routine","FALSE","TRUE","TRUE","1","1","0","Freezing point osmometry","Serum / Plasma","MANUAL","0","0","0","0","RATE_PENDING","NONE","N/A","TRUE","TRUE","TRUE","TRUE"
"ea3c8085-d853-4a47-a911-0577cf90d90b","BIO-0073","Anion Gap","General Chemistry","Clinical Biochemistry","Routine","FALSE","TRUE","TRUE","1","1","0","Calculated","Serum / Plasma","MANUAL","0","0","0","0","RATE_PENDING","NONE","N/A","TRUE","TRUE","TRUE","TRUE"
"09cb4ad2-7e4e-4bea-9d22-b3207bb002aa","BIO-0074","Beta-Hydroxybutyrate","General Chemistry","Clinical Biochemistry","Routine","FALSE","TRUE","TRUE","1","1","0","Enzymatic","Serum / Plasma","MANUAL","0","0","0","0","RATE_PENDING","NONE","N/A","TRUE","TRUE","TRUE","TRUE"
"36e94b47-ff83-47ea-8726-c74f3d1cf21d","BIO-0075","Acetone, Blood","General Chemistry","Clinical Biochemistry","Routine","FALSE","TRUE","TRUE","1","1","0","Chemical/GC","Serum / Plasma","MANUAL","0","0","0","0","RATE_PENDING","NONE","N/A","TRUE","TRUE","TRUE","TRUE"
"44090413-f0a7-4cc5-a8b0-874be3db3653","BIO-0076","Prealbumin","General Chemistry","Clinical Biochemistry","Routine","FALSE","TRUE","TRUE","1","1","0","Immunoturbidimetry","Serum / Plasma","MANUAL","0","0","0","0","RATE_PENDING","NONE","N/A","TRUE","TRUE","TRUE","TRUE"
"21d1363d-17d4-4676-a815-1c3b1fe8bec7","BIO-0077","Haptoglobin","General Chemistry","Clinical Biochemistry","Routine","FALSE","TRUE","TRUE","1","1","0","Immunoturbidimetry","Serum / Plasma","MANUAL","0","0","0","0","RATE_PENDING","NONE","N/A","TRUE","TRUE","TRUE","TRUE"
"43ba84de-84eb-4fd8-bf6e-023a2554009c","BIO-0078","Alpha-1 Antitrypsin","General Chemistry","Clinical Biochemistry","Routine","FALSE","TRUE","TRUE","1","1","0","Immunoturbidimetry","Serum / Plasma","MANUAL","0","0","0","0","RATE_PENDING","NONE","N/A","TRUE","TRUE","TRUE","TRUE"
"c2e9b2f7-81b6-427d-b67d-05bce7c11e69","BIO-0079","Bile Acids, Total","General Chemistry","Clinical Biochemistry","Routine","FALSE","TRUE","TRUE","1","1","0","Enzymatic","Serum / Plasma","MANUAL","0","0","0","0","RATE_PENDING","NONE","N/A","TRUE","TRUE","TRUE","TRUE"
"995dcf24-48df-469f-a91f-b4dcc13b0a6c","BIO-0080","ALP Isoenzymes","General Chemistry","Clinical Biochemistry","Routine","FALSE","TRUE","TRUE","1","1","0","Electrophoresis","Serum / Plasma","MANUAL","0","0","0","0","RATE_PENDING","NONE","N/A","TRUE","TRUE","TRUE","TRUE"
"2cf221b5-6a6e-45eb-9840-863e534aafa6","BIO-0081","LDH Isoenzymes","General Chemistry","Clinical Biochemistry","Routine","FALSE","TRUE","TRUE","1","1","0","Electrophoresis","Serum / Plasma","MANUAL","0","0","0","0","RATE_PENDING","NONE","N/A","TRUE","TRUE","TRUE","TRUE"
"19eff4a6-6fb0-4251-bb4a-5d2714bf4fb2","BIO-0082","Urine Protein, Random","Urine Chemistry","Clinical Biochemistry","Routine","FALSE","TRUE","TRUE","1","1","0","Analyzer/Validated chemistry method","Urine (random or timed as specified)","MANUAL","0","0","0","0","RATE_PENDING","NONE","N/A","TRUE","TRUE","TRUE","TRUE"
"43407f40-0b0d-4051-961e-ce21d31271f3","BIO-0083","Urine Protein, 24 Hour","Urine Chemistry","Clinical Biochemistry","Routine","FALSE","TRUE","TRUE","1","1","0","Analyzer/Validated chemistry method","Urine (random or timed as specified)","MANUAL","0","0","0","0","RATE_PENDING","NONE","N/A","TRUE","TRUE","TRUE","TRUE"
"37a85b2e-3e26-4d06-a0a5-77eb7d7e6b7c","BIO-0084","Urine Albumin, Random","Urine Chemistry","Clinical Biochemistry","Routine","FALSE","TRUE","TRUE","1","1","0","Analyzer/Validated chemistry method","Urine (random or timed as specified)","MANUAL","0","0","0","0","RATE_PENDING","NONE","N/A","TRUE","TRUE","TRUE","TRUE"
"add643a0-56cf-432f-83be-cc257a7cf0e7","BIO-0085","Urine Microalbumin","Urine Chemistry","Clinical Biochemistry","Routine","FALSE","TRUE","TRUE","1","1","0","Analyzer/Validated chemistry method","Urine (random or timed as specified)","MANUAL","0","0","0","0","800.00","CATALOGUE_RATE_VERSIONS","2026-09-16T07:36:39.564555+00:00","TRUE","TRUE","TRUE","TRUE"
"7f92c6fd-7d03-45d0-bb2c-cda79f0641b7","BIO-0086","Urine Albumin/Creatinine Ratio","Urine Chemistry","Clinical Biochemistry","Routine","FALSE","TRUE","TRUE","1","1","0","Analyzer/Validated chemistry method","Urine (random or timed as specified)","MANUAL","0","0","0","0","RATE_PENDING","NONE","N/A","TRUE","TRUE","TRUE","TRUE"
"e2104513-ee67-419a-89c4-0f9cc897354d","BIO-0087","Urine Creatinine, Random","Urine Chemistry","Clinical Biochemistry","Routine","FALSE","TRUE","TRUE","1","1","0","Analyzer/Validated chemistry method","Urine (random or timed as specified)","MANUAL","0","0","0","0","RATE_PENDING","NONE","N/A","TRUE","TRUE","TRUE","TRUE"
"32bee91b-8ad6-4014-a499-b7360b90e132","BIO-0088","Urine Creatinine, 24 Hour","Urine Chemistry","Clinical Biochemistry","Routine","FALSE","TRUE","TRUE","1","1","0","Analyzer/Validated chemistry method","Urine (random or timed as specified)","MANUAL","0","0","0","0","RATE_PENDING","NONE","N/A","TRUE","TRUE","TRUE","TRUE"
"f9f1210f-8f82-495b-908c-704252fb2690","BIO-0089","Creatinine Clearance","Urine Chemistry","Clinical Biochemistry","Routine","FALSE","TRUE","TRUE","1","1","0","Analyzer/Validated chemistry method","Urine (random or timed as specified)","MANUAL","0","0","0","0","RATE_PENDING","NONE","N/A","TRUE","TRUE","TRUE","TRUE"
"d4f9560c-3ace-4df6-8125-bad63af631b4","BIO-0090","Urine Urea, 24 Hour","Urine Chemistry","Clinical Biochemistry","Routine","FALSE","TRUE","TRUE","1","1","0","Analyzer/Validated chemistry method","Urine (random or timed as specified)","MANUAL","0","0","0","0","RATE_PENDING","NONE","N/A","TRUE","TRUE","TRUE","TRUE"
"a95a9885-7330-4713-b466-17133e88cac3","BIO-0091","Urine Sodium, Random","Urine Chemistry","Clinical Biochemistry","Routine","FALSE","TRUE","TRUE","1","1","0","Analyzer/Validated chemistry method","Urine (random or timed as specified)","MANUAL","0","0","0","0","RATE_PENDING","NONE","N/A","TRUE","TRUE","TRUE","TRUE"
"7fd7610f-7c55-4bf2-a1b0-e0f6647785fa","BIO-0092","Urine Sodium, 24 Hour","Urine Chemistry","Clinical Biochemistry","Routine","FALSE","TRUE","TRUE","1","1","0","Analyzer/Validated chemistry method","Urine (random or timed as specified)","MANUAL","0","0","0","0","RATE_PENDING","NONE","N/A","TRUE","TRUE","TRUE","TRUE"
"6d31468f-f9c8-4f0e-ae51-3b66befa8516","BIO-0093","Urine Potassium, Random","Urine Chemistry","Clinical Biochemistry","Routine","FALSE","TRUE","TRUE","1","1","0","Analyzer/Validated chemistry method","Urine (random or timed as specified)","MANUAL","0","0","0","0","RATE_PENDING","NONE","N/A","TRUE","TRUE","TRUE","TRUE"
"e69cff28-761a-4822-884f-ae6aa9839417","BIO-0094","Urine Potassium, 24 Hour","Urine Chemistry","Clinical Biochemistry","Routine","FALSE","TRUE","TRUE","1","1","0","Analyzer/Validated chemistry method","Urine (random or timed as specified)","MANUAL","0","0","0","0","RATE_PENDING","NONE","N/A","TRUE","TRUE","TRUE","TRUE"
"c38f52b7-060b-4ae0-8997-95e31e3b0674","BIO-0095","Urine Chloride, Random","Urine Chemistry","Clinical Biochemistry","Routine","FALSE","TRUE","TRUE","1","1","0","Analyzer/Validated chemistry method","Urine (random or timed as specified)","MANUAL","0","0","0","0","RATE_PENDING","NONE","N/A","TRUE","TRUE","TRUE","TRUE"
"55e4f074-965f-463d-9179-1356638b65f0","BIO-0096","Urine Chloride, 24 Hour","Urine Chemistry","Clinical Biochemistry","Routine","FALSE","TRUE","TRUE","1","1","0","Analyzer/Validated chemistry method","Urine (random or timed as specified)","MANUAL","0","0","0","0","RATE_PENDING","NONE","N/A","TRUE","TRUE","TRUE","TRUE"
"45cb27da-0506-4a64-9839-7465a7ebd703","BIO-0097","Urine Calcium, Random","Urine Chemistry","Clinical Biochemistry","Routine","FALSE","TRUE","TRUE","1","1","0","Analyzer/Validated chemistry method","Urine (random or timed as specified)","MANUAL","0","0","0","0","RATE_PENDING","NONE","N/A","TRUE","TRUE","TRUE","TRUE"
"d76ceb91-5563-4ac1-824d-fc7df5d19355","BIO-0098","Urine Calcium, 24 Hour","Urine Chemistry","Clinical Biochemistry","Routine","FALSE","TRUE","TRUE","1","1","0","Analyzer/Validated chemistry method","Urine (random or timed as specified)","MANUAL","0","0","0","0","RATE_PENDING","NONE","N/A","TRUE","TRUE","TRUE","TRUE"
"9f9d4934-256a-4973-a372-bff3e5fa30a2","BIO-0099","Urine Phosphorus, 24 Hour","Urine Chemistry","Clinical Biochemistry","Routine","FALSE","TRUE","TRUE","1","1","0","Analyzer/Validated chemistry method","Urine (random or timed as specified)","MANUAL","0","0","0","0","RATE_PENDING","NONE","N/A","TRUE","TRUE","TRUE","TRUE"
"9b330084-54ef-476b-b9f6-38fb03747112","BIO-0100","Urine Magnesium, 24 Hour","Urine Chemistry","Clinical Biochemistry","Routine","FALSE","TRUE","TRUE","1","1","0","Analyzer/Validated chemistry method","Urine (random or timed as specified)","MANUAL","0","0","0","0","RATE_PENDING","NONE","N/A","TRUE","TRUE","TRUE","TRUE"
"c776e472-04c4-4720-9bbf-50b0ad9ec2d0","BIO-0101","Urine Uric Acid, 24 Hour","Urine Chemistry","Clinical Biochemistry","Routine","FALSE","TRUE","TRUE","1","1","0","Analyzer/Validated chemistry method","Urine (random or timed as specified)","MANUAL","0","0","0","0","RATE_PENDING","NONE","N/A","TRUE","TRUE","TRUE","TRUE"
"4fc72ecc-7bef-4d06-810f-b6b01da04c00","BIO-0102","Urine Glucose, Quantitative","Urine Chemistry","Clinical Biochemistry","Routine","FALSE","TRUE","TRUE","1","1","0","Analyzer/Validated chemistry method","Urine (random or timed as specified)","MANUAL","0","0","0","0","RATE_PENDING","NONE","N/A","TRUE","TRUE","TRUE","TRUE"
"4e0679ad-2eb0-43f1-9f27-e60193473325","BIO-0103","Urine Osmolality","Urine Chemistry","Clinical Biochemistry","Routine","FALSE","TRUE","TRUE","1","1","0","Analyzer/Validated chemistry method","Urine (random or timed as specified)","MANUAL","0","0","0","0","RATE_PENDING","NONE","N/A","TRUE","TRUE","TRUE","TRUE"
"5aeda41f-3fab-4b2f-b9eb-ece74f118bd0","BIO-0104","Urine Citrate, 24 Hour","Urine Chemistry","Clinical Biochemistry","Routine","FALSE","TRUE","TRUE","1","1","0","Analyzer/Validated chemistry method","Urine (random or timed as specified)","MANUAL","0","0","0","0","RATE_PENDING","NONE","N/A","TRUE","TRUE","TRUE","TRUE"
"c91c0e41-7fc0-42fe-b623-f7e0dfcdd7bd","BIO-0105","Urine Oxalate, 24 Hour","Urine Chemistry","Clinical Biochemistry","Routine","FALSE","TRUE","TRUE","1","1","0","Analyzer/Validated chemistry method","Urine (random or timed as specified)","MANUAL","0","0","0","0","RATE_PENDING","NONE","N/A","TRUE","TRUE","TRUE","TRUE"
"8e877bc0-6b3a-405f-ba90-5706a3babdcc","BIO-0106","Urine Copper, 24 Hour","Urine Chemistry","Clinical Biochemistry","Routine","FALSE","TRUE","TRUE","1","1","0","Analyzer/Validated chemistry method","Urine (random or timed as specified)","MANUAL","0","0","0","0","RATE_PENDING","NONE","N/A","TRUE","TRUE","TRUE","TRUE"
"cd1a529e-38e2-4e33-be13-2e184457c7bd","BIO-0107","Urine Free Cortisol, 24 Hour","Urine Chemistry","Clinical Biochemistry","Routine","FALSE","TRUE","TRUE","1","1","0","Analyzer/Validated chemistry method","Urine (random or timed as specified)","MANUAL","0","0","0","0","RATE_PENDING","NONE","N/A","TRUE","TRUE","TRUE","TRUE"
"ff99c60f-6122-4417-a9e9-ab8aade992bd","BIO-0108","Urine Metanephrine, 24 Hour","Urine Chemistry","Clinical Biochemistry","Routine","FALSE","TRUE","TRUE","1","1","0","Analyzer/Validated chemistry method","Urine (random or timed as specified)","MANUAL","0","0","0","0","RATE_PENDING","NONE","N/A","TRUE","TRUE","TRUE","TRUE"
"421c64d7-431a-45e3-bd20-216e86a56d91","BIO-0109","Urine Normetanephrine, 24 Hour","Urine Chemistry","Clinical Biochemistry","Routine","FALSE","TRUE","TRUE","1","1","0","Analyzer/Validated chemistry method","Urine (random or timed as specified)","MANUAL","0","0","0","0","RATE_PENDING","NONE","N/A","TRUE","TRUE","TRUE","TRUE"
"5b35c448-fd93-4cf5-8589-493431b5428c","BIO-0110","Urine VMA, 24 Hour","Urine Chemistry","Clinical Biochemistry","Routine","FALSE","TRUE","TRUE","1","1","0","Analyzer/Validated chemistry method","Urine (random or timed as specified)","MANUAL","0","0","0","0","RATE_PENDING","NONE","N/A","TRUE","TRUE","TRUE","TRUE"
"edee42a5-67ee-4434-ade7-e2cbc9557f05","BIO-0111","Urine 5-HIAA, 24 Hour","Urine Chemistry","Clinical Biochemistry","Routine","FALSE","TRUE","TRUE","1","1","0","Analyzer/Validated chemistry method","Urine (random or timed as specified)","MANUAL","0","0","0","0","RATE_PENDING","NONE","N/A","TRUE","TRUE","TRUE","TRUE"
"01d6e1fe-b53a-4a29-9294-96d2dbb03a43","BIO-0112","Urine Catecholamines, 24 Hour","Urine Chemistry","Clinical Biochemistry","Routine","FALSE","TRUE","TRUE","1","1","0","Analyzer/Validated chemistry method","Urine (random or timed as specified)","MANUAL","0","0","0","0","RATE_PENDING","NONE","N/A","TRUE","TRUE","TRUE","TRUE"
"ec321512-3945-4e98-a222-6c3640b83bd0","BIO-0113","Urine Amino Acid Screen","Urine Chemistry","Clinical Biochemistry","Routine","FALSE","TRUE","TRUE","1","1","0","Analyzer/Validated chemistry method","Urine (random or timed as specified)","MANUAL","0","0","0","0","RATE_PENDING","NONE","N/A","TRUE","TRUE","TRUE","TRUE"
"eb3c1d66-9467-444a-b745-9711c814e5e6","BIO-0114","Urine Porphobilinogen","Urine Chemistry","Clinical Biochemistry","Routine","FALSE","TRUE","TRUE","1","1","0","Analyzer/Validated chemistry method","Urine (random or timed as specified)","MANUAL","0","0","0","0","RATE_PENDING","NONE","N/A","TRUE","TRUE","TRUE","TRUE"
"120470f2-d7f2-4cfa-a2a6-3fd9fae5d8ca","BIO-0115","Urine Porphyrins","Urine Chemistry","Clinical Biochemistry","Routine","FALSE","TRUE","TRUE","1","1","0","Analyzer/Validated chemistry method","Urine (random or timed as specified)","MANUAL","0","0","0","0","RATE_PENDING","NONE","N/A","TRUE","TRUE","TRUE","TRUE"
"adb4e49d-a6a4-4088-a2b6-bc5e20427ac6","BIO-0116","Urine Cystine","Urine Chemistry","Clinical Biochemistry","Routine","FALSE","TRUE","TRUE","1","1","0","Analyzer/Validated chemistry method","Urine (random or timed as specified)","MANUAL","0","0","0","0","RATE_PENDING","NONE","N/A","TRUE","TRUE","TRUE","TRUE"
"2232001e-e8d2-4296-b3eb-4f7da35368d0","BIO-0117","CSF Protein","Body Fluid Chemistry","Clinical Biochemistry","Routine","FALSE","TRUE","TRUE","1","1","0","Validated chemistry method","CSF","MANUAL","0","0","0","0","RATE_PENDING","NONE","N/A","TRUE","TRUE","TRUE","TRUE"
"2e675d73-0d0b-466c-81f6-f961c18a4e57","BIO-0118","CSF Glucose","Body Fluid Chemistry","Clinical Biochemistry","Routine","FALSE","TRUE","TRUE","1","1","0","Validated chemistry method","CSF","MANUAL","0","0","0","0","RATE_PENDING","NONE","N/A","TRUE","TRUE","TRUE","TRUE"
"a16a491b-14db-446e-bdfa-444125118755","BIO-0119","CSF LDH","Body Fluid Chemistry","Clinical Biochemistry","Routine","FALSE","TRUE","TRUE","1","1","0","Validated chemistry method","CSF","MANUAL","0","0","0","0","RATE_PENDING","NONE","N/A","TRUE","TRUE","TRUE","TRUE"
"bbafe585-c65d-4a10-a4ef-fcd00cbd7cea","BIO-0120","Pleural Fluid Protein","Body Fluid Chemistry","Clinical Biochemistry","Routine","FALSE","TRUE","TRUE","1","1","0","Validated chemistry method","Pleural Fluid","MANUAL","0","0","0","0","RATE_PENDING","NONE","N/A","TRUE","TRUE","TRUE","TRUE"
"edaa17ca-ffa9-492d-8869-5c53b64530b1","BIO-0121","Pleural Fluid Glucose","Body Fluid Chemistry","Clinical Biochemistry","Routine","FALSE","TRUE","TRUE","1","1","0","Validated chemistry method","Pleural Fluid","MANUAL","0","0","0","0","RATE_PENDING","NONE","N/A","TRUE","TRUE","TRUE","TRUE"
"a60c963d-fb68-46f9-b002-f800f23cdf3e","BIO-0122","Pleural Fluid LDH","Body Fluid Chemistry","Clinical Biochemistry","Routine","FALSE","TRUE","TRUE","1","1","0","Validated chemistry method","Pleural Fluid","MANUAL","0","0","0","0","RATE_PENDING","NONE","N/A","TRUE","TRUE","TRUE","TRUE"
"192c3d1a-3348-4f78-9bc2-a74c17c6e003","BIO-0123","Ascitic Fluid Protein","Body Fluid Chemistry","Clinical Biochemistry","Routine","FALSE","TRUE","TRUE","1","1","0","Validated chemistry method","Ascitic Fluid","MANUAL","0","0","0","0","RATE_PENDING","NONE","N/A","TRUE","TRUE","TRUE","TRUE"
"c7217e0a-4bca-4f5d-a810-6a7fd9fb31c4","BIO-0124","Ascitic Fluid Glucose","Body Fluid Chemistry","Clinical Biochemistry","Routine","FALSE","TRUE","TRUE","1","1","0","Validated chemistry method","Ascitic Fluid","MANUAL","0","0","0","0","RATE_PENDING","NONE","N/A","TRUE","TRUE","TRUE","TRUE"
"f854a93b-bf03-40d4-80f9-9b04732a9673","BIO-0125","Ascitic Fluid LDH","Body Fluid Chemistry","Clinical Biochemistry","Routine","FALSE","TRUE","TRUE","1","1","0","Validated chemistry method","Ascitic Fluid","MANUAL","0","0","0","0","RATE_PENDING","NONE","N/A","TRUE","TRUE","TRUE","TRUE"
"50e9ba63-d95d-4143-a1ae-c9bb737f87eb","BIO-0126","Pericardial Fluid Protein","Body Fluid Chemistry","Clinical Biochemistry","Routine","FALSE","TRUE","TRUE","1","1","0","Validated chemistry method","Pericardial Fluid","MANUAL","0","0","0","0","RATE_PENDING","NONE","N/A","TRUE","TRUE","TRUE","TRUE"
"e05524be-a4e0-441d-b2ce-af6be7f48ff8","BIO-0127","Pericardial Fluid Glucose","Body Fluid Chemistry","Clinical Biochemistry","Routine","FALSE","TRUE","TRUE","1","1","0","Validated chemistry method","Pericardial Fluid","MANUAL","0","0","0","0","RATE_PENDING","NONE","N/A","TRUE","TRUE","TRUE","TRUE"
"f3412f18-3696-4400-a852-dde1662e45c3","BIO-0128","Pericardial Fluid LDH","Body Fluid Chemistry","Clinical Biochemistry","Routine","FALSE","TRUE","TRUE","1","1","0","Validated chemistry method","Pericardial Fluid","MANUAL","0","0","0","0","RATE_PENDING","NONE","N/A","TRUE","TRUE","TRUE","TRUE"
"1fda7fc2-0578-4f3f-9f5c-febbae004d8d","BIO-0129","Synovial Fluid Protein","Body Fluid Chemistry","Clinical Biochemistry","Routine","FALSE","TRUE","TRUE","1","1","0","Validated chemistry method","Synovial Fluid","MANUAL","0","0","0","0","RATE_PENDING","NONE","N/A","TRUE","TRUE","TRUE","TRUE"
"cbd4d0f3-6c9d-4dc5-bedc-16e46962110d","BIO-0130","Synovial Fluid Glucose","Body Fluid Chemistry","Clinical Biochemistry","Routine","FALSE","TRUE","TRUE","1","1","0","Validated chemistry method","Synovial Fluid","MANUAL","0","0","0","0","RATE_PENDING","NONE","N/A","TRUE","TRUE","TRUE","TRUE"
"757c4558-1126-4cbb-bfff-cf8e2bb18e43","BIO-0131","Synovial Fluid LDH","Body Fluid Chemistry","Clinical Biochemistry","Routine","FALSE","TRUE","TRUE","1","1","0","Validated chemistry method","Synovial Fluid","MANUAL","0","0","0","0","RATE_PENDING","NONE","N/A","TRUE","TRUE","TRUE","TRUE"
"f096afed-df4d-4886-afdb-304b4dca4a75","BIO-0132","Pleural Fluid ADA","Body Fluid Chemistry","Clinical Biochemistry","Routine","FALSE","TRUE","TRUE","1","1","0","Validated chemistry method","Specified body fluid","MANUAL","0","0","0","0","1000.00","CATALOGUE_RATE_VERSIONS","2026-09-18T12:20:51.53849+00:00","TRUE","TRUE","TRUE","TRUE"
"b1e8cfaf-2eec-4e03-ae4d-b406bd646b96","BIO-0133","Ascitic Fluid Albumin","Body Fluid Chemistry","Clinical Biochemistry","Routine","FALSE","TRUE","TRUE","1","1","0","Validated chemistry method","Specified body fluid","MANUAL","0","0","0","0","RATE_PENDING","NONE","N/A","TRUE","TRUE","TRUE","TRUE"
"726a0fcf-8d27-4fef-ba1e-76b09b1e0c8b","BIO-0134","Serum-Ascites Albumin Gradient (SAAG)","Body Fluid Chemistry","Clinical Biochemistry","Routine","FALSE","TRUE","TRUE","1","1","0","Validated chemistry method","Specified body fluid","MANUAL","0","0","0","0","RATE_PENDING","NONE","N/A","TRUE","TRUE","TRUE","TRUE"
"8d462f10-caa6-4387-a342-3916153f2a87","BIO-0135","CSF Chloride","Body Fluid Chemistry","Clinical Biochemistry","Routine","FALSE","TRUE","TRUE","1","1","0","Validated chemistry method","Specified body fluid","MANUAL","0","0","0","0","RATE_PENDING","NONE","N/A","TRUE","TRUE","TRUE","TRUE"
"c11c8789-fb1a-43f4-99bd-39dfd084bbd8","BIO-0136","CSF Lactate","Body Fluid Chemistry","Clinical Biochemistry","Routine","FALSE","TRUE","TRUE","1","1","0","Validated chemistry method","Specified body fluid","MANUAL","0","0","0","0","RATE_PENDING","NONE","N/A","TRUE","TRUE","TRUE","TRUE"
"b7caca8e-4a27-4faa-ab14-e89c659ad309","BIO-0137","Synovial Fluid Uric Acid","Body Fluid Chemistry","Clinical Biochemistry","Routine","FALSE","TRUE","TRUE","1","1","0","Validated chemistry method","Specified body fluid","MANUAL","0","0","0","0","RATE_PENDING","NONE","N/A","TRUE","TRUE","TRUE","TRUE"
"4c21aeb9-d549-4035-a459-695c1b496cf0","BIO-0138","Drain Fluid Creatinine","Body Fluid Chemistry","Clinical Biochemistry","Routine","FALSE","TRUE","TRUE","1","1","0","Validated chemistry method","Specified body fluid","MANUAL","0","0","0","0","RATE_PENDING","NONE","N/A","TRUE","TRUE","TRUE","TRUE"
"f4ad267b-31d7-4dd3-9552-5b1e944a31e1","BIO-0139","Drain Fluid Amylase","Body Fluid Chemistry","Clinical Biochemistry","Routine","FALSE","TRUE","TRUE","1","1","0","Validated chemistry method","Specified body fluid","MANUAL","0","0","0","0","RATE_PENDING","NONE","N/A","TRUE","TRUE","TRUE","TRUE"
"9341a957-3b22-4ddb-a652-2aef65f275ea","BIO-0140","Body Fluid Triglyceride","Body Fluid Chemistry","Clinical Biochemistry","Routine","FALSE","TRUE","TRUE","1","1","0","Validated chemistry method","Specified body fluid","MANUAL","0","0","0","0","RATE_PENDING","NONE","N/A","TRUE","TRUE","TRUE","TRUE"
"2dc8f283-eef7-4fbd-833b-216688824044","BIO-0141","Cystatin C","Clinical Biochemistry","Clinical Biochemistry","Routine","FALSE","TRUE","TRUE","1","1","0","Immunoturbidimetry / PETIA","Serum / Li-Heparin Plasma","MANUAL","0","1","0","0","1200.00","CATALOGUE_RATE_VERSIONS","2026-09-16T07:36:39.564555+00:00","TRUE","TRUE","TRUE","TRUE"
"bbf4383c-b433-4073-85cc-b91766955275","CLP-0001","Urine Routine Examination (RE/ME)","Urinalysis","Clinical Pathology","Routine","FALSE","TRUE","TRUE","14","14","14","Manual Microscopy & Dipstick","Urine","MANUAL","0","15","0","0","200.00","CATALOGUE_RATE_VERSIONS","2026-09-17T02:24:52.224315+00:00","TRUE","TRUE","TRUE","TRUE"
"5cafb5f2-d426-41bd-b6f1-db1a66bdb52a","CLP-0002","Urine Color","Urinalysis","Clinical Pathology","Routine","FALSE","TRUE","TRUE","1","1","0","Dipstick + microscopy / automated urinalysis","Fresh Midstream Urine","MANUAL","0","0","0","0","RATE_PENDING","NONE","N/A","TRUE","TRUE","TRUE","TRUE"
"64a9c7d5-b14b-4e9a-a30c-a04134948948","CLP-0003","Urine Appearance","Urinalysis","Clinical Pathology","Routine","FALSE","TRUE","TRUE","1","1","0","Dipstick + microscopy / automated urinalysis","Fresh Midstream Urine","MANUAL","0","0","0","0","RATE_PENDING","NONE","N/A","TRUE","TRUE","TRUE","TRUE"
"5cb802bb-85ca-4c29-89e6-f7df3f5a6849","CLP-0004","Urine Specific Gravity","Urinalysis","Clinical Pathology","Routine","FALSE","TRUE","TRUE","1","1","0","Dipstick + microscopy / automated urinalysis","Fresh Midstream Urine","MANUAL","0","0","0","0","RATE_PENDING","NONE","N/A","TRUE","TRUE","TRUE","TRUE"
"e1c476b3-5099-40a4-8183-9d3f3de466ef","CLP-0005","Urine pH","Urinalysis","Clinical Pathology","Routine","FALSE","TRUE","TRUE","1","1","0","Dipstick + microscopy / automated urinalysis","Fresh Midstream Urine","MANUAL","0","0","0","0","RATE_PENDING","NONE","N/A","TRUE","TRUE","TRUE","TRUE"
"f4af06f9-dd9c-4718-a90b-c25cc4633fc5","CLP-0006","Urine Protein, Dipstick","Urinalysis","Clinical Pathology","Routine","FALSE","TRUE","TRUE","1","1","0","Dipstick + microscopy / automated urinalysis","Fresh Midstream Urine","MANUAL","0","0","0","0","RATE_PENDING","NONE","N/A","TRUE","TRUE","TRUE","TRUE"
"07251802-4576-41de-a230-1be181141609","CLP-0007","Urine Glucose, Dipstick","Urinalysis","Clinical Pathology","Routine","FALSE","TRUE","TRUE","1","1","0","Dipstick + microscopy / automated urinalysis","Fresh Midstream Urine","MANUAL","0","0","0","0","RATE_PENDING","NONE","N/A","TRUE","TRUE","TRUE","TRUE"
"c303b286-32b1-481d-8a4c-ee1eeeadb306","CLP-0008","Urine Ketone","Urinalysis","Clinical Pathology","Routine","FALSE","TRUE","TRUE","1","1","0","Dipstick + microscopy / automated urinalysis","Fresh Midstream Urine","MANUAL","0","0","0","0","200.00","CATALOGUE_RATE_VERSIONS","2026-09-18T12:20:51.538594+00:00","TRUE","TRUE","TRUE","TRUE"
"360751c2-7cf2-40b4-99d4-3ed8443c75fd","CLP-0009","Urine Blood/Hemoglobin","Urinalysis","Clinical Pathology","Routine","FALSE","TRUE","TRUE","1","1","0","Dipstick + microscopy / automated urinalysis","Fresh Midstream Urine","MANUAL","0","0","0","0","RATE_PENDING","NONE","N/A","TRUE","TRUE","TRUE","TRUE"
"2a61515f-a9d4-41bd-8729-fe33030a82a3","CLP-0010","Urine Bilirubin","Urinalysis","Clinical Pathology","Routine","FALSE","TRUE","TRUE","1","1","0","Dipstick + microscopy / automated urinalysis","Fresh Midstream Urine","MANUAL","0","0","0","0","RATE_PENDING","NONE","N/A","TRUE","TRUE","TRUE","TRUE"
"fd3a23ea-faec-42e0-889b-e12affff56f5","CLP-0011","Urine Urobilinogen","Urinalysis","Clinical Pathology","Routine","FALSE","TRUE","TRUE","1","1","0","Dipstick + microscopy / automated urinalysis","Fresh Midstream Urine","MANUAL","0","0","0","0","RATE_PENDING","NONE","N/A","TRUE","TRUE","TRUE","TRUE"
"3411de27-4d59-4e21-9f6e-6f70a0f79832","CLP-0012","Urine Nitrite","Urinalysis","Clinical Pathology","Routine","FALSE","TRUE","TRUE","1","1","0","Dipstick + microscopy / automated urinalysis","Fresh Midstream Urine","MANUAL","0","0","0","0","RATE_PENDING","NONE","N/A","TRUE","TRUE","TRUE","TRUE"
"739ae3ca-41b8-4a46-9d76-1e74550aea93","CLP-0013","Urine Leukocyte Esterase","Urinalysis","Clinical Pathology","Routine","FALSE","TRUE","TRUE","1","1","0","Dipstick + microscopy / automated urinalysis","Fresh Midstream Urine","MANUAL","0","0","0","0","RATE_PENDING","NONE","N/A","TRUE","TRUE","TRUE","TRUE"
"600a989a-244e-4b66-8c2d-b9df05872866","CLP-0014","Urine RBC Microscopy","Urinalysis","Clinical Pathology","Routine","FALSE","TRUE","TRUE","1","1","0","Dipstick + microscopy / automated urinalysis","Fresh Midstream Urine","MANUAL","0","0","0","0","RATE_PENDING","NONE","N/A","TRUE","TRUE","TRUE","TRUE"
"dff47fae-c5a5-4624-bc45-68bfc675739f","CLP-0015","Urine WBC/Pus Cells","Urinalysis","Clinical Pathology","Routine","FALSE","TRUE","TRUE","1","1","0","Dipstick + microscopy / automated urinalysis","Fresh Midstream Urine","MANUAL","0","0","0","0","RATE_PENDING","NONE","N/A","TRUE","TRUE","TRUE","TRUE"
"0b7bad61-6d2d-4b7a-a5f2-3fb7b6c43fe5","CLP-0016","Urine Epithelial Cells","Urinalysis","Clinical Pathology","Routine","FALSE","TRUE","TRUE","1","1","0","Dipstick + microscopy / automated urinalysis","Fresh Midstream Urine","MANUAL","0","0","0","0","RATE_PENDING","NONE","N/A","TRUE","TRUE","TRUE","TRUE"
"aa3cad77-e0f9-4e7d-b4b0-e731d57e181d","CLP-0017","Urine Casts","Urinalysis","Clinical Pathology","Routine","FALSE","TRUE","TRUE","1","1","0","Dipstick + microscopy / automated urinalysis","Fresh Midstream Urine","MANUAL","0","0","0","0","RATE_PENDING","NONE","N/A","TRUE","TRUE","TRUE","TRUE"
"4db58d97-44ee-4371-b744-9b74c34f5be3","CLP-0018","Urine Crystals","Urinalysis","Clinical Pathology","Routine","FALSE","TRUE","TRUE","1","1","0","Dipstick + microscopy / automated urinalysis","Fresh Midstream Urine","MANUAL","0","0","0","0","RATE_PENDING","NONE","N/A","TRUE","TRUE","TRUE","TRUE"
"06cc6dfe-ee34-48b2-b5b3-42e8de73019b","CLP-0019","Urine Bacteria","Urinalysis","Clinical Pathology","Routine","FALSE","TRUE","TRUE","1","1","0","Dipstick + microscopy / automated urinalysis","Fresh Midstream Urine","MANUAL","0","0","0","0","RATE_PENDING","NONE","N/A","TRUE","TRUE","TRUE","TRUE"
"55490efb-7c16-496b-99f2-8164630e4be7","CLP-0020","Urine Yeast","Urinalysis","Clinical Pathology","Routine","FALSE","TRUE","TRUE","1","1","0","Dipstick + microscopy / automated urinalysis","Fresh Midstream Urine","MANUAL","0","0","0","0","RATE_PENDING","NONE","N/A","TRUE","TRUE","TRUE","TRUE"
"9aa9f5da-2f30-4809-a917-f3c6c9bbc895","CLP-0021","Stool Routine Examination","Stool Examination","Clinical Pathology","Routine","FALSE","TRUE","TRUE","0","8","8","Macroscopy & Wet Mount Microscopy (Saline/Iodine)","Fresh Stool","MANUAL","0","1","0","0","200.00","CATALOGUE_RATE_VERSIONS","2026-09-17T02:24:52.22439+00:00","TRUE","TRUE","TRUE","TRUE"
"dc365e32-a6f5-4a15-a9ec-2b22ed230392","CLP-0022","Stool Color","Stool Examination","Clinical Pathology","Routine","FALSE","TRUE","TRUE","1","1","0","Microscopy/Chemical/Immunoassay as applicable","Fresh Stool","MANUAL","0","0","0","0","RATE_PENDING","NONE","N/A","TRUE","TRUE","TRUE","TRUE"
"34f4a44a-c17d-454d-9912-0ccaa2b3fc86","CLP-0023","Stool Consistency","Stool Examination","Clinical Pathology","Routine","FALSE","TRUE","TRUE","1","1","0","Microscopy/Chemical/Immunoassay as applicable","Fresh Stool","MANUAL","0","0","0","0","RATE_PENDING","NONE","N/A","TRUE","TRUE","TRUE","TRUE"
"817b499b-5373-4df9-9ef3-ca6d23b9029e","CLP-0024","Stool Mucus","Stool Examination","Clinical Pathology","Routine","FALSE","TRUE","TRUE","1","1","0","Microscopy/Chemical/Immunoassay as applicable","Fresh Stool","MANUAL","0","0","0","0","RATE_PENDING","NONE","N/A","TRUE","TRUE","TRUE","TRUE"
"fc0fb11f-2b22-406d-bc84-e5d2d915a0e9","CLP-0025","Stool Occult Blood","Stool Examination","Clinical Pathology","Routine","FALSE","TRUE","TRUE","1","1","0","Microscopy/Chemical/Immunoassay as applicable","Fresh Stool","MANUAL","0","1","1","0","200.00","CATALOGUE_RATE_VERSIONS","2026-09-18T12:20:51.538612+00:00","TRUE","TRUE","TRUE","TRUE"
"97bffd48-0fb9-4bb2-a690-95a2ce572446","CLP-0026","Fecal Occult Blood Test (FOBT)","Stool Examination","Clinical Pathology","Routine","FALSE","TRUE","TRUE","1","1","0","Microscopy/Chemical/Immunoassay as applicable","Fresh Stool","MANUAL","0","1","1","0","RATE_PENDING","NONE","N/A","TRUE","TRUE","TRUE","TRUE"
"8af88261-b46f-40d2-9337-ab3018463d36","CLP-0027","Fecal Immunochemical Test (FIT)","Stool Examination","Clinical Pathology","Routine","FALSE","TRUE","TRUE","1","1","0","Microscopy/Chemical/Immunoassay as applicable","Fresh Stool","MANUAL","0","0","0","0","RATE_PENDING","NONE","N/A","TRUE","TRUE","TRUE","TRUE"
"de23e8f4-2993-4157-9181-f65a101c4ee9","CLP-0028","Stool Reducing Substance","Stool Examination","Clinical Pathology","Routine","FALSE","TRUE","TRUE","1","1","0","Microscopy/Chemical/Immunoassay as applicable","Fresh Stool","MANUAL","0","0","0","0","RATE_PENDING","NONE","N/A","TRUE","TRUE","TRUE","TRUE"
"88b2b28b-affe-4489-9dc4-1ba5bd7dcd28","CLP-0029","Stool pH","Stool Examination","Clinical Pathology","Routine","FALSE","TRUE","TRUE","1","1","0","Microscopy/Chemical/Immunoassay as applicable","Fresh Stool","MANUAL","0","0","0","0","RATE_PENDING","NONE","N/A","TRUE","TRUE","TRUE","TRUE"
"36743d99-be36-42ae-b838-b3b470d6c8c0","CLP-0030","Stool Fat, Qualitative","Stool Examination","Clinical Pathology","Routine","FALSE","TRUE","TRUE","1","1","0","Microscopy/Chemical/Immunoassay as applicable","Fresh Stool","MANUAL","0","0","0","0","RATE_PENDING","NONE","N/A","TRUE","TRUE","TRUE","TRUE"
"ef24e2b1-2599-4432-aafa-3479db89a977","CLP-0031","Stool Fat, Quantitative 72 hr","Stool Examination","Clinical Pathology","Routine","FALSE","TRUE","TRUE","1","1","0","Microscopy/Chemical/Immunoassay as applicable","Fresh Stool","MANUAL","0","0","0","0","RATE_PENDING","NONE","N/A","TRUE","TRUE","TRUE","TRUE"
"dbc7962f-fae1-4070-8cb9-fd8c6d87940f","CLP-0032","Stool Ova & Parasite Examination","Stool Examination","Clinical Pathology","Routine","FALSE","TRUE","TRUE","1","1","0","Microscopy/Chemical/Immunoassay as applicable","Fresh Stool","MANUAL","0","0","0","0","RATE_PENDING","NONE","N/A","TRUE","TRUE","TRUE","TRUE"
"07292ff9-53b5-4fe2-9c7c-76b8878a18cb","CLP-0033","Stool RBC","Stool Examination","Clinical Pathology","Routine","FALSE","TRUE","TRUE","1","1","0","Microscopy/Chemical/Immunoassay as applicable","Fresh Stool","MANUAL","0","0","0","0","RATE_PENDING","NONE","N/A","TRUE","TRUE","TRUE","TRUE"
"c6ced44c-7f08-4f0e-8546-df7fddb53a7f","CLP-0034","Stool WBC/Pus Cells","Stool Examination","Clinical Pathology","Routine","FALSE","TRUE","TRUE","1","1","0","Microscopy/Chemical/Immunoassay as applicable","Fresh Stool","MANUAL","0","0","0","0","RATE_PENDING","NONE","N/A","TRUE","TRUE","TRUE","TRUE"
"f009a9e5-8e61-4d3d-9947-0e91419bd971","CLP-0035","Fecal Calprotectin","Stool Examination","Clinical Pathology","Routine","FALSE","TRUE","TRUE","1","1","0","Microscopy/Chemical/Immunoassay as applicable","Fresh Stool","MANUAL","0","0","0","0","RATE_PENDING","NONE","N/A","TRUE","TRUE","TRUE","TRUE"
"2ac82fb6-c133-48a8-9311-3215bb104a44","CLP-0036","Fecal Lactoferrin","Stool Examination","Clinical Pathology","Routine","FALSE","TRUE","TRUE","1","1","0","Microscopy/Chemical/Immunoassay as applicable","Fresh Stool","MANUAL","0","0","0","0","RATE_PENDING","NONE","N/A","TRUE","TRUE","TRUE","TRUE"
"a8095b42-a764-4aa4-bafb-47b3fbdaee4d","CLP-0037","Pancreatic Elastase, Stool","Stool Examination","Clinical Pathology","Routine","FALSE","TRUE","TRUE","1","1","0","Microscopy/Chemical/Immunoassay as applicable","Fresh Stool","MANUAL","0","0","0","0","RATE_PENDING","NONE","N/A","TRUE","TRUE","TRUE","TRUE"
"6f26a344-6685-4d97-b68b-36464bcbe820","CLP-0038","Semen Analysis","Andrology","Clinical Pathology","Routine","FALSE","TRUE","TRUE","0","10","10","Manual Microscopy (WHO 6th Edition)","Semen","MANUAL","0","0","0","0","500.00","CATALOGUE_RATE_VERSIONS","2026-09-18T12:20:51.538783+00:00","TRUE","TRUE","TRUE","TRUE"
"6e2ae494-fbb5-4d8c-9778-8a433a507328","CLP-0039","Semen Volume","Andrology","Clinical Pathology","Routine","FALSE","TRUE","TRUE","1","1","0","WHO-based semen analysis / validated SOP","Semen","MANUAL","0","0","0","0","RATE_PENDING","NONE","N/A","TRUE","TRUE","TRUE","TRUE"
"cca8e469-d028-4f5a-95f7-1800854f6d30","CLP-0040","Semen pH","Andrology","Clinical Pathology","Routine","FALSE","TRUE","TRUE","1","1","0","WHO-based semen analysis / validated SOP","Semen","MANUAL","0","0","0","0","RATE_PENDING","NONE","N/A","TRUE","TRUE","TRUE","TRUE"
"f322fbbf-f1e3-4f31-81b6-6d302a43a7e4","CLP-0041","Sperm Concentration","Andrology","Clinical Pathology","Routine","FALSE","TRUE","TRUE","1","1","0","WHO-based semen analysis / validated SOP","Semen","MANUAL","0","0","0","0","RATE_PENDING","NONE","N/A","TRUE","TRUE","TRUE","TRUE"
"ec8f633a-1deb-47ad-9413-22c52fdb0130","CLP-0042","Total Sperm Count","Andrology","Clinical Pathology","Routine","FALSE","TRUE","TRUE","1","1","0","Governed Mathematical Calculation","Semen","MANUAL","0","0","0","0","RATE_PENDING","NONE","N/A","TRUE","TRUE","TRUE","TRUE"
"24690efd-d44d-4cde-9157-ba5ad8beca4b","CLP-0043","Progressive Motility","Andrology","Clinical Pathology","Routine","FALSE","TRUE","TRUE","1","1","0","WHO-based semen analysis / validated SOP","Semen","MANUAL","0","0","0","0","RATE_PENDING","NONE","N/A","TRUE","TRUE","TRUE","TRUE"
"e0eedfb3-4649-4e4c-9de3-d8cd83bde31b","CLP-0044","Non-progressive Motility","Andrology","Clinical Pathology","Routine","FALSE","TRUE","TRUE","1","1","0","WHO-based semen analysis / validated SOP","Semen","MANUAL","0","0","0","0","RATE_PENDING","NONE","N/A","TRUE","TRUE","TRUE","TRUE"
"89cf30f7-1eda-4ca0-95d9-48ff1e0b57e4","CLP-0045","Immotile Sperm","Andrology","Clinical Pathology","Routine","FALSE","TRUE","TRUE","1","1","0","WHO-based semen analysis / validated SOP","Semen","MANUAL","0","0","0","0","RATE_PENDING","NONE","N/A","TRUE","TRUE","TRUE","TRUE"
"2a6e06cd-2698-4934-85a1-8518b0f5aeca","CLP-0046","Normal Morphology","Andrology","Clinical Pathology","Routine","FALSE","TRUE","TRUE","1","1","0","WHO-based semen analysis / validated SOP","Semen","MANUAL","0","0","0","0","RATE_PENDING","NONE","N/A","TRUE","TRUE","TRUE","TRUE"
"7fbdc684-ee19-4448-9f5d-defa51b19e54","CLP-0047","Sperm Vitality","Andrology","Clinical Pathology","Routine","FALSE","TRUE","TRUE","1","1","0","WHO-based semen analysis / validated SOP","Semen","MANUAL","0","0","0","0","RATE_PENDING","NONE","N/A","TRUE","TRUE","TRUE","TRUE"
"f59dac3e-0165-4964-9217-d5cacd50f5c6","CLP-0048","Round Cells","Andrology","Clinical Pathology","Routine","FALSE","TRUE","TRUE","1","1","0","WHO-based semen analysis / validated SOP","Semen","MANUAL","0","0","0","0","RATE_PENDING","NONE","N/A","TRUE","TRUE","TRUE","TRUE"
"0d5cc4bb-5f51-4094-88bb-131d0cc87927","CLP-0049","Semen Fructose","Andrology","Clinical Pathology","Routine","FALSE","TRUE","TRUE","1","1","0","WHO-based semen analysis / validated SOP","Semen","MANUAL","0","0","0","0","RATE_PENDING","NONE","N/A","TRUE","TRUE","TRUE","TRUE"
"564891a8-7b35-4af0-afca-4e8dbdc53ef2","CLP-0050","Antisperm Antibody","Andrology","Clinical Pathology","Routine","FALSE","TRUE","TRUE","1","1","0","WHO-based semen analysis / validated SOP","Semen","MANUAL","0","0","0","0","RATE_PENDING","NONE","N/A","TRUE","TRUE","TRUE","TRUE"
"d2bd5c9c-99f9-4bc0-a73e-6cf488b5cdd2","CLP-0051","CSF Total Cell Count","Body Fluid Analysis","Clinical Pathology","Routine","FALSE","TRUE","TRUE","1","1","0","Manual/Automated microscopy","CSF","MANUAL","0","0","0","0","RATE_PENDING","NONE","N/A","TRUE","TRUE","TRUE","TRUE"
"b3259df7-4fcf-4242-8278-879afa062ad1","CLP-0052","CSF RBC Count","Body Fluid Analysis","Clinical Pathology","Routine","FALSE","TRUE","TRUE","1","1","0","Manual/Automated microscopy","CSF","MANUAL","0","0","0","0","RATE_PENDING","NONE","N/A","TRUE","TRUE","TRUE","TRUE"
"b7b40a4b-7b9c-4fc6-a694-bea754f92b03","CLP-0053","CSF Differential Count","Body Fluid Analysis","Clinical Pathology","Routine","FALSE","TRUE","TRUE","1","1","0","Manual/Automated microscopy","CSF","MANUAL","0","0","0","0","RATE_PENDING","NONE","N/A","TRUE","TRUE","TRUE","TRUE"
"5adc8409-b14e-42c6-a127-c32c152cf6cb","CLP-0054","CSF Appearance","Body Fluid Analysis","Clinical Pathology","Routine","FALSE","TRUE","TRUE","1","1","0","Manual/Automated microscopy","CSF","MANUAL","0","0","0","0","RATE_PENDING","NONE","N/A","TRUE","TRUE","TRUE","TRUE"
"b2fcc011-8fbf-4acd-986a-eab073988357","CLP-0055","Pleural Fluid Total Cell Count","Body Fluid Analysis","Clinical Pathology","Routine","FALSE","TRUE","TRUE","1","1","0","Manual/Automated microscopy","Pleural Fluid","MANUAL","0","0","0","0","RATE_PENDING","NONE","N/A","TRUE","TRUE","TRUE","TRUE"
"b86e4146-fca3-42b7-af6b-0cd2f025c2f6","CLP-0056","Pleural Fluid RBC Count","Body Fluid Analysis","Clinical Pathology","Routine","FALSE","TRUE","TRUE","1","1","0","Manual/Automated microscopy","Pleural Fluid","MANUAL","0","0","0","0","RATE_PENDING","NONE","N/A","TRUE","TRUE","TRUE","TRUE"
"caa59f6f-04b5-4876-8d07-7b3bb926a310","CLP-0057","Pleural Fluid Differential Count","Body Fluid Analysis","Clinical Pathology","Routine","FALSE","TRUE","TRUE","1","1","0","Manual/Automated microscopy","Pleural Fluid","MANUAL","0","0","0","0","RATE_PENDING","NONE","N/A","TRUE","TRUE","TRUE","TRUE"
"7e770085-582a-4d80-963c-fefb908d08c4","CLP-0058","Pleural Fluid Appearance","Body Fluid Analysis","Clinical Pathology","Routine","FALSE","TRUE","TRUE","1","1","0","Manual/Automated microscopy","Pleural Fluid","MANUAL","0","0","0","0","RATE_PENDING","NONE","N/A","TRUE","TRUE","TRUE","TRUE"
"4e1b4959-4226-4803-b7c7-6ac7de53decc","CLP-0059","Ascitic Fluid Total Cell Count","Body Fluid Analysis","Clinical Pathology","Routine","FALSE","TRUE","TRUE","1","1","0","Manual/Automated microscopy","Ascitic Fluid","MANUAL","0","0","0","0","RATE_PENDING","NONE","N/A","TRUE","TRUE","TRUE","TRUE"
"f5ad8e4b-008e-4fe8-9867-e244c1930995","CLP-0060","Ascitic Fluid RBC Count","Body Fluid Analysis","Clinical Pathology","Routine","FALSE","TRUE","TRUE","1","1","0","Manual/Automated microscopy","Ascitic Fluid","MANUAL","0","0","0","0","RATE_PENDING","NONE","N/A","TRUE","TRUE","TRUE","TRUE"
"b2c8c809-036a-4fb0-898b-7b1e03cae4d9","CLP-0061","Ascitic Fluid Differential Count","Body Fluid Analysis","Clinical Pathology","Routine","FALSE","TRUE","TRUE","1","1","0","Manual/Automated microscopy","Ascitic Fluid","MANUAL","0","0","0","0","RATE_PENDING","NONE","N/A","TRUE","TRUE","TRUE","TRUE"
"9a36f82f-697c-4fd3-b2d5-101b76c1ecb0","CLP-0062","Ascitic Fluid Appearance","Body Fluid Analysis","Clinical Pathology","Routine","FALSE","TRUE","TRUE","1","1","0","Manual/Automated microscopy","Ascitic Fluid","MANUAL","0","0","0","0","RATE_PENDING","NONE","N/A","TRUE","TRUE","TRUE","TRUE"
"33f1d3d1-ac33-4c53-bb38-3e633da5d644","CLP-0063","Pericardial Fluid Total Cell Count","Body Fluid Analysis","Clinical Pathology","Routine","FALSE","TRUE","TRUE","1","1","0","Manual/Automated microscopy","Pericardial Fluid","MANUAL","0","0","0","0","RATE_PENDING","NONE","N/A","TRUE","TRUE","TRUE","TRUE"
"0c9ef5bd-b0a3-4313-a861-dcc36da8d013","CLP-0064","Pericardial Fluid RBC Count","Body Fluid Analysis","Clinical Pathology","Routine","FALSE","TRUE","TRUE","1","1","0","Manual/Automated microscopy","Pericardial Fluid","MANUAL","0","0","0","0","RATE_PENDING","NONE","N/A","TRUE","TRUE","TRUE","TRUE"
"868790d8-7fca-4429-b2de-10c1a25c1093","CLP-0065","Pericardial Fluid Differential Count","Body Fluid Analysis","Clinical Pathology","Routine","FALSE","TRUE","TRUE","1","1","0","Manual/Automated microscopy","Pericardial Fluid","MANUAL","0","0","0","0","RATE_PENDING","NONE","N/A","TRUE","TRUE","TRUE","TRUE"
"a73aa208-8c85-4ea8-b355-fd8602ecac53","CLP-0066","Pericardial Fluid Appearance","Body Fluid Analysis","Clinical Pathology","Routine","FALSE","TRUE","TRUE","1","1","0","Manual/Automated microscopy","Pericardial Fluid","MANUAL","0","0","0","0","RATE_PENDING","NONE","N/A","TRUE","TRUE","TRUE","TRUE"
"8ccaa0bf-1d6b-42a5-80df-9f26f322b3e2","CLP-0067","Synovial Fluid Total Cell Count","Body Fluid Analysis","Clinical Pathology","Routine","FALSE","TRUE","TRUE","1","1","0","Manual/Automated microscopy","Synovial Fluid","MANUAL","0","0","0","0","RATE_PENDING","NONE","N/A","TRUE","TRUE","TRUE","TRUE"
"4ad43ebe-eae4-4f14-9d0b-c81c7a273d0e","CLP-0068","Synovial Fluid RBC Count","Body Fluid Analysis","Clinical Pathology","Routine","FALSE","TRUE","TRUE","1","1","0","Manual/Automated microscopy","Synovial Fluid","MANUAL","0","0","0","0","RATE_PENDING","NONE","N/A","TRUE","TRUE","TRUE","TRUE"
"06b997ac-900c-4e2f-8a4e-2c01fcc75b4c","CLP-0069","Synovial Fluid Differential Count","Body Fluid Analysis","Clinical Pathology","Routine","FALSE","TRUE","TRUE","1","1","0","Manual/Automated microscopy","Synovial Fluid","MANUAL","0","0","0","0","RATE_PENDING","NONE","N/A","TRUE","TRUE","TRUE","TRUE"
"db01805f-81c1-4202-9f29-564db0f3701a","CLP-0070","Synovial Fluid Appearance","Body Fluid Analysis","Clinical Pathology","Routine","FALSE","TRUE","TRUE","1","1","0","Manual/Automated microscopy","Synovial Fluid","MANUAL","0","0","0","0","RATE_PENDING","NONE","N/A","TRUE","TRUE","TRUE","TRUE"
"a95fc255-210d-4af4-89e6-09cf1da4a54d","CLP-0071","Synovial Fluid Crystal Analysis","Body Fluid Analysis","Clinical Pathology","Routine","FALSE","TRUE","TRUE","1","1","0","Microscopy/validated method","Specified body fluid","MANUAL","0","0","0","0","RATE_PENDING","NONE","N/A","TRUE","TRUE","TRUE","TRUE"
"0cdb5058-9491-40e2-974a-0c02b4494f43","CLP-0072","CSF Xanthochromia","Body Fluid Analysis","Clinical Pathology","Routine","FALSE","TRUE","TRUE","1","1","0","Microscopy/validated method","Specified body fluid","MANUAL","0","0","0","0","RATE_PENDING","NONE","N/A","TRUE","TRUE","TRUE","TRUE"
"b22d8b2e-403f-4906-bec4-9bf196cc9f06","CLP-0073","Pleural Fluid Hematocrit","Body Fluid Analysis","Clinical Pathology","Routine","FALSE","TRUE","TRUE","1","1","0","Microscopy/validated method","Specified body fluid","MANUAL","0","0","0","0","RATE_PENDING","NONE","N/A","TRUE","TRUE","TRUE","TRUE"
"19baf256-111e-4bb3-b8ef-dcb3fca36c04","CLP-0074","Ascitic Fluid Cell Count & Differential","Body Fluid Analysis","Clinical Pathology","Routine","FALSE","TRUE","TRUE","1","1","0","Microscopy/validated method","Specified body fluid","MANUAL","0","0","0","0","RATE_PENDING","NONE","N/A","TRUE","TRUE","TRUE","TRUE"
"2f8b4df3-40e4-4141-b003-9a124fdc75a8","COA-0001","Prothrombin Time / INR","Hemostasis","Coagulation","Routine","FALSE","TRUE","TRUE","2","2","0","Manual Tilt Tube Method","Citrated Plasma","MANUAL","0","2","0","1","500.00","CATALOGUE_RATE_VERSIONS","2026-09-16T13:48:43.598317+00:00","TRUE","TRUE","TRUE","TRUE"
"327a90fa-c2fd-4af9-ba3b-84fb478caf4a","COA-0002","INR","Hemostasis","Coagulation","Routine","FALSE","TRUE","TRUE","1","1","0","Calculated ((Patient PT / MNPT) ^ ISI)","Citrated Plasma","MANUAL","0","2","0","0","350.00","CATALOGUE_RATE_VERSIONS","2026-09-17T02:24:52.224418+00:00","TRUE","TRUE","TRUE","TRUE"
"271e3cc9-185a-4391-99bb-b9dda33b3347","COA-0003","Activated Partial Thromboplastin Time (APTT)","Hemostasis","Coagulation","Routine","FALSE","TRUE","TRUE","1","1","0","Photo-optical Clot Detection","Citrated Plasma","MANUAL","0","2","0","0","450.00","CATALOGUE_RATE_VERSIONS","2026-09-17T02:24:52.224455+00:00","TRUE","TRUE","TRUE","TRUE"
"0fe55772-b07d-4d43-bd08-0a0ee6ead0e3","COA-0004","Thrombin Time (TT)","Hemostasis","Coagulation","Routine","FALSE","TRUE","TRUE","1","1","0","Clauss Method","Citrated Plasma","MANUAL","0","0","0","0","RATE_PENDING","NONE","N/A","TRUE","TRUE","TRUE","TRUE"
"e0f67253-5aa9-47b9-b2c5-b43be0fd1acc","COA-0005","Fibrinogen (Clauss)","Hemostasis","Coagulation","Routine","FALSE","TRUE","TRUE","1","1","0","Quantitative Immunoturbidimetry","Citrated Plasma","MANUAL","0","0","0","0","RATE_PENDING","NONE","N/A","TRUE","TRUE","TRUE","TRUE"
"b6594b04-b486-46a2-a431-a647962ab2b2","COA-0006","D-Dimer","Hemostasis","Coagulation","Routine","FALSE","TRUE","TRUE","1","1","0","Fluorescence Immunoassay","Citrated Plasma","MANUAL","0","1","0","0","1500.00","CATALOGUE_RATE_VERSIONS","2026-09-16T07:36:39.564555+00:00","TRUE","TRUE","TRUE","TRUE"
"3531fc7b-db20-4f22-85c2-4a2076763113","COA-0007","Bleeding Time","Hemostasis","Coagulation","Routine","FALSE","TRUE","TRUE","1","1","0","Duke's Method","Capillary Blood","MANUAL","0","1","0","0","RATE_PENDING","NONE","N/A","TRUE","TRUE","TRUE","TRUE"
"1e03e664-18f1-4893-b651-0f25642e83c1","COA-0008","Clotting Time","Hemostasis","Coagulation","Routine","FALSE","TRUE","TRUE","1","1","0","Capillary Tube Method","Capillary Blood / Whole Blood","MANUAL","0","1","0","0","RATE_PENDING","NONE","N/A","TRUE","TRUE","TRUE","TRUE"
"c46fa46e-00b6-45e0-8f37-4836597a669f","COA-0009","Factor VIII Activity","Hemostasis","Coagulation","Routine","FALSE","TRUE","TRUE","1","1","0","One-stage clot assay","Citrated Plasma","MANUAL","0","0","0","0","RATE_PENDING","NONE","N/A","TRUE","TRUE","TRUE","TRUE"
"d893c0e7-d920-4cc8-af5f-7a72767590e3","COA-0010","Factor IX Activity","Hemostasis","Coagulation","Routine","FALSE","TRUE","TRUE","1","1","0","One-stage clot assay","Citrated Plasma","MANUAL","0","0","0","0","RATE_PENDING","NONE","N/A","TRUE","TRUE","TRUE","TRUE"
"224aaa2b-1402-4a38-a678-74687e129f09","COA-0011","Factor XI Activity","Hemostasis","Coagulation","Routine","FALSE","TRUE","TRUE","1","1","0","Clot assay","Citrated Plasma","MANUAL","0","0","0","0","RATE_PENDING","NONE","N/A","TRUE","TRUE","TRUE","TRUE"
"78dbe43f-fbb0-4b71-a4f4-d90d8e75fb4c","COA-0012","Factor XII Activity","Hemostasis","Coagulation","Routine","FALSE","TRUE","TRUE","1","1","0","Clot assay","Citrated Plasma","MANUAL","0","0","0","0","RATE_PENDING","NONE","N/A","TRUE","TRUE","TRUE","TRUE"
"f758c223-96e8-448f-bd81-b9ee45754afb","COA-0013","Factor VII Activity","Hemostasis","Coagulation","Routine","FALSE","TRUE","TRUE","1","1","0","Clot assay","Citrated Plasma","MANUAL","0","0","0","0","RATE_PENDING","NONE","N/A","TRUE","TRUE","TRUE","TRUE"
"489f95c5-406e-409b-bb10-782ccc32738e","COA-0014","Factor V Activity","Hemostasis","Coagulation","Routine","FALSE","TRUE","TRUE","1","1","0","Clot assay","Citrated Plasma","MANUAL","0","0","0","0","RATE_PENDING","NONE","N/A","TRUE","TRUE","TRUE","TRUE"
"3f885502-56ba-4a4e-a3e5-8080982a538f","COA-0015","Factor X Activity","Hemostasis","Coagulation","Routine","FALSE","TRUE","TRUE","1","1","0","Clot assay","Citrated Plasma","MANUAL","0","0","0","0","RATE_PENDING","NONE","N/A","TRUE","TRUE","TRUE","TRUE"
"298bf948-ec90-4c8f-b798-e10644d03b7e","COA-0016","Factor XIII Activity","Hemostasis","Coagulation","Routine","FALSE","TRUE","TRUE","1","1","0","Functional assay","Citrated Plasma","MANUAL","0","0","0","0","RATE_PENDING","NONE","N/A","TRUE","TRUE","TRUE","TRUE"
"f526121b-edc7-4286-a5eb-85c6c83532f5","COA-0017","Von Willebrand Factor Antigen","Hemostasis","Coagulation","Routine","FALSE","TRUE","TRUE","1","1","0","Immunoassay","Citrated Plasma","MANUAL","0","0","0","0","RATE_PENDING","NONE","N/A","TRUE","TRUE","TRUE","TRUE"
"1435f734-0200-4766-9110-9f82929ba574","COA-0018","Von Willebrand Factor Activity","Hemostasis","Coagulation","Routine","FALSE","TRUE","TRUE","1","1","0","Activity assay","Citrated Plasma","MANUAL","0","0","0","0","RATE_PENDING","NONE","N/A","TRUE","TRUE","TRUE","TRUE"
"0a59cf7f-350b-4950-93aa-bbe7e267904f","COA-0019","Protein C Activity","Hemostasis","Coagulation","Routine","FALSE","TRUE","TRUE","1","1","0","Chromogenic/Clot assay","Citrated Plasma","MANUAL","0","0","0","0","RATE_PENDING","NONE","N/A","TRUE","TRUE","TRUE","TRUE"
"8b413360-227d-4867-9b4d-d95857d44ab5","COA-0020","Protein S Activity","Hemostasis","Coagulation","Routine","FALSE","TRUE","TRUE","1","1","0","Clot/Immunoassay","Citrated Plasma","MANUAL","0","0","0","0","RATE_PENDING","NONE","N/A","TRUE","TRUE","TRUE","TRUE"
"bc191ed1-20d2-4884-94eb-57e7fcb8290e","COA-0021","Antithrombin III Activity","Hemostasis","Coagulation","Routine","FALSE","TRUE","TRUE","1","1","0","Chromogenic","Citrated Plasma","MANUAL","0","0","0","0","RATE_PENDING","NONE","N/A","TRUE","TRUE","TRUE","TRUE"
"eaaee861-6bd8-4f3e-89fd-211b5742082d","COA-0022","Lupus Anticoagulant Screen","Hemostasis","Coagulation","Routine","FALSE","TRUE","TRUE","1","1","0","dRVVT/LA-sensitive APTT","Citrated Plasma","MANUAL","0","0","0","0","RATE_PENDING","NONE","N/A","TRUE","TRUE","TRUE","TRUE"
"3cb29622-8278-4684-bfad-c2de90110106","COA-0023","dRVVT Screen","Hemostasis","Coagulation","Routine","FALSE","TRUE","TRUE","1","1","0","dRVVT","Citrated Plasma","MANUAL","0","0","0","0","RATE_PENDING","NONE","N/A","TRUE","TRUE","TRUE","TRUE"
"52ee8234-5142-4a20-b5f6-091706087070","COA-0024","dRVVT Confirm","Hemostasis","Coagulation","Routine","FALSE","TRUE","TRUE","1","1","0","dRVVT","Citrated Plasma","MANUAL","0","0","0","0","RATE_PENDING","NONE","N/A","TRUE","TRUE","TRUE","TRUE"
"ed97d1e9-19fa-47f2-9726-346d9c2d7230","COA-0025","Mixing Study PT","Hemostasis","Coagulation","Routine","FALSE","TRUE","TRUE","1","1","0","Mixing study","Citrated Plasma","MANUAL","0","0","0","0","RATE_PENDING","NONE","N/A","TRUE","TRUE","TRUE","TRUE"
"fc65ccca-3b0c-4a3e-a4c9-0a668d1d0623","COA-0026","Mixing Study APTT","Hemostasis","Coagulation","Routine","FALSE","TRUE","TRUE","1","1","0","Mixing study","Citrated Plasma","MANUAL","0","0","0","0","RATE_PENDING","NONE","N/A","TRUE","TRUE","TRUE","TRUE"
"2f56b3ef-884f-45b0-b5e8-971b8ec299fe","COA-0027","Anti-Xa Heparin Assay","Hemostasis","Coagulation","Routine","FALSE","TRUE","TRUE","1","1","0","Chromogenic","Citrated Plasma","MANUAL","0","0","0","0","RATE_PENDING","NONE","N/A","TRUE","TRUE","TRUE","TRUE"
"129fa0b0-bc4b-427d-93f9-0cbeb2ecfb11","COA-0028","Fibrin Degradation Products","Hemostasis","Coagulation","Routine","FALSE","TRUE","TRUE","1","1","0","Latex/Immunoassay","Plasma","MANUAL","0","0","0","0","RATE_PENDING","NONE","N/A","TRUE","TRUE","TRUE","TRUE"
"022b5b51-06b3-479f-980b-c7d3835842f1","COA-0029","Platelet Function Screen","Hemostasis","Coagulation","Routine","FALSE","TRUE","TRUE","1","1","0","PFA/aggregation platform","Citrated Whole Blood","MANUAL","0","0","0","0","RATE_PENDING","NONE","N/A","TRUE","TRUE","TRUE","TRUE"
"2cf2c029-ff17-4434-8bf4-62a03bbe2e31","COA-0030","Platelet Aggregation Studies","Hemostasis","Coagulation","Routine","FALSE","TRUE","TRUE","1","1","0","Light transmission aggregometry","Citrated Platelet Rich Plasma","MANUAL","0","0","0","0","RATE_PENDING","NONE","N/A","TRUE","TRUE","TRUE","TRUE"
"e0416b01-a558-4a2b-8738-6be683361d75","CYT-0001","FNAC - Thyroid","Cytopathology","Cytology","Routine","FALSE","TRUE","TRUE","1","1","0","Cytology microscopy","Cytology specimen","MANUAL","0","0","0","0","RATE_PENDING","NONE","N/A","TRUE","TRUE","TRUE","TRUE"
"0f325e75-7561-4a2d-9259-b9376fa8c6a1","CYT-0002","FNAC - Breast","Cytopathology","Cytology","Routine","FALSE","TRUE","TRUE","1","1","0","Cytology microscopy","Cytology specimen","MANUAL","0","0","0","0","RATE_PENDING","NONE","N/A","TRUE","TRUE","TRUE","TRUE"
"5608bcc2-8adf-4402-8963-1c7edf5dc923","CYT-0003","FNAC - Lymph Node","Cytopathology","Cytology","Routine","FALSE","TRUE","TRUE","1","1","0","Cytology microscopy","Cytology specimen","MANUAL","0","0","0","0","RATE_PENDING","NONE","N/A","TRUE","TRUE","TRUE","TRUE"
"2eb9bc23-4f38-4d7b-ba19-5491dbddbcf8","CYT-0004","FNAC - Salivary Gland","Cytopathology","Cytology","Routine","FALSE","TRUE","TRUE","1","1","0","Cytology microscopy","Cytology specimen","MANUAL","0","0","0","0","RATE_PENDING","NONE","N/A","TRUE","TRUE","TRUE","TRUE"
"aa2e57c3-da7a-4679-9575-f1f05ae42294","CYT-0005","FNAC - Soft Tissue","Cytopathology","Cytology","Routine","FALSE","TRUE","TRUE","1","1","0","Cytology microscopy","Cytology specimen","MANUAL","0","0","0","0","RATE_PENDING","NONE","N/A","TRUE","TRUE","TRUE","TRUE"
"dfe704b4-3582-4180-9bd2-2bb2f3c73de8","CYT-0006","FNAC - Other Site","Cytopathology","Cytology","Routine","FALSE","TRUE","TRUE","1","1","0","Cytology microscopy","Cytology specimen","MANUAL","0","0","0","0","RATE_PENDING","NONE","N/A","TRUE","TRUE","TRUE","TRUE"
"6c300067-603f-4af4-bf94-78a46bf17612","CYT-0007","Pap Smear - Conventional","Cytopathology","Cytology","Routine","FALSE","TRUE","TRUE","1","1","0","Cytology microscopy","Cytology specimen","MANUAL","0","0","0","0","RATE_PENDING","NONE","N/A","TRUE","TRUE","TRUE","TRUE"
"fabda3f8-b5b7-4114-a6ff-522ed7e60ae4","CYT-0008","Pap Smear - Liquid Based Cytology","Cytopathology","Cytology","Routine","FALSE","TRUE","TRUE","1","1","0","Cytology microscopy","Cytology specimen","MANUAL","0","0","0","0","RATE_PENDING","NONE","N/A","TRUE","TRUE","TRUE","TRUE"
"42b28b1f-1a24-4bc0-813e-d86c2b4d332b","CYT-0009","Pleural Fluid Cytology","Cytopathology","Cytology","Routine","FALSE","TRUE","TRUE","1","1","0","Cytology microscopy","Cytology specimen","MANUAL","0","0","0","0","RATE_PENDING","NONE","N/A","TRUE","TRUE","TRUE","TRUE"
"ed69d7c5-54ce-4caa-aa29-f463de1c600e","CYT-0010","Ascitic Fluid Cytology","Cytopathology","Cytology","Routine","FALSE","TRUE","TRUE","1","1","0","Cytology microscopy","Cytology specimen","MANUAL","0","0","0","0","RATE_PENDING","NONE","N/A","TRUE","TRUE","TRUE","TRUE"
"6fee4123-e22d-4ed4-a4c5-467a2bcddf8b","CYT-0011","Pericardial Fluid Cytology","Cytopathology","Cytology","Routine","FALSE","TRUE","TRUE","1","1","0","Cytology microscopy","Cytology specimen","MANUAL","0","0","0","0","RATE_PENDING","NONE","N/A","TRUE","TRUE","TRUE","TRUE"
"c00fdad4-2dbc-44fc-8342-3bbfa2d8854a","CYT-0012","CSF Cytology","Cytopathology","Cytology","Routine","FALSE","TRUE","TRUE","1","1","0","Cytology microscopy","Cytology specimen","MANUAL","0","0","0","0","RATE_PENDING","NONE","N/A","TRUE","TRUE","TRUE","TRUE"
"9fb504da-ab2a-4bb8-960c-ace5510eb631","CYT-0013","Urine Cytology","Cytopathology","Cytology","Routine","FALSE","TRUE","TRUE","1","1","0","Cytology microscopy","Cytology specimen","MANUAL","0","0","0","0","RATE_PENDING","NONE","N/A","TRUE","TRUE","TRUE","TRUE"
"2a5e014b-2f5f-428d-8e3e-aacfd84c0c95","CYT-0014","Sputum Cytology","Cytopathology","Cytology","Routine","FALSE","TRUE","TRUE","1","1","0","Cytology microscopy","Cytology specimen","MANUAL","0","0","0","0","RATE_PENDING","NONE","N/A","TRUE","TRUE","TRUE","TRUE"
"150c41b8-ca2f-43d5-a211-8f8458b01497","CYT-0015","BAL Cytology","Cytopathology","Cytology","Routine","FALSE","TRUE","TRUE","1","1","0","Cytology microscopy","Cytology specimen","MANUAL","0","0","0","0","RATE_PENDING","NONE","N/A","TRUE","TRUE","TRUE","TRUE"
"bed31b7b-845a-418a-a7a7-3c0d03177758","CYT-0016","Brush Cytology","Cytopathology","Cytology","Routine","FALSE","TRUE","TRUE","1","1","0","Cytology microscopy","Cytology specimen","MANUAL","0","0","0","0","RATE_PENDING","NONE","N/A","TRUE","TRUE","TRUE","TRUE"
"12849b7e-b9f5-4837-bbb1-f834e12c5b45","CYT-0017","Imprint Cytology","Cytopathology","Cytology","Routine","FALSE","TRUE","TRUE","1","1","0","Cytology microscopy","Cytology specimen","MANUAL","0","0","0","0","RATE_PENDING","NONE","N/A","TRUE","TRUE","TRUE","TRUE"
"27789ff3-6c0b-4c4f-8e40-ce8e21f198d8","CYT-0018","Cell Block Preparation","Cytopathology","Cytology","Routine","FALSE","TRUE","TRUE","1","1","0","Cytology microscopy","Cytology specimen","MANUAL","0","0","0","0","RATE_PENDING","NONE","N/A","TRUE","TRUE","TRUE","TRUE"
"52165ea0-4741-4bde-a590-fab693d42ceb","END-0001","TSH","Hormones","Endocrinology","Routine","FALSE","TRUE","TRUE","1","1","0","Fluorescence Immunoassay","Serum / Plasma","MANUAL","0","1","0","0","500.00","CATALOGUE_RATE_VERSIONS","2026-09-16T07:36:39.564555+00:00","TRUE","TRUE","TRUE","TRUE"
"8a5bd95d-bf55-47e6-8ee1-82b4358e70e7","END-0002","Free T4 (FT4)","Hormones","Endocrinology","Routine","FALSE","TRUE","TRUE","1","1","0","Fluorescence Immunoassay","Serum / Plasma","MANUAL","0","1","0","0","550.00","CATALOGUE_RATE_VERSIONS","2026-09-16T07:36:39.564555+00:00","TRUE","TRUE","TRUE","TRUE"
"d0bfc69a-74cc-4ce9-ba42-0953b877ce43","END-0003","Free T3 (FT3)","Hormones","Endocrinology","Routine","FALSE","TRUE","TRUE","1","1","0","Fluorescence Immunoassay","Serum / Plasma","MANUAL","0","1","0","0","550.00","CATALOGUE_RATE_VERSIONS","2026-09-16T07:36:39.564555+00:00","TRUE","TRUE","TRUE","TRUE"
"817437d8-4e76-452f-ba6c-38d8dec8794c","END-0004","Total T4","Hormones","Endocrinology","Routine","FALSE","TRUE","TRUE","1","1","0","Fluorescence Immunoassay","Serum / Plasma","MANUAL","0","1","0","0","RATE_PENDING","NONE","N/A","TRUE","TRUE","TRUE","TRUE"
"6300981c-970c-4741-9fcc-cc6be1fb44b3","END-0005","Total T3","Hormones","Endocrinology","Routine","FALSE","TRUE","TRUE","1","1","0","Fluorescence Immunoassay","Serum / Plasma","MANUAL","0","1","0","0","RATE_PENDING","NONE","N/A","TRUE","TRUE","TRUE","TRUE"
"20ebf6ee-400c-418c-945a-a419c610e98d","END-0006","Anti-TPO Antibody","Hormones","Endocrinology","Routine","FALSE","TRUE","TRUE","1","1","0","Chemiluminescent Immunoassay (CLIA)","Serum / Plasma","MANUAL","0","0","0","0","2000.00","CATALOGUE_RATE_VERSIONS","2026-09-18T12:20:51.538971+00:00","TRUE","TRUE","TRUE","TRUE"
"d926c0f8-23a7-4006-9a91-2db716ba805c","END-0007","Anti-Thyroglobulin Antibody","Hormones","Endocrinology","Routine","FALSE","TRUE","TRUE","1","1","0","Chemiluminescent Immunoassay (CLIA)","Serum / Plasma","MANUAL","0","0","0","0","RATE_PENDING","NONE","N/A","TRUE","TRUE","TRUE","TRUE"
"5ae76cbf-abda-4a79-b82d-5ca2b9284d2c","END-0008","Thyroglobulin","Hormones","Endocrinology","Routine","FALSE","TRUE","TRUE","1","1","0","Chemiluminescent Immunoassay (CLIA)","Serum / Plasma","MANUAL","0","0","0","0","RATE_PENDING","NONE","N/A","TRUE","TRUE","TRUE","TRUE"
"73f1f23e-62b4-4e4e-8903-2347b5b75525","END-0009","TSH Receptor Antibody (TRAb)","Hormones","Endocrinology","Routine","FALSE","TRUE","TRUE","1","1","0","Chemiluminescent Immunoassay (CLIA)","Serum / Plasma","MANUAL","0","0","0","0","RATE_PENDING","NONE","N/A","TRUE","TRUE","TRUE","TRUE"
"b332bec0-562d-45cd-a26c-a3e8ce74d4d9","END-0010","Thyroid Stimulating Immunoglobulin (TSI)","Hormones","Endocrinology","Routine","FALSE","TRUE","TRUE","1","1","0","Chemiluminescent Immunoassay (CLIA / LC-MS)","Serum / Plasma","MANUAL","0","0","0","0","RATE_PENDING","NONE","N/A","TRUE","TRUE","TRUE","TRUE"
"dab39a53-a030-489d-b7d2-1adf71971854","END-0011","PTH, Intact","Hormones","Endocrinology","Routine","FALSE","TRUE","TRUE","1","1","0","Chemiluminescent Immunoassay (CLIA)","Serum / Plasma","MANUAL","0","0","0","0","3000.00","CATALOGUE_RATE_VERSIONS","2026-09-18T12:20:51.539311+00:00","TRUE","TRUE","TRUE","TRUE"
"2e38e9c1-f0ae-4264-939f-7054212d9ba3","END-0012","Calcitonin","Hormones","Endocrinology","Routine","FALSE","TRUE","TRUE","1","1","0","CLIA/ECLIA/Validated immunoassay","Serum / Plasma","MANUAL","0","0","0","0","RATE_PENDING","NONE","N/A","TRUE","TRUE","TRUE","TRUE"
"e1bcd383-f8db-4ce9-93d0-11aaa8f10fa3","END-0013","Cortisol, 8 AM","Hormones","Endocrinology","Routine","FALSE","TRUE","TRUE","1","1","0","CLIA/ECLIA/Validated immunoassay","Serum / Plasma","MANUAL","0","0","0","0","2500.00","CATALOGUE_RATE_VERSIONS","2026-09-18T12:20:51.539102+00:00","TRUE","TRUE","TRUE","TRUE"
"a79e2ab4-0d65-4fc2-92c1-6f5673f9dc3e","END-0014","Cortisol, 4 PM","Hormones","Endocrinology","Routine","FALSE","TRUE","TRUE","1","1","0","CLIA/ECLIA/Validated immunoassay","Serum / Plasma","MANUAL","0","0","0","0","RATE_PENDING","NONE","N/A","TRUE","TRUE","TRUE","TRUE"
"cc2d19ca-c108-40e5-a4c0-36114fc11227","END-0015","ACTH","Hormones","Endocrinology","Routine","FALSE","TRUE","TRUE","1","1","0","CLIA/ECLIA/Validated immunoassay","EDTA Plasma (chilled)","MANUAL","0","0","0","0","RATE_PENDING","NONE","N/A","TRUE","TRUE","TRUE","TRUE"
"dac58791-b398-49ad-8ec1-6953cfc58d03","END-0016","DHEA-S","Hormones","Endocrinology","Routine","FALSE","TRUE","TRUE","1","1","0","CLIA/ECLIA/Validated immunoassay","Serum / Plasma","MANUAL","0","0","0","0","RATE_PENDING","NONE","N/A","TRUE","TRUE","TRUE","TRUE"
"963cc486-98a2-4b38-a606-72010c90c0ba","END-0017","DHEA","Hormones","Endocrinology","Routine","FALSE","TRUE","TRUE","1","1","0","CLIA/ECLIA/Validated immunoassay","Serum / Plasma","MANUAL","0","0","0","0","RATE_PENDING","NONE","N/A","TRUE","TRUE","TRUE","TRUE"
"499e9394-598d-4520-8931-cf1d9829ea4e","END-0018","Aldosterone","Hormones","Endocrinology","Routine","FALSE","TRUE","TRUE","1","1","0","CLIA/ECLIA/Validated immunoassay","Serum / Plasma","MANUAL","0","0","0","0","RATE_PENDING","NONE","N/A","TRUE","TRUE","TRUE","TRUE"
"44073006-e22a-46b8-8160-7dd96babcffe","END-0019","Plasma Renin Activity","Hormones","Endocrinology","Routine","FALSE","TRUE","TRUE","1","1","0","CLIA/ECLIA/Validated immunoassay","Serum / Plasma","MANUAL","0","0","0","0","RATE_PENDING","NONE","N/A","TRUE","TRUE","TRUE","TRUE"
"f3e39418-8205-4fc9-9ae4-0717962f7b4e","END-0020","Direct Renin","Hormones","Endocrinology","Routine","FALSE","TRUE","TRUE","1","1","0","CLIA/ECLIA/Validated immunoassay","Serum / Plasma","MANUAL","0","0","0","0","RATE_PENDING","NONE","N/A","TRUE","TRUE","TRUE","TRUE"
"71937504-5643-4802-bb66-9b650df344a6","END-0021","Aldosterone/Renin Ratio","Hormones","Endocrinology","Routine","FALSE","TRUE","TRUE","1","1","0","CLIA/ECLIA/Validated immunoassay","Serum / Plasma","MANUAL","0","0","0","0","RATE_PENDING","NONE","N/A","TRUE","TRUE","TRUE","TRUE"
"cdc3e05a-4279-4ac9-a1b6-93ddc1d2a5bf","END-0022","Growth Hormone (GH)","Hormones","Endocrinology","Routine","FALSE","TRUE","TRUE","1","1","0","CLIA/ECLIA/Validated immunoassay","Serum / Plasma","MANUAL","0","0","0","0","2000.00","CATALOGUE_RATE_VERSIONS","2026-09-18T12:20:51.539258+00:00","TRUE","TRUE","TRUE","TRUE"
"5b898021-8442-41f1-a0af-fa2f382f1ce1","END-0023","IGF-1","Hormones","Endocrinology","Routine","FALSE","TRUE","TRUE","1","1","0","CLIA/ECLIA/Validated immunoassay","Serum / Plasma","MANUAL","0","0","0","0","RATE_PENDING","NONE","N/A","TRUE","TRUE","TRUE","TRUE"
"9bacdf95-b165-44ce-91d6-58859dc6d640","END-0024","IGFBP-3","Hormones","Endocrinology","Routine","FALSE","TRUE","TRUE","1","1","0","CLIA/ECLIA/Validated immunoassay","Serum / Plasma","MANUAL","0","0","0","0","RATE_PENDING","NONE","N/A","TRUE","TRUE","TRUE","TRUE"
"48b583e2-0c39-49a2-bfe9-60ea757db9c6","END-0025","Prolactin","Hormones","Endocrinology","Routine","FALSE","TRUE","TRUE","1","1","0","CLIA/ECLIA/Validated immunoassay","Serum / Plasma","MANUAL","0","0","0","0","800.00","CATALOGUE_RATE_VERSIONS","2026-09-16T07:36:39.564555+00:00","TRUE","TRUE","TRUE","TRUE"
"05e4cead-e07e-4549-a397-3e35c2d51d8b","END-0026","Macroprolactin","Hormones","Endocrinology","Routine","FALSE","TRUE","TRUE","1","1","0","CLIA/ECLIA/Validated immunoassay","Serum / Plasma","MANUAL","0","0","0","0","RATE_PENDING","NONE","N/A","TRUE","TRUE","TRUE","TRUE"
"8a4857d2-8d44-4c94-ad6e-8edb98ea6d84","END-0027","FSH","Hormones","Endocrinology","Routine","FALSE","TRUE","TRUE","1","1","0","CLIA/ECLIA/Validated immunoassay","Serum / Plasma","MANUAL","0","0","0","0","800.00","CATALOGUE_RATE_VERSIONS","2026-09-16T07:36:39.564555+00:00","TRUE","TRUE","TRUE","TRUE"
"2bf12ab4-3db0-4ea7-af6d-0e28ffc637db","END-0028","LH","Hormones","Endocrinology","Routine","FALSE","TRUE","TRUE","1","1","0","CLIA/ECLIA/Validated immunoassay","Serum / Plasma","MANUAL","0","0","0","0","800.00","CATALOGUE_RATE_VERSIONS","2026-09-16T07:36:39.564555+00:00","TRUE","TRUE","TRUE","TRUE"
"289b04ca-8038-4f96-b001-954de79f9c45","END-0029","Estradiol (E2)","Hormones","Endocrinology","Routine","FALSE","TRUE","TRUE","1","1","0","CLIA/ECLIA/Validated immunoassay","Serum / Plasma","MANUAL","0","0","0","0","RATE_PENDING","NONE","N/A","TRUE","TRUE","TRUE","TRUE"
"f8aefe68-d7c3-48a9-afa7-75f233f55fc2","END-0030","Progesterone","Hormones","Endocrinology","Routine","FALSE","TRUE","TRUE","1","1","0","CLIA/ECLIA/Validated immunoassay","Serum / Plasma","MANUAL","0","0","0","0","2500.00","CATALOGUE_RATE_VERSIONS","2026-09-18T12:20:51.539083+00:00","TRUE","TRUE","TRUE","TRUE"
"d5586451-406f-4a1f-ad02-f57ba6c10bb5","END-0031","Testosterone, Total","Hormones","Endocrinology","Routine","FALSE","TRUE","TRUE","1","1","0","CLIA/ECLIA/Validated immunoassay","Serum / Plasma","MANUAL","0","0","0","0","1200.00","CATALOGUE_RATE_VERSIONS","2026-09-16T07:36:39.564555+00:00","TRUE","TRUE","TRUE","TRUE"
"9cbc2404-86df-400c-8171-ed24b107422f","END-0032","Testosterone, Free","Hormones","Endocrinology","Routine","FALSE","TRUE","TRUE","1","1","0","CLIA/ECLIA/Validated immunoassay","Serum / Plasma","MANUAL","0","0","0","0","RATE_PENDING","NONE","N/A","TRUE","TRUE","TRUE","TRUE"
"ad0b180d-8967-4911-80e1-54f0ca144a7b","END-0033","SHBG","Hormones","Endocrinology","Routine","FALSE","TRUE","TRUE","1","1","0","CLIA/ECLIA/Validated immunoassay","Serum / Plasma","MANUAL","0","0","0","0","RATE_PENDING","NONE","N/A","TRUE","TRUE","TRUE","TRUE"
"dca51182-1158-4566-8fb3-9711d0494056","END-0034","Free Androgen Index","Hormones","Endocrinology","Routine","FALSE","TRUE","TRUE","1","1","0","CLIA/ECLIA/Validated immunoassay","Serum / Plasma","MANUAL","0","0","0","0","RATE_PENDING","NONE","N/A","TRUE","TRUE","TRUE","TRUE"
"be5361ce-ad60-41b4-a0aa-d16e8c1efa44","END-0035","Androstenedione","Hormones","Endocrinology","Routine","FALSE","TRUE","TRUE","1","1","0","CLIA/ECLIA/Validated immunoassay","Serum / Plasma","MANUAL","0","0","0","0","RATE_PENDING","NONE","N/A","TRUE","TRUE","TRUE","TRUE"
"f0afe02c-82c1-4bdc-92a2-27a26a1e5284","END-0036","17-OH Progesterone","Hormones","Endocrinology","Routine","FALSE","TRUE","TRUE","1","1","0","CLIA/ECLIA/Validated immunoassay","Serum / Plasma","MANUAL","0","0","0","0","RATE_PENDING","NONE","N/A","TRUE","TRUE","TRUE","TRUE"
"2bdd6231-3e3f-4e18-8c32-39ccdd3501b7","END-0037","AMH","Hormones","Endocrinology","Routine","FALSE","TRUE","TRUE","1","1","0","CLIA/ECLIA/Validated immunoassay","Serum / Plasma","MANUAL","0","0","0","0","3500.00","CATALOGUE_RATE_VERSIONS","2026-09-16T07:36:39.564555+00:00","TRUE","TRUE","TRUE","TRUE"
"4b03e774-7b54-470c-aa32-c5adf8ee3f23","END-0038","Inhibin B","Hormones","Endocrinology","Routine","FALSE","TRUE","TRUE","1","1","0","CLIA/ECLIA/Validated immunoassay","Serum / Plasma","MANUAL","0","0","0","0","RATE_PENDING","NONE","N/A","TRUE","TRUE","TRUE","TRUE"
"03733900-4869-4b77-b9ce-c060f7d6e8c1","END-0039","Beta-hCG, Quantitative","Hormones","Endocrinology","Routine","FALSE","TRUE","TRUE","1","1","0","Fluorescence Immunoassay","Serum / Plasma","MANUAL","0","1","0","0","1000.00","CATALOGUE_RATE_VERSIONS","2026-09-16T07:36:39.564555+00:00","TRUE","TRUE","TRUE","TRUE"
"640f6c7a-6ae9-4190-8276-a9d318202c69","END-0040","Beta-hCG, Qualitative","Hormones","Endocrinology","Routine","FALSE","TRUE","TRUE","1","1","0","CLIA/ECLIA/Validated immunoassay","Serum / Plasma","MANUAL","0","0","0","0","RATE_PENDING","NONE","N/A","TRUE","TRUE","TRUE","TRUE"
"9d98d1f3-844a-40cb-a2e3-7553fbd3b9f2","END-0041","Insulin, Fasting","Hormones","Endocrinology","Routine","FALSE","TRUE","TRUE","1","1","0","CLIA/ECLIA/Validated immunoassay","Serum / Plasma","MANUAL","0","0","0","0","3000.00","CATALOGUE_RATE_VERSIONS","2026-09-18T12:20:51.539277+00:00","TRUE","TRUE","TRUE","TRUE"
"83af71a2-ecc0-49c0-b178-840080405042","END-0042","Insulin, Postprandial","Hormones","Endocrinology","Routine","FALSE","TRUE","TRUE","1","1","0","CLIA/ECLIA/Validated immunoassay","Serum / Plasma","MANUAL","0","0","0","0","RATE_PENDING","NONE","N/A","TRUE","TRUE","TRUE","TRUE"
"27495bd7-c0c0-49a1-baa4-92701dc5f23c","END-0043","C-Peptide, Fasting","Hormones","Endocrinology","Routine","FALSE","TRUE","TRUE","1","1","0","CLIA/ECLIA/Validated immunoassay","Serum / Plasma","MANUAL","0","0","0","0","RATE_PENDING","NONE","N/A","TRUE","TRUE","TRUE","TRUE"
"24db8546-6a09-4d51-bd87-9ff99d6486d2","END-0044","C-Peptide, Postprandial","Hormones","Endocrinology","Routine","FALSE","TRUE","TRUE","1","1","0","CLIA/ECLIA/Validated immunoassay","Serum / Plasma","MANUAL","0","0","0","0","RATE_PENDING","NONE","N/A","TRUE","TRUE","TRUE","TRUE"
"3751e44b-a81e-4029-9ff3-1e5cbf950ee3","END-0045","HOMA-IR","Hormones","Endocrinology","Routine","FALSE","TRUE","TRUE","1","1","0","Governed Mathematical Calculation","Serum / Plasma","MANUAL","0","0","0","0","RATE_PENDING","NONE","N/A","TRUE","TRUE","TRUE","TRUE"
"9f6ea936-5c51-4002-863f-ddf53b6dcc3a","END-0046","Leptin","Hormones","Endocrinology","Routine","FALSE","TRUE","TRUE","1","1","0","CLIA/ECLIA/Validated immunoassay","Serum / Plasma","MANUAL","0","0","0","0","RATE_PENDING","NONE","N/A","TRUE","TRUE","TRUE","TRUE"
"1102aac7-f417-432d-b54e-fb85834b0604","END-0047","Adiponectin","Hormones","Endocrinology","Routine","FALSE","TRUE","TRUE","1","1","0","CLIA/ECLIA/Validated immunoassay","Serum / Plasma","MANUAL","0","0","0","0","RATE_PENDING","NONE","N/A","TRUE","TRUE","TRUE","TRUE"
"cc31987b-0741-4dfc-be78-94ebe455b5bb","END-0048","Erythropoietin","Hormones","Endocrinology","Routine","FALSE","TRUE","TRUE","1","1","0","CLIA/ECLIA/Validated immunoassay","Serum / Plasma","MANUAL","0","0","0","0","RATE_PENDING","NONE","N/A","TRUE","TRUE","TRUE","TRUE"
"f2a27604-704c-47ae-ab8d-44c8b7cbdcc5","END-0049","Gastrin","Hormones","Endocrinology","Routine","FALSE","TRUE","TRUE","1","1","0","CLIA/ECLIA/Validated immunoassay","Serum / Plasma","MANUAL","0","0","0","0","RATE_PENDING","NONE","N/A","TRUE","TRUE","TRUE","TRUE"
"ec09becb-d428-4c8e-99a4-be436608c2eb","END-0050","Insulin-like Growth Factor 2","Hormones","Endocrinology","Routine","FALSE","TRUE","TRUE","1","1","0","CLIA/ECLIA/Validated immunoassay","Serum / Plasma","MANUAL","0","0","0","0","RATE_PENDING","NONE","N/A","TRUE","TRUE","TRUE","TRUE"
"d965542d-a756-4aae-9b23-39c3cd2faf0e","END-0051","Chromogranin A","Hormones","Endocrinology","Routine","FALSE","TRUE","TRUE","1","1","0","CLIA/ECLIA/Validated immunoassay","Serum / Plasma","MANUAL","0","0","0","0","RATE_PENDING","NONE","N/A","TRUE","TRUE","TRUE","TRUE"
"9fbb5cba-6b09-4dbf-bff7-f6f08f7d3e7b","END-0052","Serotonin, Serum","Hormones","Endocrinology","Routine","FALSE","TRUE","TRUE","1","1","0","CLIA/ECLIA/Validated immunoassay","Serum / Plasma","MANUAL","0","0","0","0","RATE_PENDING","NONE","N/A","TRUE","TRUE","TRUE","TRUE"
"1b3a4edc-220c-4390-9f81-37305afe859b","END-0053","Melatonin","Hormones","Endocrinology","Routine","FALSE","TRUE","TRUE","1","1","0","CLIA/ECLIA/Validated immunoassay","Serum / Plasma","MANUAL","0","0","0","0","RATE_PENDING","NONE","N/A","TRUE","TRUE","TRUE","TRUE"
"1cd6c4ee-9fff-4961-b84b-da9d4cb1603f","END-0054","ADH / Vasopressin","Hormones","Endocrinology","Routine","FALSE","TRUE","TRUE","1","1","0","CLIA/ECLIA/Validated immunoassay","EDTA Plasma (chilled)","MANUAL","0","0","0","0","RATE_PENDING","NONE","N/A","TRUE","TRUE","TRUE","TRUE"
"0329c073-6f15-4e32-86c6-31392518e1c2","END-0055","Copeptin","Hormones","Endocrinology","Routine","FALSE","TRUE","TRUE","1","1","0","CLIA/ECLIA/Validated immunoassay","Serum / Plasma","MANUAL","0","0","0","0","RATE_PENDING","NONE","N/A","TRUE","TRUE","TRUE","TRUE"
"28c24d96-3a6c-4906-b1b5-a7d5e87d3737","END-0056","Oral Glucose Tolerance Test (75 g)","Dynamic Function Tests","Endocrinology","Routine","FALSE","TRUE","TRUE","3","3","0","Hexokinase / GOD-POD (Protocol-based)","Na-Fluoride Plasma","MANUAL","0","3","0","0","RATE_PENDING","NONE","N/A","TRUE","TRUE","TRUE","TRUE"
"0056380c-61bf-48c0-b81c-cd2fdabcf421","END-0057","Gestational OGTT 75 g","Dynamic Function Tests","Endocrinology","Routine","FALSE","TRUE","TRUE","3","3","0","Hexokinase / GOD-POD (Protocol-based)","Na-Fluoride Plasma","MANUAL","0","3","0","0","RATE_PENDING","NONE","N/A","TRUE","TRUE","TRUE","TRUE"
"24dea4b3-77e7-4bc0-9f4b-14b5912d1c2e","END-0058","Glucose Challenge Test 50 g","Dynamic Function Tests","Endocrinology","Routine","FALSE","TRUE","TRUE","1","1","0","Hexokinase / GOD-POD (Protocol-based)","Na-Fluoride Plasma","MANUAL","0","1","0","0","RATE_PENDING","NONE","N/A","TRUE","TRUE","TRUE","TRUE"
"316cc36e-ad60-49fa-b93c-a64b50d6cb7f","END-0059","Dexamethasone Suppression Test - Overnight","Dynamic Function Tests","Endocrinology","Routine","FALSE","TRUE","TRUE","2","2","0","Chemiluminescent Immunoassay (CLIA) / FIA","Serum","MANUAL","0","2","0","0","RATE_PENDING","NONE","N/A","TRUE","TRUE","TRUE","TRUE"
"85e023b8-7567-43e4-ae0c-0bf13a066339","END-0060","Low Dose Dexamethasone Suppression Test","Dynamic Function Tests","Endocrinology","Routine","FALSE","TRUE","TRUE","2","2","0","Chemiluminescent Immunoassay (CLIA) / FIA","Serum","MANUAL","0","2","0","0","RATE_PENDING","NONE","N/A","TRUE","TRUE","TRUE","TRUE"
"f818b23a-a502-4908-b775-131719206c73","END-0061","High Dose Dexamethasone Suppression Test","Dynamic Function Tests","Endocrinology","Routine","FALSE","TRUE","TRUE","3","3","0","Chemiluminescent Immunoassay (CLIA) / FIA","Serum","MANUAL","0","3","0","1","RATE_PENDING","NONE","N/A","TRUE","TRUE","TRUE","TRUE"
"66099bed-0083-4944-833c-327efa6d8f48","END-0062","ACTH Stimulation Test","Dynamic Function Tests","Endocrinology","Routine","FALSE","TRUE","TRUE","3","3","0","Chemiluminescent Immunoassay (CLIA) / FIA","Serum / Heparin Plasma","MANUAL","0","3","0","0","RATE_PENDING","NONE","N/A","TRUE","TRUE","TRUE","TRUE"
"250b86d6-3300-4bd8-ae81-d038ed116210","END-0063","Growth Hormone Suppression Test","Dynamic Function Tests","Endocrinology","Routine","FALSE","TRUE","TRUE","5","5","0","Chemiluminescent Immunoassay (CLIA) / FIA","Serum","MANUAL","0","6","0","0","RATE_PENDING","NONE","N/A","TRUE","TRUE","TRUE","TRUE"
"3db3d775-b93a-4af5-a5f4-c127edf62f02","END-0064","Growth Hormone Stimulation Test","Dynamic Function Tests","Endocrinology","Routine","FALSE","TRUE","TRUE","6","6","0","Chemiluminescent Immunoassay (CLIA) / FIA","Serum","MANUAL","0","6","0","0","RATE_PENDING","NONE","N/A","TRUE","TRUE","TRUE","TRUE"
"e6a3fe2c-fe2a-40ef-9da9-13c3a2872eeb","END-0065","Water Deprivation Test","Dynamic Function Tests","Endocrinology","Routine","FALSE","TRUE","TRUE","5","5","0","Multi-discipline protocol","Serum + Urine (Timed)","MANUAL","0","4","0","0","RATE_PENDING","NONE","N/A","TRUE","TRUE","TRUE","TRUE"
"81ee02db-2d78-4bd5-af4e-85f632c6dcf9","END-0066","Free T4 by Equilibrium Dialysis","Special Hormones","Endocrinology","Routine","FALSE","TRUE","TRUE","1","1","0","LC-MS/MS or validated immunoassay","Serum / Plasma / Saliva as specified","MANUAL","0","0","0","0","RATE_PENDING","NONE","N/A","TRUE","TRUE","TRUE","TRUE"
"5d9d7789-8ed4-48fe-b1bd-e9cd17545d11","END-0067","Reverse T3","Special Hormones","Endocrinology","Routine","FALSE","TRUE","TRUE","1","1","0","LC-MS/MS or validated immunoassay","Serum / Plasma / Saliva as specified","MANUAL","0","0","0","0","RATE_PENDING","NONE","N/A","TRUE","TRUE","TRUE","TRUE"
"53a88d8b-9568-4d5f-8680-6120e8d714b9","END-0068","Thyroxine Binding Globulin","Special Hormones","Endocrinology","Routine","FALSE","TRUE","TRUE","1","1","0","LC-MS/MS or validated immunoassay","Serum / Plasma / Saliva as specified","MANUAL","0","0","0","0","RATE_PENDING","NONE","N/A","TRUE","TRUE","TRUE","TRUE"
"cc407b27-84bc-419b-b97b-d3341a402772","END-0069","IGF Binding Protein 1","Special Hormones","Endocrinology","Routine","FALSE","TRUE","TRUE","1","1","0","LC-MS/MS or validated immunoassay","Serum / Plasma / Saliva as specified","MANUAL","0","0","0","0","RATE_PENDING","NONE","N/A","TRUE","TRUE","TRUE","TRUE"
"206a4f9e-7b7a-43cb-bf45-b919fd7d6943","END-0070","Free Cortisol, Serum","Special Hormones","Endocrinology","Routine","FALSE","TRUE","TRUE","1","1","0","LC-MS/MS or validated immunoassay","Serum / Plasma / Saliva as specified","MANUAL","0","0","0","0","RATE_PENDING","NONE","N/A","TRUE","TRUE","TRUE","TRUE"
"33104656-1c5e-487b-be78-51aae739ee14","END-0071","Salivary Cortisol, Morning","Special Hormones","Endocrinology","Routine","FALSE","TRUE","TRUE","1","1","0","LC-MS/MS or validated immunoassay","Serum / Plasma / Saliva as specified","MANUAL","0","0","0","0","RATE_PENDING","NONE","N/A","TRUE","TRUE","TRUE","TRUE"
"7ac18f46-899c-42ce-8ef0-bb5d481554db","END-0072","Salivary Cortisol, Midnight","Special Hormones","Endocrinology","Routine","FALSE","TRUE","TRUE","1","1","0","LC-MS/MS or validated immunoassay","Serum / Plasma / Saliva as specified","MANUAL","0","0","0","0","RATE_PENDING","NONE","N/A","TRUE","TRUE","TRUE","TRUE"
"7b633aec-7993-472f-8175-03856b484374","END-0073","17-Hydroxypregnenolone","Special Hormones","Endocrinology","Routine","FALSE","TRUE","TRUE","1","1","0","LC-MS/MS or validated immunoassay","Serum / Plasma / Saliva as specified","MANUAL","0","0","0","0","RATE_PENDING","NONE","N/A","TRUE","TRUE","TRUE","TRUE"
"19441e09-6927-4c5f-bcb0-7276f52b03b8","END-0074","11-Deoxycortisol","Special Hormones","Endocrinology","Routine","FALSE","TRUE","TRUE","1","1","0","LC-MS/MS or validated immunoassay","Serum / Plasma / Saliva as specified","MANUAL","0","0","0","0","RATE_PENDING","NONE","N/A","TRUE","TRUE","TRUE","TRUE"
"32e018d1-be80-486b-a617-cebbba0d0991","END-0075","Deoxycorticosterone","Special Hormones","Endocrinology","Routine","FALSE","TRUE","TRUE","1","1","0","LC-MS/MS or validated immunoassay","Serum / Plasma / Saliva as specified","MANUAL","0","0","0","0","RATE_PENDING","NONE","N/A","TRUE","TRUE","TRUE","TRUE"
"55c35a24-aff8-49f7-a884-f4694022fe60","END-0076","Pregnenolone","Special Hormones","Endocrinology","Routine","FALSE","TRUE","TRUE","1","1","0","LC-MS/MS or validated immunoassay","Serum / Plasma / Saliva as specified","MANUAL","0","0","0","0","RATE_PENDING","NONE","N/A","TRUE","TRUE","TRUE","TRUE"
"d551c36a-1f28-4c65-91ec-8623a972d1eb","END-0077","Estrone (E1)","Special Hormones","Endocrinology","Routine","FALSE","TRUE","TRUE","1","1","0","LC-MS/MS or validated immunoassay","Serum / Plasma / Saliva as specified","MANUAL","0","0","0","0","RATE_PENDING","NONE","N/A","TRUE","TRUE","TRUE","TRUE"
"bcb269a5-af8e-4bdc-9b43-b48dfc22d32d","END-0078","Estriol (E3)","Special Hormones","Endocrinology","Routine","FALSE","TRUE","TRUE","1","1","0","LC-MS/MS or validated immunoassay","Serum / Plasma / Saliva as specified","MANUAL","0","0","0","0","RATE_PENDING","NONE","N/A","TRUE","TRUE","TRUE","TRUE"
"16d1d2ee-5d82-45af-af16-60e43bcd3354","END-0079","Dihydrotestosterone","Special Hormones","Endocrinology","Routine","FALSE","TRUE","TRUE","1","1","0","LC-MS/MS or validated immunoassay","Serum / Plasma / Saliva as specified","MANUAL","0","0","0","0","RATE_PENDING","NONE","N/A","TRUE","TRUE","TRUE","TRUE"
"0b0416ac-dcfa-46ac-ac1b-d440bf050bd3","END-0080","Free Testosterone by Equilibrium Dialysis","Special Hormones","Endocrinology","Routine","FALSE","TRUE","TRUE","1","1","0","LC-MS/MS or validated immunoassay","Serum / Plasma / Saliva as specified","MANUAL","0","0","0","0","RATE_PENDING","NONE","N/A","TRUE","TRUE","TRUE","TRUE"
"5ad3a6a6-d335-454d-8e10-fe319e6d40cc","END-0081","Inhibin A","Special Hormones","Endocrinology","Routine","FALSE","TRUE","TRUE","1","1","0","LC-MS/MS or validated immunoassay","Serum / Plasma / Saliva as specified","MANUAL","0","0","0","0","RATE_PENDING","NONE","N/A","TRUE","TRUE","TRUE","TRUE"
"da41bfa6-3277-4a6a-af23-3c8a3c058ac0","END-0082","Anti-Mullerian Hormone - Pediatric","Special Hormones","Endocrinology","Routine","FALSE","TRUE","TRUE","1","1","0","LC-MS/MS or validated immunoassay","Serum / Plasma / Saliva as specified","MANUAL","0","0","0","0","RATE_PENDING","NONE","N/A","TRUE","TRUE","TRUE","TRUE"
"7e93e4df-a71c-4006-9707-3f403b1851db","END-0083","Proinsulin","Special Hormones","Endocrinology","Routine","FALSE","TRUE","TRUE","1","1","0","LC-MS/MS or validated immunoassay","Serum / Plasma / Saliva as specified","MANUAL","0","0","0","0","RATE_PENDING","NONE","N/A","TRUE","TRUE","TRUE","TRUE"
"6037d0a8-79a7-4615-b204-09534e7954ac","END-0084","Glucagon","Special Hormones","Endocrinology","Routine","FALSE","TRUE","TRUE","1","1","0","LC-MS/MS or validated immunoassay","Serum / Plasma / Saliva as specified","MANUAL","0","0","0","0","RATE_PENDING","NONE","N/A","TRUE","TRUE","TRUE","TRUE"
"1dde3a3e-4179-490e-a734-6d702d5d8739","END-0085","Pancreatic Polypeptide","Special Hormones","Endocrinology","Routine","FALSE","TRUE","TRUE","1","1","0","LC-MS/MS or validated immunoassay","Serum / Plasma / Saliva as specified","MANUAL","0","0","0","0","RATE_PENDING","NONE","N/A","TRUE","TRUE","TRUE","TRUE"
"e87c363d-3b47-4089-af6b-1b559a9de613","GEN-0001","Conventional Karyotyping - Peripheral Blood","Genetic Testing","Genetics / Cytogenetics","Routine","FALSE","TRUE","TRUE","1","1","0","Karyotype/FISH/PCR/NGS as applicable","EDTA Blood / Bone Marrow / FFPE as applicable","MANUAL","0","0","0","0","RATE_PENDING","NONE","N/A","TRUE","TRUE","TRUE","TRUE"
"ffb15af5-06e8-456a-b33e-c3df3dc5b863","GEN-0002","Conventional Karyotyping - Bone Marrow","Genetic Testing","Genetics / Cytogenetics","Routine","FALSE","TRUE","TRUE","1","1","0","Karyotype/FISH/PCR/NGS as applicable","EDTA Blood / Bone Marrow / FFPE as applicable","MANUAL","0","0","0","0","RATE_PENDING","NONE","N/A","TRUE","TRUE","TRUE","TRUE"
"8b6575e9-ac88-420f-907d-66bbb9951772","GEN-0003","FISH - BCR/ABL1","Genetic Testing","Genetics / Cytogenetics","Routine","FALSE","TRUE","TRUE","1","1","0","Karyotype/FISH/PCR/NGS as applicable","EDTA Blood / Bone Marrow / FFPE as applicable","MANUAL","0","0","0","0","RATE_PENDING","NONE","N/A","TRUE","TRUE","TRUE","TRUE"
"6b7d4b5d-ec5b-406c-8bac-4e137df0bea6","GEN-0004","FISH - PML/RARA","Genetic Testing","Genetics / Cytogenetics","Routine","FALSE","TRUE","TRUE","1","1","0","Karyotype/FISH/PCR/NGS as applicable","EDTA Blood / Bone Marrow / FFPE as applicable","MANUAL","0","0","0","0","RATE_PENDING","NONE","N/A","TRUE","TRUE","TRUE","TRUE"
"f8d26658-d7f7-4c2a-8181-527aa1fc64a7","GEN-0005","FISH - HER2","Genetic Testing","Genetics / Cytogenetics","Routine","FALSE","TRUE","TRUE","1","1","0","Karyotype/FISH/PCR/NGS as applicable","EDTA Blood / Bone Marrow / FFPE as applicable","MANUAL","0","0","0","0","RATE_PENDING","NONE","N/A","TRUE","TRUE","TRUE","TRUE"
"713b5d84-d41d-4da0-8d43-087540ec2d15","GEN-0006","FISH - ALK","Genetic Testing","Genetics / Cytogenetics","Routine","FALSE","TRUE","TRUE","1","1","0","Karyotype/FISH/PCR/NGS as applicable","EDTA Blood / Bone Marrow / FFPE as applicable","MANUAL","0","0","0","0","RATE_PENDING","NONE","N/A","TRUE","TRUE","TRUE","TRUE"
"78fdf86d-c8a1-4df8-92f3-054d86b6f3ac","GEN-0007","FISH - ROS1","Genetic Testing","Genetics / Cytogenetics","Routine","FALSE","TRUE","TRUE","1","1","0","Karyotype/FISH/PCR/NGS as applicable","EDTA Blood / Bone Marrow / FFPE as applicable","MANUAL","0","0","0","0","RATE_PENDING","NONE","N/A","TRUE","TRUE","TRUE","TRUE"
"560be109-7617-49ba-9972-0a2bcf09b015","GEN-0008","FISH - 1p/19q Codeletion","Genetic Testing","Genetics / Cytogenetics","Routine","FALSE","TRUE","TRUE","1","1","0","Karyotype/FISH/PCR/NGS as applicable","EDTA Blood / Bone Marrow / FFPE as applicable","MANUAL","0","0","0","0","RATE_PENDING","NONE","N/A","TRUE","TRUE","TRUE","TRUE"
"e4207806-92aa-4114-aa9d-1fb9c073ad2f","GEN-0009","FISH - MYC","Genetic Testing","Genetics / Cytogenetics","Routine","FALSE","TRUE","TRUE","1","1","0","Karyotype/FISH/PCR/NGS as applicable","EDTA Blood / Bone Marrow / FFPE as applicable","MANUAL","0","0","0","0","RATE_PENDING","NONE","N/A","TRUE","TRUE","TRUE","TRUE"
"1011fefe-e7cc-4b64-b474-d586fc925756","GEN-0010","FISH - BCL2","Genetic Testing","Genetics / Cytogenetics","Routine","FALSE","TRUE","TRUE","1","1","0","Karyotype/FISH/PCR/NGS as applicable","EDTA Blood / Bone Marrow / FFPE as applicable","MANUAL","0","0","0","0","RATE_PENDING","NONE","N/A","TRUE","TRUE","TRUE","TRUE"
"fdd511d3-63e0-44c7-b8c0-96988602629f","GEN-0011","FISH - BCL6","Genetic Testing","Genetics / Cytogenetics","Routine","FALSE","TRUE","TRUE","1","1","0","Karyotype/FISH/PCR/NGS as applicable","EDTA Blood / Bone Marrow / FFPE as applicable","MANUAL","0","0","0","0","RATE_PENDING","NONE","N/A","TRUE","TRUE","TRUE","TRUE"
"3266ecd2-20fa-45a0-a67c-9b91381e2bae","GEN-0012","FISH - EWSR1","Genetic Testing","Genetics / Cytogenetics","Routine","FALSE","TRUE","TRUE","1","1","0","Karyotype/FISH/PCR/NGS as applicable","EDTA Blood / Bone Marrow / FFPE as applicable","MANUAL","0","0","0","0","RATE_PENDING","NONE","N/A","TRUE","TRUE","TRUE","TRUE"
"d270b8cd-db9c-4433-8218-b142149a852d","GEN-0013","FISH - SS18","Genetic Testing","Genetics / Cytogenetics","Routine","FALSE","TRUE","TRUE","1","1","0","Karyotype/FISH/PCR/NGS as applicable","EDTA Blood / Bone Marrow / FFPE as applicable","MANUAL","0","0","0","0","RATE_PENDING","NONE","N/A","TRUE","TRUE","TRUE","TRUE"
"724f734e-ec26-490a-a382-bcb4db8a0309","GEN-0014","FISH - MDM2","Genetic Testing","Genetics / Cytogenetics","Routine","FALSE","TRUE","TRUE","1","1","0","Karyotype/FISH/PCR/NGS as applicable","EDTA Blood / Bone Marrow / FFPE as applicable","MANUAL","0","0","0","0","RATE_PENDING","NONE","N/A","TRUE","TRUE","TRUE","TRUE"
"6c11bf1b-677b-4bb5-9058-9d27dbc5a716","GEN-0015","FISH - DDIT3","Genetic Testing","Genetics / Cytogenetics","Routine","FALSE","TRUE","TRUE","1","1","0","Karyotype/FISH/PCR/NGS as applicable","EDTA Blood / Bone Marrow / FFPE as applicable","MANUAL","0","0","0","0","RATE_PENDING","NONE","N/A","TRUE","TRUE","TRUE","TRUE"
"fa82a475-0427-4838-8b1a-3cce9bfa7562","GEN-0016","FISH - RET","Genetic Testing","Genetics / Cytogenetics","Routine","FALSE","TRUE","TRUE","1","1","0","Karyotype/FISH/PCR/NGS as applicable","EDTA Blood / Bone Marrow / FFPE as applicable","MANUAL","0","0","0","0","RATE_PENDING","NONE","N/A","TRUE","TRUE","TRUE","TRUE"
"2794a4b0-a319-43c5-a5f1-796e929c8921","GEN-0017","FISH - NTRK","Genetic Testing","Genetics / Cytogenetics","Routine","FALSE","TRUE","TRUE","1","1","0","Karyotype/FISH/PCR/NGS as applicable","EDTA Blood / Bone Marrow / FFPE as applicable","MANUAL","0","0","0","0","RATE_PENDING","NONE","N/A","TRUE","TRUE","TRUE","TRUE"
"ff3907eb-d491-4197-8d6d-faad01b6a3c4","GEN-0018","Chromosomal Microarray","Genetic Testing","Genetics / Cytogenetics","Routine","FALSE","TRUE","TRUE","1","1","0","Karyotype/FISH/PCR/NGS as applicable","EDTA Blood / Bone Marrow / FFPE as applicable","MANUAL","0","0","0","0","RATE_PENDING","NONE","N/A","TRUE","TRUE","TRUE","TRUE"
"d6cd52cd-7202-4e5e-bdea-02e9bf70cb66","GEN-0019","Whole Exome Sequencing","Genetic Testing","Genetics / Cytogenetics","Routine","FALSE","TRUE","TRUE","1","1","0","Karyotype/FISH/PCR/NGS as applicable","EDTA Blood / Bone Marrow / FFPE as applicable","MANUAL","0","0","0","0","RATE_PENDING","NONE","N/A","TRUE","TRUE","TRUE","TRUE"
"03bbd3e1-6b41-4a8e-abeb-2586856ebd7e","GEN-0020","Targeted Clinical Exome","Genetic Testing","Genetics / Cytogenetics","Routine","FALSE","TRUE","TRUE","1","1","0","Karyotype/FISH/PCR/NGS as applicable","EDTA Blood / Bone Marrow / FFPE as applicable","MANUAL","0","0","0","0","RATE_PENDING","NONE","N/A","TRUE","TRUE","TRUE","TRUE"
"0272db08-e24d-4cac-9d89-8ec7ebf3b16d","GEN-0021","Carrier Screening Panel","Genetic Testing","Genetics / Cytogenetics","Routine","FALSE","TRUE","TRUE","1","1","0","Karyotype/FISH/PCR/NGS as applicable","EDTA Blood / Bone Marrow / FFPE as applicable","MANUAL","0","0","0","0","RATE_PENDING","NONE","N/A","TRUE","TRUE","TRUE","TRUE"
"42183971-7ba3-436e-a798-04320edd9731","GEN-0022","Thalassemia Mutation Analysis","Genetic Testing","Genetics / Cytogenetics","Routine","FALSE","TRUE","TRUE","1","1","0","Karyotype/FISH/PCR/NGS as applicable","EDTA Blood / Bone Marrow / FFPE as applicable","MANUAL","0","0","0","0","RATE_PENDING","NONE","N/A","TRUE","TRUE","TRUE","TRUE"
"67be787d-68f4-428f-82e3-15141423a091","GEN-0023","HFE Hemochromatosis Mutation","Genetic Testing","Genetics / Cytogenetics","Routine","FALSE","TRUE","TRUE","1","1","0","Karyotype/FISH/PCR/NGS as applicable","EDTA Blood / Bone Marrow / FFPE as applicable","MANUAL","0","0","0","0","RATE_PENDING","NONE","N/A","TRUE","TRUE","TRUE","TRUE"
"fa6d7b01-0583-42dd-8f3b-af20bb22c842","GEN-0024","Factor V Leiden Mutation","Genetic Testing","Genetics / Cytogenetics","Routine","FALSE","TRUE","TRUE","1","1","0","Karyotype/FISH/PCR/NGS as applicable","EDTA Blood / Bone Marrow / FFPE as applicable","MANUAL","0","0","0","0","RATE_PENDING","NONE","N/A","TRUE","TRUE","TRUE","TRUE"
"85c39d79-5703-4a9f-bae4-2c62fa43377e","GEN-0025","Prothrombin G20210A Mutation","Genetic Testing","Genetics / Cytogenetics","Routine","FALSE","TRUE","TRUE","1","1","0","Karyotype/FISH/PCR/NGS as applicable","EDTA Blood / Bone Marrow / FFPE as applicable","MANUAL","0","0","0","0","RATE_PENDING","NONE","N/A","TRUE","TRUE","TRUE","TRUE"
"43b0104a-a9e2-40dc-8142-98291579cb64","GEN-0026","MTHFR C677T/A1298C","Genetic Testing","Genetics / Cytogenetics","Routine","FALSE","TRUE","TRUE","1","1","0","Karyotype/FISH/PCR/NGS as applicable","EDTA Blood / Bone Marrow / FFPE as applicable","MANUAL","0","0","0","0","RATE_PENDING","NONE","N/A","TRUE","TRUE","TRUE","TRUE"
"581aef7c-cf47-47c3-a4bf-6f55ed4e4791","GEN-0027","HLA-B27 Genotyping","Genetic Testing","Genetics / Cytogenetics","Routine","FALSE","TRUE","TRUE","1","1","0","Karyotype/FISH/PCR/NGS as applicable","EDTA Blood / Bone Marrow / FFPE as applicable","MANUAL","0","0","0","0","RATE_PENDING","NONE","N/A","TRUE","TRUE","TRUE","TRUE"
"9a3be743-139d-409d-93a3-2261a4402bc0","GEN-0028","HLA-B*57:01","Genetic Testing","Genetics / Cytogenetics","Routine","FALSE","TRUE","TRUE","1","1","0","Karyotype/FISH/PCR/NGS as applicable","EDTA Blood / Bone Marrow / FFPE as applicable","MANUAL","0","0","0","0","RATE_PENDING","NONE","N/A","TRUE","TRUE","TRUE","TRUE"
"aa0deb19-12d1-402e-a6eb-bd08cfb71a08","GEN-0029","HLA-B*15:02","Genetic Testing","Genetics / Cytogenetics","Routine","FALSE","TRUE","TRUE","1","1","0","Karyotype/FISH/PCR/NGS as applicable","EDTA Blood / Bone Marrow / FFPE as applicable","MANUAL","0","0","0","0","RATE_PENDING","NONE","N/A","TRUE","TRUE","TRUE","TRUE"
"32b850c0-bd4c-4514-8743-d628060db7b3","GEN-0030","HLA Typing Class I","Genetic Testing","Genetics / Cytogenetics","Routine","FALSE","TRUE","TRUE","1","1","0","Karyotype/FISH/PCR/NGS as applicable","EDTA Blood / Bone Marrow / FFPE as applicable","MANUAL","0","0","0","0","RATE_PENDING","NONE","N/A","TRUE","TRUE","TRUE","TRUE"
"a9ed42af-69de-4d94-a959-1e8bc9502aaf","GEN-0031","HLA Typing Class II","Genetic Testing","Genetics / Cytogenetics","Routine","FALSE","TRUE","TRUE","1","1","0","Karyotype/FISH/PCR/NGS as applicable","EDTA Blood / Bone Marrow / FFPE as applicable","MANUAL","0","0","0","0","RATE_PENDING","NONE","N/A","TRUE","TRUE","TRUE","TRUE"
"5cf7ecbc-d378-488f-b4ae-f916b4dc2348","HEM-0001","Complete Blood Count (CBC)","General Hematology","Hematology","Routine","FALSE","TRUE","TRUE","24","24","21","Automated Impedance / Colorimetry","Whole Blood (EDTA)","ANALYZER","24","27","0","0","400.00","CATALOGUE_RATE_VERSIONS","2026-09-17T02:24:52.225049+00:00","TRUE","TRUE","TRUE","TRUE"
"6ffc6f64-53dd-4244-88b0-a11842efd705","HEM-0002","Hemoglobin (Hb)","General Hematology","Hematology","Routine","FALSE","TRUE","TRUE","1","1","0","Automated Impedance / Colorimetry","Whole Blood (EDTA)","MANUAL","0","2","0","0","100.00","CATALOGUE_RATE_VERSIONS","2026-09-17T02:24:52.225666+00:00","TRUE","TRUE","TRUE","TRUE"
"1d701fb0-84e0-46bb-aa46-f67510c3059b","HEM-0003","Hematocrit (HCT/PCV)","General Hematology","Hematology","Routine","FALSE","TRUE","TRUE","1","1","0","Calculated (RBC x MCV / 10) / Centrifugation","EDTA Whole Blood","MANUAL","0","0","0","0","RATE_PENDING","NONE","N/A","TRUE","TRUE","TRUE","TRUE"
"be9c96cb-0ba2-40d8-ba8f-753e9b976576","HEM-0004","RBC Count","General Hematology","Hematology","Routine","FALSE","TRUE","TRUE","1","1","0","Automated Electrical Impedance","EDTA Whole Blood","MANUAL","0","0","0","0","300.00","CATALOGUE_RATE_VERSIONS","2026-09-18T12:20:51.538541+00:00","TRUE","TRUE","TRUE","TRUE"
"c2973de0-99d9-4735-ae8a-5ccb860f3fb1","HEM-0005","WBC Count / TLC","General Hematology","Hematology","Routine","FALSE","TRUE","TRUE","1","1","0","Automated Flow Cytometry / Impedance","EDTA Whole Blood","MANUAL","0","0","0","0","RATE_PENDING","NONE","N/A","TRUE","TRUE","TRUE","TRUE"
"9ee25d34-baa5-4ec8-a67d-93f2670aabea","HEM-0006","Platelet Count","General Hematology","Hematology","Routine","FALSE","TRUE","TRUE","1","1","0","Automated Electrical Impedance / Optical","EDTA Whole Blood","MANUAL","0","2","0","0","150.00","CATALOGUE_RATE_VERSIONS","2026-09-17T02:24:52.225689+00:00","TRUE","TRUE","TRUE","TRUE"
"5fc1fd8f-b497-4b23-a5a0-90eda78cf129","HEM-0007","MCV","General Hematology","Hematology","Routine","FALSE","TRUE","TRUE","1","1","0","Calculated (HCT x 10 / RBC)","EDTA Whole Blood","MANUAL","0","0","0","0","RATE_PENDING","NONE","N/A","TRUE","TRUE","TRUE","TRUE"
"3e2ab27a-d4e3-4c4e-ac01-9f7c7806247f","HEM-0008","MCH","General Hematology","Hematology","Routine","FALSE","TRUE","TRUE","1","1","0","Calculated (Hb x 10 / RBC)","EDTA Whole Blood","MANUAL","0","0","0","0","RATE_PENDING","NONE","N/A","TRUE","TRUE","TRUE","TRUE"
"4c2e89d0-d879-477b-b7f5-8414363c71bd","HEM-0009","MCHC","General Hematology","Hematology","Routine","FALSE","TRUE","TRUE","1","1","0","Calculated (Hb x 100 / HCT)","EDTA Whole Blood","MANUAL","0","0","0","0","RATE_PENDING","NONE","N/A","TRUE","TRUE","TRUE","TRUE"
"06edbf11-50a4-41b6-9d90-795f7560c7ac","HEM-0010","RDW-CV","General Hematology","Hematology","Routine","FALSE","TRUE","TRUE","1","1","0","Automated Impedance / Optical","EDTA Whole Blood","MANUAL","0","0","0","0","RATE_PENDING","NONE","N/A","TRUE","TRUE","TRUE","TRUE"
"11449343-bcac-42c7-87e0-28c5f0c8d713","HEM-0011","RDW-SD","General Hematology","Hematology","Routine","FALSE","TRUE","TRUE","1","1","0","Automated Optical / Impedance / Coagulation Analyzer","EDTA Whole Blood","MANUAL","0","0","0","0","RATE_PENDING","NONE","N/A","TRUE","TRUE","TRUE","TRUE"
"3c14285a-2191-45a4-94ee-41a9d1f0337d","HEM-0012","MPV","General Hematology","Hematology","Routine","FALSE","TRUE","TRUE","1","1","0","Automated Optical / Impedance / Coagulation Analyzer","EDTA Whole Blood","MANUAL","0","0","0","0","RATE_PENDING","NONE","N/A","TRUE","TRUE","TRUE","TRUE"
"21ee192e-91d3-48f1-bbd8-ec47bdce2813","HEM-0013","PDW","General Hematology","Hematology","Routine","FALSE","TRUE","TRUE","1","1","0","Automated Optical / Impedance / Coagulation Analyzer","EDTA Whole Blood","MANUAL","0","0","0","0","RATE_PENDING","NONE","N/A","TRUE","TRUE","TRUE","TRUE"
"afaf5fe5-9aa1-49d6-9706-eb42fe1c538c","HEM-0014","PCT (Plateletcrit)","General Hematology","Hematology","Routine","FALSE","TRUE","TRUE","1","1","0","Automated Optical / Impedance / Coagulation Analyzer","EDTA Whole Blood","MANUAL","0","0","0","0","RATE_PENDING","NONE","N/A","TRUE","TRUE","TRUE","TRUE"
"6af3aa48-99bd-4a59-aa1b-bd5a6805e7c6","HEM-0015","Neutrophil %","General Hematology","Hematology","Routine","FALSE","TRUE","TRUE","1","1","0","Automated Flow Cytometry / Manual Differential","EDTA Whole Blood","MANUAL","0","1","0","0","RATE_PENDING","NONE","N/A","TRUE","TRUE","TRUE","TRUE"
"ead47445-beff-472b-a9d8-0f702b9f5828","HEM-0016","Lymphocyte %","General Hematology","Hematology","Routine","FALSE","TRUE","TRUE","1","1","0","Automated Flow Cytometry / Manual Differential","EDTA Whole Blood","MANUAL","0","1","0","0","RATE_PENDING","NONE","N/A","TRUE","TRUE","TRUE","TRUE"
"3c1d919c-f960-450e-89f6-6d1e2b8f9dcf","HEM-0017","Monocyte %","General Hematology","Hematology","Routine","FALSE","TRUE","TRUE","1","1","0","Automated Flow Cytometry / Manual Differential","EDTA Whole Blood","MANUAL","0","1","0","0","RATE_PENDING","NONE","N/A","TRUE","TRUE","TRUE","TRUE"
"df5da3a1-31b5-453d-aa06-319496fc18b3","HEM-0018","Eosinophil %","General Hematology","Hematology","Routine","FALSE","TRUE","TRUE","1","1","0","Automated Flow Cytometry / Manual Differential","EDTA Whole Blood","MANUAL","0","1","0","0","RATE_PENDING","NONE","N/A","TRUE","TRUE","TRUE","TRUE"
"b9fc90fe-5913-4fa1-a3e1-33c807bb95b1","HEM-0019","Basophil %","General Hematology","Hematology","Routine","FALSE","TRUE","TRUE","1","1","0","Automated Flow Cytometry / Manual Differential","EDTA Whole Blood","MANUAL","0","1","0","0","RATE_PENDING","NONE","N/A","TRUE","TRUE","TRUE","TRUE"
"b2d170ca-a78d-4fce-a0c5-ce7233a77801","HEM-0020","Absolute Neutrophil Count","General Hematology","Hematology","Routine","FALSE","TRUE","TRUE","1","1","0","Calculated (WBC x Neutrophil% / 100)","EDTA Whole Blood","MANUAL","0","0","0","0","RATE_PENDING","NONE","N/A","TRUE","TRUE","TRUE","TRUE"
"49086d90-176c-4129-a3f0-c2fbf64755d7","HEM-0021","Absolute Lymphocyte Count","General Hematology","Hematology","Routine","FALSE","TRUE","TRUE","1","1","0","Calculated (WBC x Lymphocyte% / 100)","EDTA Whole Blood","MANUAL","0","0","0","0","RATE_PENDING","NONE","N/A","TRUE","TRUE","TRUE","TRUE"
"80d00995-249f-4f0b-9da3-039acfbd8062","HEM-0022","Absolute Eosinophil Count","General Hematology","Hematology","Routine","FALSE","TRUE","TRUE","1","1","0","Calculated (WBC x Eosinophil% / 100) / Direct Chamber","EDTA Whole Blood","MANUAL","0","0","0","0","RATE_PENDING","NONE","N/A","TRUE","TRUE","TRUE","TRUE"
"839a1fd6-c7f9-4c8e-aceb-d6f1f287b0e7","HEM-0023","Reticulocyte Count","General Hematology","Hematology","Routine","FALSE","TRUE","TRUE","1","1","0","Automated/Brilliant cresyl blue","EDTA Whole Blood","MANUAL","0","0","0","0","500.00","CATALOGUE_RATE_VERSIONS","2026-09-18T12:20:51.538558+00:00","TRUE","TRUE","TRUE","TRUE"
"69bbf231-5e45-4df0-8365-66a9b35c28c9","HEM-0024","Absolute Reticulocyte Count","General Hematology","Hematology","Routine","FALSE","TRUE","TRUE","1","1","0","Automated Optical / Impedance / Coagulation Analyzer","EDTA Whole Blood","MANUAL","0","0","0","0","RATE_PENDING","NONE","N/A","TRUE","TRUE","TRUE","TRUE"
"b3151567-8f89-4b94-a947-affac6b74b62","HEM-0025","Immature Reticulocyte Fraction","General Hematology","Hematology","Routine","FALSE","TRUE","TRUE","1","1","0","Automated Optical / Impedance / Coagulation Analyzer","EDTA Whole Blood","MANUAL","0","0","0","0","RATE_PENDING","NONE","N/A","TRUE","TRUE","TRUE","TRUE"
"7ddb5c00-fb59-4cd7-8e1f-466ad376e41d","HEM-0026","Peripheral Blood Smear","General Hematology","Hematology","Routine","FALSE","TRUE","TRUE","1","1","0","Microscopy","EDTA Whole Blood","MANUAL","0","0","0","0","300.00","CATALOGUE_RATE_VERSIONS","2026-09-17T02:24:52.225851+00:00","TRUE","TRUE","TRUE","TRUE"
"d68bcb16-6c68-47f3-82d8-68708a339b0b","HEM-0027","ESR (Westergren)","General Hematology","Hematology","Routine","FALSE","TRUE","TRUE","1","1","0","Westergren","Whole Blood (Sodium Citrate / EDTA)","MANUAL","0","4","0","0","100.00","CATALOGUE_RATE_VERSIONS","2026-09-17T02:24:52.225884+00:00","TRUE","TRUE","TRUE","TRUE"
"5ccafaec-cd92-4d15-8932-49169f015a92","HEM-0028","Malarial Parasite Smear","General Hematology","Hematology","Routine","FALSE","TRUE","TRUE","1","1","0","Thick/Thin smear microscopy","EDTA Whole Blood","MANUAL","0","0","0","0","RATE_PENDING","NONE","N/A","TRUE","TRUE","TRUE","TRUE"
"87b9e7c8-8296-4ea9-b66f-6c576c4dfd28","HEM-0029","Sickling Test","General Hematology","Hematology","Routine","FALSE","TRUE","TRUE","1","1","0","Sickling/solubility screen","EDTA Whole Blood","MANUAL","0","0","0","0","RATE_PENDING","NONE","N/A","TRUE","TRUE","TRUE","TRUE"
"dfbf8817-bfa5-4bfd-9b78-68dc8228fb5e","HEM-0030","Osmotic Fragility Test","General Hematology","Hematology","Routine","FALSE","TRUE","TRUE","1","1","0","Osmotic fragility","Heparinized/EDTA Whole Blood","MANUAL","0","0","0","0","RATE_PENDING","NONE","N/A","TRUE","TRUE","TRUE","TRUE"
"38ccd952-8cd8-4661-bb68-217746759f09","HEM-0031","G6PD Screen","General Hematology","Hematology","Routine","FALSE","TRUE","TRUE","1","1","0","Fluorescent spot/Quantitative enzyme assay","EDTA Whole Blood","MANUAL","0","0","0","0","RATE_PENDING","NONE","N/A","TRUE","TRUE","TRUE","TRUE"
"052e714e-0162-4acb-965f-72d7d60dba7a","HEM-0032","G6PD Quantitative","General Hematology","Hematology","Routine","FALSE","TRUE","TRUE","1","1","0","Enzymatic","EDTA Whole Blood","MANUAL","0","0","0","0","6000.00","CATALOGUE_RATE_VERSIONS","2026-09-18T12:20:51.539241+00:00","TRUE","TRUE","TRUE","TRUE"
"a804f8b9-57ee-4c8e-af4e-6b778f58bc29","HEM-0033","Hb Electrophoresis","General Hematology","Hematology","Routine","FALSE","TRUE","TRUE","1","1","0","HPLC/Capillary electrophoresis","EDTA Whole Blood","MANUAL","0","0","0","0","RATE_PENDING","NONE","N/A","TRUE","TRUE","TRUE","TRUE"
"993ad7f1-639b-4ade-a374-7e417e3f375a","HEM-0034","HbA2","General Hematology","Hematology","Routine","FALSE","TRUE","TRUE","1","1","0","HPLC/Capillary electrophoresis","EDTA Whole Blood","MANUAL","0","0","0","0","RATE_PENDING","NONE","N/A","TRUE","TRUE","TRUE","TRUE"
"d07db999-1ae1-46bd-8bb9-b638b1f2d467","HEM-0035","HbF","General Hematology","Hematology","Routine","FALSE","TRUE","TRUE","1","1","0","HPLC/Capillary electrophoresis","EDTA Whole Blood","MANUAL","0","0","0","0","RATE_PENDING","NONE","N/A","TRUE","TRUE","TRUE","TRUE"
"08139545-a082-4620-bd1f-deead1b6a24b","HEM-0036","Heinz Bodies","General Hematology","Hematology","Routine","FALSE","TRUE","TRUE","1","1","0","Supravital stain","EDTA Whole Blood","MANUAL","0","0","0","0","RATE_PENDING","NONE","N/A","TRUE","TRUE","TRUE","TRUE"
"b9c27c5c-534d-49df-9e62-3550fb39f527","HEM-0037","Bone Marrow Aspiration Examination","General Hematology","Hematology","Routine","FALSE","TRUE","TRUE","1","1","0","Microscopy","Bone marrow aspirate","MANUAL","0","0","0","0","6000.00","CATALOGUE_RATE_VERSIONS","2026-09-18T12:20:51.539327+00:00","TRUE","TRUE","TRUE","TRUE"
"b9e46c43-acc9-4b82-887d-a68946b2e872","HEM-0038","Bone Marrow Biopsy Examination","General Hematology","Hematology","Routine","FALSE","TRUE","TRUE","1","1","0","Histopathology","Bone marrow trephine","MANUAL","0","0","0","0","RATE_PENDING","NONE","N/A","TRUE","TRUE","TRUE","TRUE"
"5cd0aeed-cd3e-438f-a303-ad4f60ef30e1","HEM-0039","Manual Differential Count","Morphology / Transfusion","Hematology","Routine","FALSE","TRUE","TRUE","1","1","0","Configure per analyzer/SOP","EDTA Whole Blood / Serum as applicable","MANUAL","0","0","0","0","400.00","CATALOGUE_RATE_VERSIONS","2026-09-18T12:20:51.538518+00:00","TRUE","TRUE","TRUE","TRUE"
"341d7052-b1ef-4ec4-8718-768aa4fe6e7d","HEM-0040","Nucleated RBC Count","Morphology / Transfusion","Hematology","Routine","FALSE","TRUE","TRUE","1","1","0","Configure per analyzer/SOP","EDTA Whole Blood / Serum as applicable","MANUAL","0","0","0","0","RATE_PENDING","NONE","N/A","TRUE","TRUE","TRUE","TRUE"
"c2002bcd-4fcd-4b63-bcbf-f4314b681302","HEM-0041","Immature Granulocyte Count","Morphology / Transfusion","Hematology","Routine","FALSE","TRUE","TRUE","1","1","0","Configure per analyzer/SOP","EDTA Whole Blood / Serum as applicable","MANUAL","0","0","0","0","RATE_PENDING","NONE","N/A","TRUE","TRUE","TRUE","TRUE"
"75bde57a-ec7d-41b9-ab63-d656b327e43b","HEM-0042","Immature Granulocyte %","Morphology / Transfusion","Hematology","Routine","FALSE","TRUE","TRUE","1","1","0","Configure per analyzer/SOP","EDTA Whole Blood / Serum as applicable","MANUAL","0","0","0","0","RATE_PENDING","NONE","N/A","TRUE","TRUE","TRUE","TRUE"
"be388665-774f-4932-a2c4-270c5424e057","HEM-0043","Large Unstained Cells","Morphology / Transfusion","Hematology","Routine","FALSE","TRUE","TRUE","1","1","0","Configure per analyzer/SOP","EDTA Whole Blood / Serum as applicable","MANUAL","0","0","0","0","RATE_PENDING","NONE","N/A","TRUE","TRUE","TRUE","TRUE"
"2cccf73a-dcc1-45e8-8205-f6a0bb2aa5f9","HEM-0044","Platelet Estimate on Smear","Morphology / Transfusion","Hematology","Routine","FALSE","TRUE","TRUE","1","1","0","Configure per analyzer/SOP","EDTA Whole Blood / Serum as applicable","MANUAL","0","0","0","0","RATE_PENDING","NONE","N/A","TRUE","TRUE","TRUE","TRUE"
"e0393bc4-f113-44b4-ad73-cdbdf851908d","HEM-0045","RBC Morphology Review","Morphology / Transfusion","Hematology","Routine","FALSE","TRUE","TRUE","1","1","0","Configure per analyzer/SOP","EDTA Whole Blood / Serum as applicable","MANUAL","0","0","0","0","RATE_PENDING","NONE","N/A","TRUE","TRUE","TRUE","TRUE"
"a72312d3-dd23-48a4-86cd-d845ba544d40","HEM-0046","WBC Morphology Review","Morphology / Transfusion","Hematology","Routine","FALSE","TRUE","TRUE","1","1","0","Configure per analyzer/SOP","EDTA Whole Blood / Serum as applicable","MANUAL","0","0","0","0","RATE_PENDING","NONE","N/A","TRUE","TRUE","TRUE","TRUE"
"2127b1ba-fc45-4b5a-b08a-fbc7e5792ab7","HEM-0047","Platelet Morphology Review","Morphology / Transfusion","Hematology","Routine","FALSE","TRUE","TRUE","1","1","0","Configure per analyzer/SOP","EDTA Whole Blood / Serum as applicable","MANUAL","0","0","0","0","RATE_PENDING","NONE","N/A","TRUE","TRUE","TRUE","TRUE"
"af7a6094-f18f-4b10-a8e0-4a1e7364275d","HEM-0048","Microfilaria Detection in Blood","Morphology / Transfusion","Hematology","Routine","FALSE","TRUE","TRUE","1","1","0","Configure per analyzer/SOP","EDTA Whole Blood / Serum as applicable","MANUAL","0","0","0","0","RATE_PENDING","NONE","N/A","TRUE","TRUE","TRUE","TRUE"
"c82dc4f8-ae3c-41d1-af40-352b903d01a6","HEM-0049","Blood Parasite Examination","Morphology / Transfusion","Hematology","Routine","FALSE","TRUE","TRUE","1","1","0","Configure per analyzer/SOP","EDTA Whole Blood / Serum as applicable","MANUAL","0","0","0","0","RATE_PENDING","NONE","N/A","TRUE","TRUE","TRUE","TRUE"
"81fae218-9dfe-413b-89a9-4bb11a99bbdf","HEM-0050","Hemoglobin H Inclusion Body Test","Morphology / Transfusion","Hematology","Routine","FALSE","TRUE","TRUE","1","1","0","Configure per analyzer/SOP","EDTA Whole Blood / Serum as applicable","MANUAL","0","0","0","0","RATE_PENDING","NONE","N/A","TRUE","TRUE","TRUE","TRUE"
"77618c7e-d844-4a47-bdcd-6b553262101d","HEM-0051","Kleihauer-Betke Test","Morphology / Transfusion","Hematology","Routine","FALSE","TRUE","TRUE","1","1","0","Configure per analyzer/SOP","EDTA Whole Blood / Serum as applicable","MANUAL","0","0","0","0","RATE_PENDING","NONE","N/A","TRUE","TRUE","TRUE","TRUE"
"e3c345b7-6d4d-4f27-8870-57d570d66153","HEM-0052","Fetal Hemoglobin Screen","Morphology / Transfusion","Hematology","Routine","FALSE","TRUE","TRUE","1","1","0","Configure per analyzer/SOP","EDTA Whole Blood / Serum as applicable","MANUAL","0","0","0","0","RATE_PENDING","NONE","N/A","TRUE","TRUE","TRUE","TRUE"
"76ded7be-c657-4d74-b46f-6af161a2c7aa","HEM-0053","Cold Agglutinin Titer","Morphology / Transfusion","Hematology","Routine","FALSE","TRUE","TRUE","1","1","0","Configure per analyzer/SOP","EDTA Whole Blood / Serum as applicable","MANUAL","0","0","0","0","RATE_PENDING","NONE","N/A","TRUE","TRUE","TRUE","TRUE"
"5ad915bf-705f-4d1c-a94c-ca9d56910a45","HEM-0054","Direct Antiglobulin Test (DAT/Direct Coombs)","Morphology / Transfusion","Hematology","Routine","FALSE","TRUE","TRUE","1","1","0","Configure per analyzer/SOP","EDTA Whole Blood / Serum as applicable","MANUAL","0","0","0","0","RATE_PENDING","NONE","N/A","TRUE","TRUE","TRUE","TRUE"
"07c71a6a-4707-4339-bdb5-ea033d414cdc","HEM-0055","Indirect Antiglobulin Test (IAT/Indirect Coombs)","Morphology / Transfusion","Hematology","Routine","FALSE","TRUE","TRUE","1","1","0","Configure per analyzer/SOP","EDTA Whole Blood / Serum as applicable","MANUAL","0","0","0","0","RATE_PENDING","NONE","N/A","TRUE","TRUE","TRUE","TRUE"
"cac1f4d8-7fef-4827-b9ff-8591b6348655","HEM-0056","Blood Group ABO","Morphology / Transfusion","Hematology","Routine","FALSE","TRUE","TRUE","1","1","0","Configure per analyzer/SOP","EDTA Whole Blood / Serum as applicable","MANUAL","0","0","0","0","RATE_PENDING","NONE","N/A","TRUE","TRUE","TRUE","TRUE"
"bf3c606d-0ade-41da-b503-5c70d7ed2014","HEM-0057","Rh(D) Typing","Morphology / Transfusion","Hematology","Routine","FALSE","TRUE","TRUE","1","1","0","Configure per analyzer/SOP","EDTA Whole Blood / Serum as applicable","MANUAL","0","0","0","0","RATE_PENDING","NONE","N/A","TRUE","TRUE","TRUE","TRUE"
"1edfe52d-6cce-4793-ad0e-4e8ed16ee2b3","HEM-0058","ABO & Rh Typing","Morphology / Transfusion","Hematology","Routine","FALSE","TRUE","TRUE","1","1","0","Configure per analyzer/SOP","EDTA Whole Blood / Serum as applicable","MANUAL","0","0","0","0","100.00","CATALOGUE_RATE_VERSIONS","2026-09-18T12:20:51.538574+00:00","TRUE","TRUE","TRUE","TRUE"
"14bd2b42-c10d-4561-a731-50cdeeb38cd5","HEM-0059","Antibody Screen","Morphology / Transfusion","Hematology","Routine","FALSE","TRUE","TRUE","1","1","0","Configure per analyzer/SOP","EDTA Whole Blood / Serum as applicable","MANUAL","0","0","0","0","RATE_PENDING","NONE","N/A","TRUE","TRUE","TRUE","TRUE"
"06d6cfe4-af0f-49b1-b385-67c75d284f3d","HEM-0060","Antibody Identification Panel","Morphology / Transfusion","Hematology","Routine","FALSE","TRUE","TRUE","1","1","0","Configure per analyzer/SOP","EDTA Whole Blood / Serum as applicable","MANUAL","0","0","0","0","RATE_PENDING","NONE","N/A","TRUE","TRUE","TRUE","TRUE"
"ee02b1c8-4dc2-4ee6-a8ee-2f850863ae60","HEM-0061","Crossmatch (Major)","Morphology / Transfusion","Hematology","Routine","FALSE","TRUE","TRUE","1","1","0","Configure per analyzer/SOP","EDTA Whole Blood / Serum as applicable","MANUAL","0","0","0","0","RATE_PENDING","NONE","N/A","TRUE","TRUE","TRUE","TRUE"
"ba56d522-b063-4cd1-982d-390f0255ff02","HEM-0062","Crossmatch (Minor)","Morphology / Transfusion","Hematology","Routine","FALSE","TRUE","TRUE","1","1","0","Configure per analyzer/SOP","EDTA Whole Blood / Serum as applicable","MANUAL","0","0","0","0","RATE_PENDING","NONE","N/A","TRUE","TRUE","TRUE","TRUE"
"e9f3582c-4ae7-4d67-b636-8ed682835182","HEM-0063","Red Cell Phenotyping","Morphology / Transfusion","Hematology","Routine","FALSE","TRUE","TRUE","1","1","0","Configure per analyzer/SOP","EDTA Whole Blood / Serum as applicable","MANUAL","0","0","0","0","RATE_PENDING","NONE","N/A","TRUE","TRUE","TRUE","TRUE"
"562a3268-30a5-44dc-9661-c0f1e239f115","HEM-0064","Weak D Test","Morphology / Transfusion","Hematology","Routine","FALSE","TRUE","TRUE","1","1","0","Configure per analyzer/SOP","EDTA Whole Blood / Serum as applicable","MANUAL","0","0","0","0","RATE_PENDING","NONE","N/A","TRUE","TRUE","TRUE","TRUE"
"5cf9b3be-d268-44b9-9be0-246be7438a4c","HEM-0065","Rh Antibody Titer","Morphology / Transfusion","Hematology","Routine","FALSE","TRUE","TRUE","1","1","0","Configure per analyzer/SOP","EDTA Whole Blood / Serum as applicable","MANUAL","0","0","0","0","RATE_PENDING","NONE","N/A","TRUE","TRUE","TRUE","TRUE"
"cd22647a-affd-4c83-9408-ff7c92511055","HEM-0066","Isohemagglutinin Titer","Morphology / Transfusion","Hematology","Routine","FALSE","TRUE","TRUE","1","1","0","Configure per analyzer/SOP","EDTA Whole Blood / Serum as applicable","MANUAL","0","0","0","0","RATE_PENDING","NONE","N/A","TRUE","TRUE","TRUE","TRUE"
"b39bdc02-7531-4e92-86ad-f231a83bccd9","HEM-0067","Donor Hemoglobin","Morphology / Transfusion","Hematology","Routine","FALSE","TRUE","TRUE","1","1","0","Configure per analyzer/SOP","EDTA Whole Blood / Serum as applicable","MANUAL","0","0","0","0","RATE_PENDING","NONE","N/A","TRUE","TRUE","TRUE","TRUE"
"82152f09-e6da-4b35-b10d-ebbb4980bb7d","HEM-0068","Donor CBC","Morphology / Transfusion","Hematology","Routine","FALSE","TRUE","TRUE","1","1","0","Configure per analyzer/SOP","EDTA Whole Blood / Serum as applicable","MANUAL","0","0","0","0","RATE_PENDING","NONE","N/A","TRUE","TRUE","TRUE","TRUE"
"f2c1b153-a2ea-4ca9-81f6-45d6c6acb16b","HEM-0069","Platelet Count Post Transfusion","Morphology / Transfusion","Hematology","Routine","FALSE","TRUE","TRUE","1","1","0","Configure per analyzer/SOP","EDTA Whole Blood / Serum as applicable","MANUAL","0","0","0","0","RATE_PENDING","NONE","N/A","TRUE","TRUE","TRUE","TRUE"
"a2de3715-6bb3-42c6-9f2f-fc3dbf7bca56","HEM-0070","Acute Leukemia Screening Panel","Flow Cytometry","Hematology","Routine","FALSE","TRUE","TRUE","1","1","0","Multiparameter flow cytometry","EDTA/Heparin Blood or Bone Marrow","MANUAL","0","0","0","0","RATE_PENDING","NONE","N/A","TRUE","TRUE","TRUE","TRUE"
"ac8fe9ed-524a-4034-aa8a-8df7d4416b26","HEM-0071","AML Flow Cytometry Panel","Flow Cytometry","Hematology","Routine","FALSE","TRUE","TRUE","1","1","0","Multiparameter flow cytometry","EDTA/Heparin Blood or Bone Marrow","MANUAL","0","0","0","0","RATE_PENDING","NONE","N/A","TRUE","TRUE","TRUE","TRUE"
"8811c79f-d229-46ed-9c22-53797f3d0f22","HEM-0072","B-ALL Flow Cytometry Panel","Flow Cytometry","Hematology","Routine","FALSE","TRUE","TRUE","1","1","0","Multiparameter flow cytometry","EDTA/Heparin Blood or Bone Marrow","MANUAL","0","0","0","0","RATE_PENDING","NONE","N/A","TRUE","TRUE","TRUE","TRUE"
"f59dd2f0-b908-40cd-a45a-539290bae1c4","HEM-0073","T-ALL Flow Cytometry Panel","Flow Cytometry","Hematology","Routine","FALSE","TRUE","TRUE","1","1","0","Multiparameter flow cytometry","EDTA/Heparin Blood or Bone Marrow","MANUAL","0","0","0","0","RATE_PENDING","NONE","N/A","TRUE","TRUE","TRUE","TRUE"
"7298bb98-5c26-4bdf-af8f-9214b6507873","HEM-0074","CLL Flow Cytometry Panel","Flow Cytometry","Hematology","Routine","FALSE","TRUE","TRUE","1","1","0","Multiparameter flow cytometry","EDTA/Heparin Blood or Bone Marrow","MANUAL","0","0","0","0","RATE_PENDING","NONE","N/A","TRUE","TRUE","TRUE","TRUE"
"452e978f-bf8e-4721-8864-6a5e1cb72546","HEM-0075","Lymphoma Flow Cytometry Panel","Flow Cytometry","Hematology","Routine","FALSE","TRUE","TRUE","1","1","0","Multiparameter flow cytometry","EDTA/Heparin Blood or Bone Marrow","MANUAL","0","0","0","0","RATE_PENDING","NONE","N/A","TRUE","TRUE","TRUE","TRUE"
"d52f9105-9c5e-4dfb-a888-2059f0c07f04","HEM-0076","Plasma Cell Myeloma Flow Panel","Flow Cytometry","Hematology","Routine","FALSE","TRUE","TRUE","1","1","0","Multiparameter flow cytometry","EDTA/Heparin Blood or Bone Marrow","MANUAL","0","0","0","0","RATE_PENDING","NONE","N/A","TRUE","TRUE","TRUE","TRUE"
"0863a96e-156c-4d6d-83bc-0e21ff329cdd","HEM-0077","PNH Flow Cytometry Panel","Flow Cytometry","Hematology","Routine","FALSE","TRUE","TRUE","1","1","0","Multiparameter flow cytometry","EDTA/Heparin Blood or Bone Marrow","MANUAL","0","0","0","0","RATE_PENDING","NONE","N/A","TRUE","TRUE","TRUE","TRUE"
"3cb1f326-b9b8-4459-a61d-e0e4b75a6ede","HEM-0078","CD4 Count","Flow Cytometry","Hematology","Routine","FALSE","TRUE","TRUE","1","1","0","Multiparameter flow cytometry","EDTA/Heparin Blood or Bone Marrow","MANUAL","0","0","0","0","RATE_PENDING","NONE","N/A","TRUE","TRUE","TRUE","TRUE"
"3a5a4afb-1ba0-455e-b6db-2825ddbe2e9d","HEM-0079","CD8 Count","Flow Cytometry","Hematology","Routine","FALSE","TRUE","TRUE","1","1","0","Multiparameter flow cytometry","EDTA/Heparin Blood or Bone Marrow","MANUAL","0","0","0","0","RATE_PENDING","NONE","N/A","TRUE","TRUE","TRUE","TRUE"
"93ac1726-105c-4f50-861a-bed82fddef91","HEM-0080","CD4/CD8 Ratio","Flow Cytometry","Hematology","Routine","FALSE","TRUE","TRUE","1","1","0","Multiparameter flow cytometry","EDTA/Heparin Blood or Bone Marrow","MANUAL","0","0","0","0","RATE_PENDING","NONE","N/A","TRUE","TRUE","TRUE","TRUE"
"e8ad445a-00b6-4065-81b7-5e9c841cd25f","HEM-0081","CD3 Count","Flow Cytometry","Hematology","Routine","FALSE","TRUE","TRUE","1","1","0","Multiparameter flow cytometry","EDTA/Heparin Blood or Bone Marrow","MANUAL","0","0","0","0","RATE_PENDING","NONE","N/A","TRUE","TRUE","TRUE","TRUE"
"70fbaf00-7597-4523-9f1a-9e46b8a8cf73","HEM-0082","CD19 Count","Flow Cytometry","Hematology","Routine","FALSE","TRUE","TRUE","1","1","0","Multiparameter flow cytometry","EDTA/Heparin Blood or Bone Marrow","MANUAL","0","0","0","0","RATE_PENDING","NONE","N/A","TRUE","TRUE","TRUE","TRUE"
"73c14248-acd7-4810-a8cc-cd0d4bf18572","HEM-0083","CD20 Count","Flow Cytometry","Hematology","Routine","FALSE","TRUE","TRUE","1","1","0","Multiparameter flow cytometry","EDTA/Heparin Blood or Bone Marrow","MANUAL","0","0","0","0","RATE_PENDING","NONE","N/A","TRUE","TRUE","TRUE","TRUE"
"9fbd1bad-1bc3-46d3-8e3a-58aa604e1695","HEM-0084","CD16/56 NK Cell Count","Flow Cytometry","Hematology","Routine","FALSE","TRUE","TRUE","1","1","0","Multiparameter flow cytometry","EDTA/Heparin Blood or Bone Marrow","MANUAL","0","0","0","0","RATE_PENDING","NONE","N/A","TRUE","TRUE","TRUE","TRUE"
"08bcdbee-f524-42fb-954e-d3fca7ec1e92","HEM-0085","CD34 Stem Cell Count","Flow Cytometry","Hematology","Routine","FALSE","TRUE","TRUE","1","1","0","Multiparameter flow cytometry","EDTA/Heparin Blood or Bone Marrow","MANUAL","0","0","0","0","RATE_PENDING","NONE","N/A","TRUE","TRUE","TRUE","TRUE"
"f7339f49-0ddd-4a1c-920f-b0e0bca10e39","HEM-0086","Reticulocyte Flow Cytometry","Flow Cytometry","Hematology","Routine","FALSE","TRUE","TRUE","1","1","0","Multiparameter flow cytometry","EDTA/Heparin Blood or Bone Marrow","MANUAL","0","0","0","0","RATE_PENDING","NONE","N/A","TRUE","TRUE","TRUE","TRUE"
"1772e89b-8b8b-4987-8568-278d7c476d21","HEM-0087","Platelet Glycoprotein Analysis","Flow Cytometry","Hematology","Routine","FALSE","TRUE","TRUE","1","1","0","Multiparameter flow cytometry","EDTA/Heparin Blood or Bone Marrow","MANUAL","0","0","0","0","RATE_PENDING","NONE","N/A","TRUE","TRUE","TRUE","TRUE"
"2dbfd2bf-f474-46ad-ac5f-1aa04b3504c3","HEM-0088","HLA-B27 by Flow Cytometry","Flow Cytometry","Hematology","Routine","FALSE","TRUE","TRUE","1","1","0","Multiparameter flow cytometry","EDTA/Heparin Blood or Bone Marrow","MANUAL","0","0","0","0","RATE_PENDING","NONE","N/A","TRUE","TRUE","TRUE","TRUE"
"ab1926b7-4830-4ff5-8cd9-7d7f84c6ce8a","HEM-0089","Minimal Residual Disease - B-ALL","Flow Cytometry","Hematology","Routine","FALSE","TRUE","TRUE","1","1","0","Multiparameter flow cytometry","EDTA/Heparin Blood or Bone Marrow","MANUAL","0","0","0","0","RATE_PENDING","NONE","N/A","TRUE","TRUE","TRUE","TRUE"
"732f486f-df33-44e6-9da8-25b73aa0891c","HEM-0090","Minimal Residual Disease - T-ALL","Flow Cytometry","Hematology","Routine","FALSE","TRUE","TRUE","1","1","0","Multiparameter flow cytometry","EDTA/Heparin Blood or Bone Marrow","MANUAL","0","0","0","0","RATE_PENDING","NONE","N/A","TRUE","TRUE","TRUE","TRUE"
"9d8ecb9c-90e3-4a3f-93bb-bfca94963348","HEM-0091","Minimal Residual Disease - AML","Flow Cytometry","Hematology","Routine","FALSE","TRUE","TRUE","1","1","0","Multiparameter flow cytometry","EDTA/Heparin Blood or Bone Marrow","MANUAL","0","0","0","0","RATE_PENDING","NONE","N/A","TRUE","TRUE","TRUE","TRUE"
"6d039c6c-a903-41f2-95a5-c561b44094f8","HEM-0092","Minimal Residual Disease - Multiple Myeloma","Flow Cytometry","Hematology","Routine","FALSE","TRUE","TRUE","1","1","0","Multiparameter flow cytometry","EDTA/Heparin Blood or Bone Marrow","MANUAL","0","0","0","0","RATE_PENDING","NONE","N/A","TRUE","TRUE","TRUE","TRUE"
"c5d23d8b-9a94-400f-b544-18653fa98379","HEM-0093","Fetal RBC Detection by Flow Cytometry","Flow Cytometry","Hematology","Routine","FALSE","TRUE","TRUE","1","1","0","Multiparameter flow cytometry","EDTA/Heparin Blood or Bone Marrow","MANUAL","0","0","0","0","RATE_PENDING","NONE","N/A","TRUE","TRUE","TRUE","TRUE"
"dbe29722-48d6-4d68-8ecd-cb5cd5a2ccf1","HIS-0001","Small Biopsy Histopathology","Surgical Pathology","Histopathology","Routine","FALSE","TRUE","TRUE","1","1","0","Grossing + H&E histopathology","Tissue","MANUAL","0","0","0","0","2500.00","CATALOGUE_RATE_VERSIONS","2026-09-18T12:20:51.540297+00:00","TRUE","TRUE","TRUE","TRUE"
"248137c7-813f-4d6c-b792-2fb808de0ecc","HIS-0002","Medium Biopsy Histopathology","Surgical Pathology","Histopathology","Routine","FALSE","TRUE","TRUE","1","1","0","Grossing + H&E histopathology","Tissue","MANUAL","0","0","0","0","3500.00","CATALOGUE_RATE_VERSIONS","2026-09-18T12:20:51.54034+00:00","TRUE","TRUE","TRUE","TRUE"
"a5f529ba-5c50-4d86-ada7-5be7129ae7ae","HIS-0003","Large Specimen Histopathology","Surgical Pathology","Histopathology","Routine","FALSE","TRUE","TRUE","1","1","0","Grossing + H&E histopathology","Tissue","MANUAL","0","0","0","0","5000.00","CATALOGUE_RATE_VERSIONS","2026-09-18T12:20:51.540359+00:00","TRUE","TRUE","TRUE","TRUE"
"13572370-70ef-41f5-8664-e352bcc9e843","HIS-0004","GI Endoscopic Biopsy","Surgical Pathology","Histopathology","Routine","FALSE","TRUE","TRUE","1","1","0","Grossing + H&E histopathology","Tissue","MANUAL","0","0","0","0","RATE_PENDING","NONE","N/A","TRUE","TRUE","TRUE","TRUE"
"fecdbcf9-bcda-4c8a-b431-dd7beb957443","HIS-0005","Skin Biopsy","Surgical Pathology","Histopathology","Routine","FALSE","TRUE","TRUE","1","1","0","Grossing + H&E histopathology","Tissue","MANUAL","0","0","0","0","RATE_PENDING","NONE","N/A","TRUE","TRUE","TRUE","TRUE"
"546347a3-7352-437d-81b8-2c8785b8c4a5","HIS-0006","Lymph Node Biopsy","Surgical Pathology","Histopathology","Routine","FALSE","TRUE","TRUE","1","1","0","Grossing + H&E histopathology","Tissue","MANUAL","0","0","0","0","RATE_PENDING","NONE","N/A","TRUE","TRUE","TRUE","TRUE"
"c627239e-95df-480f-b727-e9bf53fcba16","HIS-0007","Breast Core Biopsy","Surgical Pathology","Histopathology","Routine","FALSE","TRUE","TRUE","1","1","0","Grossing + H&E histopathology","Tissue","MANUAL","0","0","0","0","RATE_PENDING","NONE","N/A","TRUE","TRUE","TRUE","TRUE"
"4e3f0057-b281-4271-99c8-95feba1f230e","HIS-0008","Prostate Core Biopsy","Surgical Pathology","Histopathology","Routine","FALSE","TRUE","TRUE","1","1","0","Grossing + H&E histopathology","Tissue","MANUAL","0","0","0","0","RATE_PENDING","NONE","N/A","TRUE","TRUE","TRUE","TRUE"
"72994189-fc9b-409e-ac5a-1cf1bf49d5ab","HIS-0009","Cervical Biopsy","Surgical Pathology","Histopathology","Routine","FALSE","TRUE","TRUE","1","1","0","Grossing + H&E histopathology","Tissue","MANUAL","0","0","0","0","RATE_PENDING","NONE","N/A","TRUE","TRUE","TRUE","TRUE"
"06212efa-2e5a-4379-98b7-dd41bb8c261c","HIS-0010","Endometrial Biopsy","Surgical Pathology","Histopathology","Routine","FALSE","TRUE","TRUE","1","1","0","Grossing + H&E histopathology","Tissue","MANUAL","0","0","0","0","RATE_PENDING","NONE","N/A","TRUE","TRUE","TRUE","TRUE"
"0d9f8d2e-da5b-46f3-94c6-a69ac93d420e","HIS-0011","Bone Biopsy","Surgical Pathology","Histopathology","Routine","FALSE","TRUE","TRUE","1","1","0","Grossing + H&E histopathology","Tissue","MANUAL","0","0","0","0","RATE_PENDING","NONE","N/A","TRUE","TRUE","TRUE","TRUE"
"8a32064b-6da5-4428-aadb-ad922c7d3e4d","HIS-0012","Liver Biopsy","Surgical Pathology","Histopathology","Routine","FALSE","TRUE","TRUE","1","1","0","Grossing + H&E histopathology","Tissue","MANUAL","0","0","0","0","RATE_PENDING","NONE","N/A","TRUE","TRUE","TRUE","TRUE"
"e0a80a01-2bd4-4836-975e-e90ccebba702","HIS-0013","Kidney Biopsy","Surgical Pathology","Histopathology","Routine","FALSE","TRUE","TRUE","1","1","0","Grossing + H&E histopathology","Tissue","MANUAL","0","0","0","0","RATE_PENDING","NONE","N/A","TRUE","TRUE","TRUE","TRUE"
"fd0f9adb-a3c8-4e58-93c0-76c0a51b1c9b","HIS-0014","Lung Biopsy","Surgical Pathology","Histopathology","Routine","FALSE","TRUE","TRUE","1","1","0","Grossing + H&E histopathology","Tissue","MANUAL","0","0","0","0","RATE_PENDING","NONE","N/A","TRUE","TRUE","TRUE","TRUE"
"3729d3f8-9c50-4fae-b40a-635d34f43822","HIS-0015","Brain/CNS Biopsy","Surgical Pathology","Histopathology","Routine","FALSE","TRUE","TRUE","1","1","0","Grossing + H&E histopathology","Tissue","MANUAL","0","0","0","0","RATE_PENDING","NONE","N/A","TRUE","TRUE","TRUE","TRUE"
"7dc6d7d3-1933-4840-b819-3a4aee1d9da4","HIS-0016","Oral Cavity Biopsy","Surgical Pathology","Histopathology","Routine","FALSE","TRUE","TRUE","1","1","0","Grossing + H&E histopathology","Tissue","MANUAL","0","0","0","0","RATE_PENDING","NONE","N/A","TRUE","TRUE","TRUE","TRUE"
"e09dcd24-ae29-42f5-9ae1-bb6f62ab612a","HIS-0017","Bladder Biopsy","Surgical Pathology","Histopathology","Routine","FALSE","TRUE","TRUE","1","1","0","Grossing + H&E histopathology","Tissue","MANUAL","0","0","0","0","RATE_PENDING","NONE","N/A","TRUE","TRUE","TRUE","TRUE"
"69fca51a-4fe9-476b-bd0c-356f9052e6c0","HIS-0018","Thyroid Biopsy Histology","Surgical Pathology","Histopathology","Routine","FALSE","TRUE","TRUE","1","1","0","Grossing + H&E histopathology","Tissue","MANUAL","0","0","0","0","RATE_PENDING","NONE","N/A","TRUE","TRUE","TRUE","TRUE"
"c40a7c38-1a57-478d-80b9-ee0895432082","HIS-0019","Appendix Histopathology","Surgical Pathology","Histopathology","Routine","FALSE","TRUE","TRUE","1","1","0","Grossing + H&E histopathology","Tissue","MANUAL","0","0","0","0","RATE_PENDING","NONE","N/A","TRUE","TRUE","TRUE","TRUE"
"9a2fb8e4-4afe-4bf0-952d-86f96a3799b5","HIS-0020","Gallbladder Histopathology","Surgical Pathology","Histopathology","Routine","FALSE","TRUE","TRUE","1","1","0","Grossing + H&E histopathology","Tissue","MANUAL","0","0","0","0","RATE_PENDING","NONE","N/A","TRUE","TRUE","TRUE","TRUE"
"c0d3f56f-8e08-499c-bb87-805f1d0f0f7a","HIS-0021","Uterus Histopathology","Surgical Pathology","Histopathology","Routine","FALSE","TRUE","TRUE","1","1","0","Grossing + H&E histopathology","Tissue","MANUAL","0","0","0","0","RATE_PENDING","NONE","N/A","TRUE","TRUE","TRUE","TRUE"
"eb5b950f-0768-4a1a-b442-72125c972b0f","HIS-0022","Ovary Histopathology","Surgical Pathology","Histopathology","Routine","FALSE","TRUE","TRUE","1","1","0","Grossing + H&E histopathology","Tissue","MANUAL","0","0","0","0","RATE_PENDING","NONE","N/A","TRUE","TRUE","TRUE","TRUE"
"61413d17-2160-485e-894f-dc42ca4fa352","HIS-0023","Placenta Histopathology","Surgical Pathology","Histopathology","Routine","FALSE","TRUE","TRUE","1","1","0","Grossing + H&E histopathology","Tissue","MANUAL","0","0","0","0","RATE_PENDING","NONE","N/A","TRUE","TRUE","TRUE","TRUE"
"4615415b-a60f-4073-b586-235c2feb0f9a","HIS-0024","Resection Specimen - Colon","Surgical Pathology","Histopathology","Routine","FALSE","TRUE","TRUE","1","1","0","Grossing + H&E histopathology","Tissue","MANUAL","0","0","0","0","RATE_PENDING","NONE","N/A","TRUE","TRUE","TRUE","TRUE"
"396365de-0aaa-403d-9e27-68a9695adeb3","HIS-0025","Resection Specimen - Stomach","Surgical Pathology","Histopathology","Routine","FALSE","TRUE","TRUE","1","1","0","Grossing + H&E histopathology","Tissue","MANUAL","0","0","0","0","RATE_PENDING","NONE","N/A","TRUE","TRUE","TRUE","TRUE"
"ccb077d5-fe01-4316-ba3a-da32fd235b09","HIS-0026","Resection Specimen - Breast","Surgical Pathology","Histopathology","Routine","FALSE","TRUE","TRUE","1","1","0","Grossing + H&E histopathology","Tissue","MANUAL","0","0","0","0","RATE_PENDING","NONE","N/A","TRUE","TRUE","TRUE","TRUE"
"05c312a0-5540-41dc-b85a-e241696ff03a","HIS-0027","Resection Specimen - Lung","Surgical Pathology","Histopathology","Routine","FALSE","TRUE","TRUE","1","1","0","Grossing + H&E histopathology","Tissue","MANUAL","0","0","0","0","RATE_PENDING","NONE","N/A","TRUE","TRUE","TRUE","TRUE"
"5151f5f2-9d2b-4384-b79e-5efc9acaf58d","HIS-0028","Resection Specimen - Kidney","Surgical Pathology","Histopathology","Routine","FALSE","TRUE","TRUE","1","1","0","Grossing + H&E histopathology","Tissue","MANUAL","0","0","0","0","RATE_PENDING","NONE","N/A","TRUE","TRUE","TRUE","TRUE"
"2ea79168-f81a-43c2-8564-df6f6e8336b2","HIS-0029","Resection Specimen - Prostate","Surgical Pathology","Histopathology","Routine","FALSE","TRUE","TRUE","1","1","0","Grossing + H&E histopathology","Tissue","MANUAL","0","0","0","0","RATE_PENDING","NONE","N/A","TRUE","TRUE","TRUE","TRUE"
"52a9ce10-be99-4a99-9303-f436db73d459","HIS-0030","Resection Specimen - Bladder","Surgical Pathology","Histopathology","Routine","FALSE","TRUE","TRUE","1","1","0","Grossing + H&E histopathology","Tissue","MANUAL","0","0","0","0","RATE_PENDING","NONE","N/A","TRUE","TRUE","TRUE","TRUE"
"0ccd80bc-023e-4cf4-b481-1117392ef9dc","HIS-0031","Resection Specimen - Head & Neck","Surgical Pathology","Histopathology","Routine","FALSE","TRUE","TRUE","1","1","0","Grossing + H&E histopathology","Tissue","MANUAL","0","0","0","0","RATE_PENDING","NONE","N/A","TRUE","TRUE","TRUE","TRUE"
"382bc46c-26be-4358-8162-f910a13609fa","HIS-0032","Resection Specimen - Soft Tissue","Surgical Pathology","Histopathology","Routine","FALSE","TRUE","TRUE","1","1","0","Grossing + H&E histopathology","Tissue","MANUAL","0","0","0","0","RATE_PENDING","NONE","N/A","TRUE","TRUE","TRUE","TRUE"
"7f464b02-b877-4149-9532-0589dd35522f","HIS-0033","IHC - ER","Immunohistochemistry","Histopathology","Routine","FALSE","TRUE","TRUE","1","1","0","Immunohistochemistry","FFPE tissue block","MANUAL","0","0","0","0","RATE_PENDING","NONE","N/A","TRUE","TRUE","TRUE","TRUE"
"e227c4b2-ee3e-43cf-b184-1d7d15801f2e","HIS-0034","IHC - PR","Immunohistochemistry","Histopathology","Routine","FALSE","TRUE","TRUE","1","1","0","Immunohistochemistry","FFPE tissue block","MANUAL","0","0","0","0","RATE_PENDING","NONE","N/A","TRUE","TRUE","TRUE","TRUE"
"823a7177-15fe-46af-85b8-a3253789bad0","HIS-0035","IHC - HER2 IHC","Immunohistochemistry","Histopathology","Routine","FALSE","TRUE","TRUE","1","1","0","Immunohistochemistry","FFPE tissue block","MANUAL","0","0","0","0","RATE_PENDING","NONE","N/A","TRUE","TRUE","TRUE","TRUE"
"e0e08327-08cf-4cbe-ba9e-59f4f0373c7f","HIS-0036","IHC - Ki-67","Immunohistochemistry","Histopathology","Routine","FALSE","TRUE","TRUE","1","1","0","Immunohistochemistry","FFPE tissue block","MANUAL","0","0","0","0","RATE_PENDING","NONE","N/A","TRUE","TRUE","TRUE","TRUE"
"ef8deeb8-e945-4be9-b7e4-f7f481d3e93b","HIS-0037","IHC - p53","Immunohistochemistry","Histopathology","Routine","FALSE","TRUE","TRUE","1","1","0","Immunohistochemistry","FFPE tissue block","MANUAL","0","0","0","0","RATE_PENDING","NONE","N/A","TRUE","TRUE","TRUE","TRUE"
"c53f5a99-a2a3-436e-8597-fae9491b424e","HIS-0038","IHC - CK7","Immunohistochemistry","Histopathology","Routine","FALSE","TRUE","TRUE","1","1","0","Immunohistochemistry","FFPE tissue block","MANUAL","0","0","0","0","RATE_PENDING","NONE","N/A","TRUE","TRUE","TRUE","TRUE"
"425e7810-2460-48af-86be-fd3e32c9cb45","HIS-0039","IHC - CK20","Immunohistochemistry","Histopathology","Routine","FALSE","TRUE","TRUE","1","1","0","Immunohistochemistry","FFPE tissue block","MANUAL","0","0","0","0","RATE_PENDING","NONE","N/A","TRUE","TRUE","TRUE","TRUE"
"4a2ef568-3d21-4a54-a752-41467a32eebb","HIS-0040","IHC - Pan-Cytokeratin AE1/AE3","Immunohistochemistry","Histopathology","Routine","FALSE","TRUE","TRUE","1","1","0","Immunohistochemistry","FFPE tissue block","MANUAL","0","0","0","0","RATE_PENDING","NONE","N/A","TRUE","TRUE","TRUE","TRUE"
"9992e144-8102-4e3d-ab07-e5aec2b75649","HIS-0041","IHC - EMA","Immunohistochemistry","Histopathology","Routine","FALSE","TRUE","TRUE","1","1","0","Immunohistochemistry","FFPE tissue block","MANUAL","0","0","0","0","RATE_PENDING","NONE","N/A","TRUE","TRUE","TRUE","TRUE"
"ebbaf40b-1516-4e28-a40b-6f8d460235d0","HIS-0042","IHC - Vimentin","Immunohistochemistry","Histopathology","Routine","FALSE","TRUE","TRUE","1","1","0","Immunohistochemistry","FFPE tissue block","MANUAL","0","0","0","0","RATE_PENDING","NONE","N/A","TRUE","TRUE","TRUE","TRUE"
"d8163e10-5891-40d3-8dad-7d7cdac15370","HIS-0043","IHC - S100","Immunohistochemistry","Histopathology","Routine","FALSE","TRUE","TRUE","1","1","0","Immunohistochemistry","FFPE tissue block","MANUAL","0","0","0","0","RATE_PENDING","NONE","N/A","TRUE","TRUE","TRUE","TRUE"
"ae40a39a-5894-41c9-85d2-1e64d892cf42","HIS-0044","IHC - SOX10","Immunohistochemistry","Histopathology","Routine","FALSE","TRUE","TRUE","1","1","0","Immunohistochemistry","FFPE tissue block","MANUAL","0","0","0","0","RATE_PENDING","NONE","N/A","TRUE","TRUE","TRUE","TRUE"
"32e20a74-9a0f-45ef-8e5e-a756aa5225f7","HIS-0045","IHC - TTF-1","Immunohistochemistry","Histopathology","Routine","FALSE","TRUE","TRUE","1","1","0","Immunohistochemistry","FFPE tissue block","MANUAL","0","0","0","0","RATE_PENDING","NONE","N/A","TRUE","TRUE","TRUE","TRUE"
"ad510665-9da1-4f60-a3cb-e0210372bcbf","HIS-0046","IHC - Napsin A","Immunohistochemistry","Histopathology","Routine","FALSE","TRUE","TRUE","1","1","0","Immunohistochemistry","FFPE tissue block","MANUAL","0","0","0","0","RATE_PENDING","NONE","N/A","TRUE","TRUE","TRUE","TRUE"
"2e4e7964-181a-4f23-b8e2-6d7cf8b6502d","HIS-0047","IHC - PAX8","Immunohistochemistry","Histopathology","Routine","FALSE","TRUE","TRUE","1","1","0","Immunohistochemistry","FFPE tissue block","MANUAL","0","0","0","0","RATE_PENDING","NONE","N/A","TRUE","TRUE","TRUE","TRUE"
"9b4da7e9-d388-4da0-b10b-d0dc1b80eda7","HIS-0048","IHC - GATA3","Immunohistochemistry","Histopathology","Routine","FALSE","TRUE","TRUE","1","1","0","Immunohistochemistry","FFPE tissue block","MANUAL","0","0","0","0","RATE_PENDING","NONE","N/A","TRUE","TRUE","TRUE","TRUE"
"265ccf3d-33ee-48c9-a8fb-0279c7744230","HIS-0049","IHC - CDX2","Immunohistochemistry","Histopathology","Routine","FALSE","TRUE","TRUE","1","1","0","Immunohistochemistry","FFPE tissue block","MANUAL","0","0","0","0","RATE_PENDING","NONE","N/A","TRUE","TRUE","TRUE","TRUE"
"d62a6900-a738-424c-91f3-d9f24707e591","HIS-0050","IHC - SATB2","Immunohistochemistry","Histopathology","Routine","FALSE","TRUE","TRUE","1","1","0","Immunohistochemistry","FFPE tissue block","MANUAL","0","0","0","0","RATE_PENDING","NONE","N/A","TRUE","TRUE","TRUE","TRUE"
"d09a8be4-cf87-4d1b-b305-eb389cf12cd2","HIS-0051","IHC - PSA","Immunohistochemistry","Histopathology","Routine","FALSE","TRUE","TRUE","1","1","0","Immunohistochemistry","FFPE tissue block","MANUAL","0","0","0","0","RATE_PENDING","NONE","N/A","TRUE","TRUE","TRUE","TRUE"
"0523d8f2-1730-43c4-92b2-9c8e1300a329","HIS-0052","IHC - PSAP","Immunohistochemistry","Histopathology","Routine","FALSE","TRUE","TRUE","1","1","0","Immunohistochemistry","FFPE tissue block","MANUAL","0","0","0","0","RATE_PENDING","NONE","N/A","TRUE","TRUE","TRUE","TRUE"
"c53d8682-90c2-4cc2-a1ba-b4235e9bbc38","HIS-0053","IHC - NKX3.1","Immunohistochemistry","Histopathology","Routine","FALSE","TRUE","TRUE","1","1","0","Immunohistochemistry","FFPE tissue block","MANUAL","0","0","0","0","RATE_PENDING","NONE","N/A","TRUE","TRUE","TRUE","TRUE"
"d5ab57eb-d81c-4f57-9933-746ab6290868","HIS-0054","IHC - Thyroglobulin","Immunohistochemistry","Histopathology","Routine","FALSE","TRUE","TRUE","1","1","0","Immunohistochemistry","FFPE tissue block","MANUAL","0","0","0","0","RATE_PENDING","NONE","N/A","TRUE","TRUE","TRUE","TRUE"
"bb3cb814-df5d-4668-a488-1223b4af8c5b","HIS-0055","IHC - Calcitonin","Immunohistochemistry","Histopathology","Routine","FALSE","TRUE","TRUE","1","1","0","Immunohistochemistry","FFPE tissue block","MANUAL","0","0","0","0","RATE_PENDING","NONE","N/A","TRUE","TRUE","TRUE","TRUE"
"93866254-87bb-4e0a-b10b-251e188a7c8b","HIS-0056","IHC - Synaptophysin","Immunohistochemistry","Histopathology","Routine","FALSE","TRUE","TRUE","1","1","0","Immunohistochemistry","FFPE tissue block","MANUAL","0","0","0","0","RATE_PENDING","NONE","N/A","TRUE","TRUE","TRUE","TRUE"
"2d482f71-f894-4531-ad95-4a282feb52bb","HIS-0057","IHC - Chromogranin","Immunohistochemistry","Histopathology","Routine","FALSE","TRUE","TRUE","1","1","0","Immunohistochemistry","FFPE tissue block","MANUAL","0","0","0","0","RATE_PENDING","NONE","N/A","TRUE","TRUE","TRUE","TRUE"
"2d71270e-ce39-48d1-80cb-b2e92b7f4a24","HIS-0058","IHC - INSM1","Immunohistochemistry","Histopathology","Routine","FALSE","TRUE","TRUE","1","1","0","Immunohistochemistry","FFPE tissue block","MANUAL","0","0","0","0","RATE_PENDING","NONE","N/A","TRUE","TRUE","TRUE","TRUE"
"09079e2d-1644-4c80-9594-1fe2707668b3","HIS-0059","IHC - CD56","Immunohistochemistry","Histopathology","Routine","FALSE","TRUE","TRUE","1","1","0","Immunohistochemistry","FFPE tissue block","MANUAL","0","0","0","0","RATE_PENDING","NONE","N/A","TRUE","TRUE","TRUE","TRUE"
"2847ff42-2857-4926-81ca-8ed3a6594745","HIS-0060","IHC - CD3","Immunohistochemistry","Histopathology","Routine","FALSE","TRUE","TRUE","1","1","0","Immunohistochemistry","FFPE tissue block","MANUAL","0","0","0","0","RATE_PENDING","NONE","N/A","TRUE","TRUE","TRUE","TRUE"
"bfadec97-001e-49f0-9e50-39ce8a12d675","HIS-0061","IHC - CD20","Immunohistochemistry","Histopathology","Routine","FALSE","TRUE","TRUE","1","1","0","Immunohistochemistry","FFPE tissue block","MANUAL","0","0","0","0","RATE_PENDING","NONE","N/A","TRUE","TRUE","TRUE","TRUE"
"077d47ed-7986-47a2-b1b9-ae371d3f38f5","HIS-0062","IHC - PAX5","Immunohistochemistry","Histopathology","Routine","FALSE","TRUE","TRUE","1","1","0","Immunohistochemistry","FFPE tissue block","MANUAL","0","0","0","0","RATE_PENDING","NONE","N/A","TRUE","TRUE","TRUE","TRUE"
"84b9f867-3bfb-4d59-9ad6-0bccca29696c","HIS-0063","IHC - CD30","Immunohistochemistry","Histopathology","Routine","FALSE","TRUE","TRUE","1","1","0","Immunohistochemistry","FFPE tissue block","MANUAL","0","0","0","0","RATE_PENDING","NONE","N/A","TRUE","TRUE","TRUE","TRUE"
"a37f8a7e-d3f1-4dc6-bb19-ea2c824c61b4","HIS-0064","IHC - CD15","Immunohistochemistry","Histopathology","Routine","FALSE","TRUE","TRUE","1","1","0","Immunohistochemistry","FFPE tissue block","MANUAL","0","0","0","0","RATE_PENDING","NONE","N/A","TRUE","TRUE","TRUE","TRUE"
"f754bfe1-3fcd-44c6-afd6-fcfcf993ed1a","HIS-0065","IHC - ALK","Immunohistochemistry","Histopathology","Routine","FALSE","TRUE","TRUE","1","1","0","Immunohistochemistry","FFPE tissue block","MANUAL","0","0","0","0","RATE_PENDING","NONE","N/A","TRUE","TRUE","TRUE","TRUE"
"37375d29-848c-44d7-b84e-048d719d7c61","HIS-0066","IHC - BCL2","Immunohistochemistry","Histopathology","Routine","FALSE","TRUE","TRUE","1","1","0","Immunohistochemistry","FFPE tissue block","MANUAL","0","0","0","0","RATE_PENDING","NONE","N/A","TRUE","TRUE","TRUE","TRUE"
"626ffdc6-adb8-42d5-851e-476f0d0dcc16","HIS-0067","IHC - BCL6","Immunohistochemistry","Histopathology","Routine","FALSE","TRUE","TRUE","1","1","0","Immunohistochemistry","FFPE tissue block","MANUAL","0","0","0","0","RATE_PENDING","NONE","N/A","TRUE","TRUE","TRUE","TRUE"
"71a1fade-bf19-4347-8e42-45f7273c323f","HIS-0068","IHC - MUM1","Immunohistochemistry","Histopathology","Routine","FALSE","TRUE","TRUE","1","1","0","Immunohistochemistry","FFPE tissue block","MANUAL","0","0","0","0","RATE_PENDING","NONE","N/A","TRUE","TRUE","TRUE","TRUE"
"92e5ac3e-cda4-4a6e-b157-8f3568eac0ba","HIS-0069","IHC - c-MYC","Immunohistochemistry","Histopathology","Routine","FALSE","TRUE","TRUE","1","1","0","Immunohistochemistry","FFPE tissue block","MANUAL","0","0","0","0","RATE_PENDING","NONE","N/A","TRUE","TRUE","TRUE","TRUE"
"7e30761c-7431-4f80-b0c6-3b8b03071a55","HIS-0070","IHC - Cyclin D1","Immunohistochemistry","Histopathology","Routine","FALSE","TRUE","TRUE","1","1","0","Immunohistochemistry","FFPE tissue block","MANUAL","0","0","0","0","RATE_PENDING","NONE","N/A","TRUE","TRUE","TRUE","TRUE"
"26729632-2dba-4cd8-bb7e-c9a4a1bd6916","HIS-0071","IHC - CD5","Immunohistochemistry","Histopathology","Routine","FALSE","TRUE","TRUE","1","1","0","Immunohistochemistry","FFPE tissue block","MANUAL","0","0","0","0","RATE_PENDING","NONE","N/A","TRUE","TRUE","TRUE","TRUE"
"017579d6-304c-4130-8619-d24105c62a1a","HIS-0072","IHC - CD10","Immunohistochemistry","Histopathology","Routine","FALSE","TRUE","TRUE","1","1","0","Immunohistochemistry","FFPE tissue block","MANUAL","0","0","0","0","RATE_PENDING","NONE","N/A","TRUE","TRUE","TRUE","TRUE"
"3ad5cf32-9764-403a-a063-92657addb67c","HIS-0073","IHC - CD23","Immunohistochemistry","Histopathology","Routine","FALSE","TRUE","TRUE","1","1","0","Immunohistochemistry","FFPE tissue block","MANUAL","0","0","0","0","RATE_PENDING","NONE","N/A","TRUE","TRUE","TRUE","TRUE"
"c66f61e8-8439-47b4-a9c4-748b62622e8b","HIS-0074","IHC - TdT","Immunohistochemistry","Histopathology","Routine","FALSE","TRUE","TRUE","1","1","0","Immunohistochemistry","FFPE tissue block","MANUAL","0","0","0","0","RATE_PENDING","NONE","N/A","TRUE","TRUE","TRUE","TRUE"
"77cdbf5a-c2f1-423d-bedc-b7792cdc5d76","HIS-0075","IHC - MPO","Immunohistochemistry","Histopathology","Routine","FALSE","TRUE","TRUE","1","1","0","Immunohistochemistry","FFPE tissue block","MANUAL","0","0","0","0","RATE_PENDING","NONE","N/A","TRUE","TRUE","TRUE","TRUE"
"5741333a-e167-4f23-954e-a83730094bfd","HIS-0076","IHC - CD34","Immunohistochemistry","Histopathology","Routine","FALSE","TRUE","TRUE","1","1","0","Immunohistochemistry","FFPE tissue block","MANUAL","0","0","0","0","RATE_PENDING","NONE","N/A","TRUE","TRUE","TRUE","TRUE"
"9416a145-cabc-48da-9d00-4600525f6ac3","HIS-0077","IHC - CD117","Immunohistochemistry","Histopathology","Routine","FALSE","TRUE","TRUE","1","1","0","Immunohistochemistry","FFPE tissue block","MANUAL","0","0","0","0","RATE_PENDING","NONE","N/A","TRUE","TRUE","TRUE","TRUE"
"c5197d34-18c6-43ab-8a6f-5e73cf8ce060","HIS-0078","IHC - DOG1","Immunohistochemistry","Histopathology","Routine","FALSE","TRUE","TRUE","1","1","0","Immunohistochemistry","FFPE tissue block","MANUAL","0","0","0","0","RATE_PENDING","NONE","N/A","TRUE","TRUE","TRUE","TRUE"
"88e66dd3-9c8d-4a2e-9ab8-2468e506b212","HIS-0079","IHC - CD117 (GIST)","Immunohistochemistry","Histopathology","Routine","FALSE","TRUE","TRUE","1","1","0","Immunohistochemistry","FFPE tissue block","MANUAL","0","0","0","0","RATE_PENDING","NONE","N/A","TRUE","TRUE","TRUE","TRUE"
"d0fd7f4a-5780-4867-82f7-cc348a32be0b","HIS-0080","IHC - Desmin","Immunohistochemistry","Histopathology","Routine","FALSE","TRUE","TRUE","1","1","0","Immunohistochemistry","FFPE tissue block","MANUAL","0","0","0","0","RATE_PENDING","NONE","N/A","TRUE","TRUE","TRUE","TRUE"
"70112f54-bf2f-469a-ab90-e9641e4b9cf3","HIS-0081","IHC - SMA","Immunohistochemistry","Histopathology","Routine","FALSE","TRUE","TRUE","1","1","0","Immunohistochemistry","FFPE tissue block","MANUAL","0","0","0","0","RATE_PENDING","NONE","N/A","TRUE","TRUE","TRUE","TRUE"
"c524512b-b87d-46c3-891b-862eca119b83","HIS-0082","IHC - Myogenin","Immunohistochemistry","Histopathology","Routine","FALSE","TRUE","TRUE","1","1","0","Immunohistochemistry","FFPE tissue block","MANUAL","0","0","0","0","RATE_PENDING","NONE","N/A","TRUE","TRUE","TRUE","TRUE"
"34035c76-d1ef-4974-a9f3-c96fb030b132","HIS-0083","IHC - MyoD1","Immunohistochemistry","Histopathology","Routine","FALSE","TRUE","TRUE","1","1","0","Immunohistochemistry","FFPE tissue block","MANUAL","0","0","0","0","RATE_PENDING","NONE","N/A","TRUE","TRUE","TRUE","TRUE"
"6651e91c-6026-49a6-a1c9-3b8c00d225c3","HIS-0084","IHC - WT1","Immunohistochemistry","Histopathology","Routine","FALSE","TRUE","TRUE","1","1","0","Immunohistochemistry","FFPE tissue block","MANUAL","0","0","0","0","RATE_PENDING","NONE","N/A","TRUE","TRUE","TRUE","TRUE"
"1f167f0f-63ae-4558-86cd-93d47583f2fb","HIS-0085","IHC - Calretinin","Immunohistochemistry","Histopathology","Routine","FALSE","TRUE","TRUE","1","1","0","Immunohistochemistry","FFPE tissue block","MANUAL","0","0","0","0","RATE_PENDING","NONE","N/A","TRUE","TRUE","TRUE","TRUE"
"e02f5487-7403-42c6-b23b-470cc287b8e5","HIS-0086","IHC - D2-40","Immunohistochemistry","Histopathology","Routine","FALSE","TRUE","TRUE","1","1","0","Immunohistochemistry","FFPE tissue block","MANUAL","0","0","0","0","RATE_PENDING","NONE","N/A","TRUE","TRUE","TRUE","TRUE"
"5612cc46-be49-446d-86bb-5755d771834a","HIS-0087","IHC - BerEP4","Immunohistochemistry","Histopathology","Routine","FALSE","TRUE","TRUE","1","1","0","Immunohistochemistry","FFPE tissue block","MANUAL","0","0","0","0","RATE_PENDING","NONE","N/A","TRUE","TRUE","TRUE","TRUE"
"f31d5c38-ef79-4c60-8c24-76593babadfe","HIS-0088","IHC - MOC31","Immunohistochemistry","Histopathology","Routine","FALSE","TRUE","TRUE","1","1","0","Immunohistochemistry","FFPE tissue block","MANUAL","0","0","0","0","RATE_PENDING","NONE","N/A","TRUE","TRUE","TRUE","TRUE"
"cf4d694a-1a77-4f66-8a28-75f768fcafca","HIS-0089","IHC - p63","Immunohistochemistry","Histopathology","Routine","FALSE","TRUE","TRUE","1","1","0","Immunohistochemistry","FFPE tissue block","MANUAL","0","0","0","0","RATE_PENDING","NONE","N/A","TRUE","TRUE","TRUE","TRUE"
"e9c131a5-eee6-4b2f-b894-22bfd189950a","HIS-0090","IHC - p40","Immunohistochemistry","Histopathology","Routine","FALSE","TRUE","TRUE","1","1","0","Immunohistochemistry","FFPE tissue block","MANUAL","0","0","0","0","RATE_PENDING","NONE","N/A","TRUE","TRUE","TRUE","TRUE"
"91414d12-8140-4205-acb4-1006fb81060b","HIS-0091","IHC - Uroplakin II","Immunohistochemistry","Histopathology","Routine","FALSE","TRUE","TRUE","1","1","0","Immunohistochemistry","FFPE tissue block","MANUAL","0","0","0","0","RATE_PENDING","NONE","N/A","TRUE","TRUE","TRUE","TRUE"
"db7ceef6-0517-4278-85b9-eab356d3f693","HIS-0092","IHC - GCDFP-15","Immunohistochemistry","Histopathology","Routine","FALSE","TRUE","TRUE","1","1","0","Immunohistochemistry","FFPE tissue block","MANUAL","0","0","0","0","RATE_PENDING","NONE","N/A","TRUE","TRUE","TRUE","TRUE"
"af0809ff-9218-48e4-a696-1b6cca59c907","HIS-0093","IHC - Mammaglobin","Immunohistochemistry","Histopathology","Routine","FALSE","TRUE","TRUE","1","1","0","Immunohistochemistry","FFPE tissue block","MANUAL","0","0","0","0","RATE_PENDING","NONE","N/A","TRUE","TRUE","TRUE","TRUE"
"5ae602a7-d1e3-4c90-add4-bd9559a0d294","HIS-0094","IHC - Androgen Receptor","Immunohistochemistry","Histopathology","Routine","FALSE","TRUE","TRUE","1","1","0","Immunohistochemistry","FFPE tissue block","MANUAL","0","0","0","0","RATE_PENDING","NONE","N/A","TRUE","TRUE","TRUE","TRUE"
"4cb0f110-f0dd-4039-94af-eab7dab70f61","HIS-0095","IHC - E-cadherin","Immunohistochemistry","Histopathology","Routine","FALSE","TRUE","TRUE","1","1","0","Immunohistochemistry","FFPE tissue block","MANUAL","0","0","0","0","RATE_PENDING","NONE","N/A","TRUE","TRUE","TRUE","TRUE"
"abbcb736-cc23-478e-a57a-43a147c84834","HIS-0096","IHC - Beta-catenin","Immunohistochemistry","Histopathology","Routine","FALSE","TRUE","TRUE","1","1","0","Immunohistochemistry","FFPE tissue block","MANUAL","0","0","0","0","RATE_PENDING","NONE","N/A","TRUE","TRUE","TRUE","TRUE"
"92336612-055c-4ff6-9c59-7b4e8e887059","HIS-0097","IHC - SMAD4","Immunohistochemistry","Histopathology","Routine","FALSE","TRUE","TRUE","1","1","0","Immunohistochemistry","FFPE tissue block","MANUAL","0","0","0","0","RATE_PENDING","NONE","N/A","TRUE","TRUE","TRUE","TRUE"
"3178f668-5727-4911-b230-b504bb7a2c8d","HIS-0098","IHC - INI1/SMARCB1","Immunohistochemistry","Histopathology","Routine","FALSE","TRUE","TRUE","1","1","0","Immunohistochemistry","FFPE tissue block","MANUAL","0","0","0","0","RATE_PENDING","NONE","N/A","TRUE","TRUE","TRUE","TRUE"
"6d79f8e2-e177-41a7-bfa3-8692ffebda38","HIS-0099","IHC - BRG1/SMARCA4","Immunohistochemistry","Histopathology","Routine","FALSE","TRUE","TRUE","1","1","0","Immunohistochemistry","FFPE tissue block","MANUAL","0","0","0","0","RATE_PENDING","NONE","N/A","TRUE","TRUE","TRUE","TRUE"
"4af85675-6c7c-4bb9-bed6-8f69216250ae","HIS-0100","IHC - ATRX","Immunohistochemistry","Histopathology","Routine","FALSE","TRUE","TRUE","1","1","0","Immunohistochemistry","FFPE tissue block","MANUAL","0","0","0","0","RATE_PENDING","NONE","N/A","TRUE","TRUE","TRUE","TRUE"
"ba6998e7-48eb-4c55-ac20-7e78e112744e","HIS-0101","IHC - IDH1 R132H","Immunohistochemistry","Histopathology","Routine","FALSE","TRUE","TRUE","1","1","0","Immunohistochemistry","FFPE tissue block","MANUAL","0","0","0","0","RATE_PENDING","NONE","N/A","TRUE","TRUE","TRUE","TRUE"
"f62e90bf-ebfc-49a8-b5ef-006124e66e95","HIS-0102","IHC - GFAP","Immunohistochemistry","Histopathology","Routine","FALSE","TRUE","TRUE","1","1","0","Immunohistochemistry","FFPE tissue block","MANUAL","0","0","0","0","RATE_PENDING","NONE","N/A","TRUE","TRUE","TRUE","TRUE"
"5964ef01-4f8e-4cbf-bc1a-dc7b9c01d146","HIS-0103","IHC - OLIG2","Immunohistochemistry","Histopathology","Routine","FALSE","TRUE","TRUE","1","1","0","Immunohistochemistry","FFPE tissue block","MANUAL","0","0","0","0","RATE_PENDING","NONE","N/A","TRUE","TRUE","TRUE","TRUE"
"d313c205-5b4f-4e54-9093-39eef65a386c","HIS-0104","IHC - H3 K27M","Immunohistochemistry","Histopathology","Routine","FALSE","TRUE","TRUE","1","1","0","Immunohistochemistry","FFPE tissue block","MANUAL","0","0","0","0","RATE_PENDING","NONE","N/A","TRUE","TRUE","TRUE","TRUE"
"1f33c9b0-b6bb-4465-9f65-a99578e13d3a","HIS-0105","IHC - PD-L1 IHC","Immunohistochemistry","Histopathology","Routine","FALSE","TRUE","TRUE","1","1","0","Immunohistochemistry","FFPE tissue block","MANUAL","0","0","0","0","RATE_PENDING","NONE","N/A","TRUE","TRUE","TRUE","TRUE"
"4167c3a6-2c6c-43ce-9b18-813349717b60","HIS-0106","IHC - MMR MLH1","Immunohistochemistry","Histopathology","Routine","FALSE","TRUE","TRUE","1","1","0","Immunohistochemistry","FFPE tissue block","MANUAL","0","0","0","0","RATE_PENDING","NONE","N/A","TRUE","TRUE","TRUE","TRUE"
"45b1f09d-1f8b-4a2d-8b7e-038bc8cecbea","HIS-0107","IHC - MMR PMS2","Immunohistochemistry","Histopathology","Routine","FALSE","TRUE","TRUE","1","1","0","Immunohistochemistry","FFPE tissue block","MANUAL","0","0","0","0","RATE_PENDING","NONE","N/A","TRUE","TRUE","TRUE","TRUE"
"6df4cb89-167b-4fc4-accd-fbe9d57ee910","HIS-0108","IHC - MMR MSH2","Immunohistochemistry","Histopathology","Routine","FALSE","TRUE","TRUE","1","1","0","Immunohistochemistry","FFPE tissue block","MANUAL","0","0","0","0","RATE_PENDING","NONE","N/A","TRUE","TRUE","TRUE","TRUE"
"6f8a421e-cdfc-4b1c-a93a-384b1b97c7ec","HIS-0109","IHC - MMR MSH6","Immunohistochemistry","Histopathology","Routine","FALSE","TRUE","TRUE","1","1","0","Immunohistochemistry","FFPE tissue block","MANUAL","0","0","0","0","RATE_PENDING","NONE","N/A","TRUE","TRUE","TRUE","TRUE"
"86cad76f-fe7e-4151-9aac-dfc021973531","HIS-0110","PAS Stain","Special Stains","Histopathology","Routine","FALSE","TRUE","TRUE","1","1","0","Histochemical stain","FFPE tissue / fresh tissue as applicable","MANUAL","0","0","0","0","RATE_PENDING","NONE","N/A","TRUE","TRUE","TRUE","TRUE"
"e06989b0-7573-4e5f-8442-ad821ea9f495","HIS-0111","PAS with Diastase","Special Stains","Histopathology","Routine","FALSE","TRUE","TRUE","1","1","0","Histochemical stain","FFPE tissue / fresh tissue as applicable","MANUAL","0","0","0","0","RATE_PENDING","NONE","N/A","TRUE","TRUE","TRUE","TRUE"
"3f2cf286-a07b-483e-ba83-d381af49bde8","HIS-0112","GMS Stain","Special Stains","Histopathology","Routine","FALSE","TRUE","TRUE","1","1","0","Histochemical stain","FFPE tissue / fresh tissue as applicable","MANUAL","0","0","0","0","RATE_PENDING","NONE","N/A","TRUE","TRUE","TRUE","TRUE"
"429c2f32-9730-4584-ac0f-86dd052789e5","HIS-0113","Ziehl-Neelsen Stain on Tissue","Special Stains","Histopathology","Routine","FALSE","TRUE","TRUE","1","1","0","Histochemical stain","FFPE tissue / fresh tissue as applicable","MANUAL","0","0","0","0","RATE_PENDING","NONE","N/A","TRUE","TRUE","TRUE","TRUE"
"863c83b6-9ab7-4c5c-b840-af9e8b6843a6","HIS-0114","Fite-Faraco Stain","Special Stains","Histopathology","Routine","FALSE","TRUE","TRUE","1","1","0","Histochemical stain","FFPE tissue / fresh tissue as applicable","MANUAL","0","0","0","0","RATE_PENDING","NONE","N/A","TRUE","TRUE","TRUE","TRUE"
"c6e08099-1929-4347-8a10-aa6e355fd7d6","HIS-0115","Gram Stain on Tissue","Special Stains","Histopathology","Routine","FALSE","TRUE","TRUE","1","1","0","Histochemical stain","FFPE tissue / fresh tissue as applicable","MANUAL","0","0","0","0","RATE_PENDING","NONE","N/A","TRUE","TRUE","TRUE","TRUE"
"f0f3c052-a564-4a2e-b4fb-5e8b57dbc46a","HIS-0116","Masson's Trichrome","Special Stains","Histopathology","Routine","FALSE","TRUE","TRUE","1","1","0","Histochemical stain","FFPE tissue / fresh tissue as applicable","MANUAL","0","0","0","0","RATE_PENDING","NONE","N/A","TRUE","TRUE","TRUE","TRUE"
"e7d61efa-1a46-4306-9e4d-87d65e27f5eb","HIS-0117","Reticulin Stain","Special Stains","Histopathology","Routine","FALSE","TRUE","TRUE","1","1","0","Histochemical stain","FFPE tissue / fresh tissue as applicable","MANUAL","0","0","0","0","RATE_PENDING","NONE","N/A","TRUE","TRUE","TRUE","TRUE"
"c5987a8c-286e-4039-ab5a-3aaa061e40f9","HIS-0118","Congo Red","Special Stains","Histopathology","Routine","FALSE","TRUE","TRUE","1","1","0","Histochemical stain","FFPE tissue / fresh tissue as applicable","MANUAL","0","0","0","0","RATE_PENDING","NONE","N/A","TRUE","TRUE","TRUE","TRUE"
"985fd9eb-360e-4c7c-9602-a6fce8f8fc5a","HIS-0119","Perls' Prussian Blue","Special Stains","Histopathology","Routine","FALSE","TRUE","TRUE","1","1","0","Histochemical stain","FFPE tissue / fresh tissue as applicable","MANUAL","0","0","0","0","RATE_PENDING","NONE","N/A","TRUE","TRUE","TRUE","TRUE"
"611b0d10-b19e-4450-b7a5-4d9c5004c260","HIS-0120","Alcian Blue","Special Stains","Histopathology","Routine","FALSE","TRUE","TRUE","1","1","0","Histochemical stain","FFPE tissue / fresh tissue as applicable","MANUAL","0","0","0","0","RATE_PENDING","NONE","N/A","TRUE","TRUE","TRUE","TRUE"
"7cd4fbee-05b1-4bd0-9fda-a123d8ebcf6d","HIS-0121","Mucicarmine","Special Stains","Histopathology","Routine","FALSE","TRUE","TRUE","1","1","0","Histochemical stain","FFPE tissue / fresh tissue as applicable","MANUAL","0","0","0","0","RATE_PENDING","NONE","N/A","TRUE","TRUE","TRUE","TRUE"
"87b2edf4-a5c5-49fd-947c-aabc42b83f6b","HIS-0122","Fontana-Masson","Special Stains","Histopathology","Routine","FALSE","TRUE","TRUE","1","1","0","Histochemical stain","FFPE tissue / fresh tissue as applicable","MANUAL","0","0","0","0","RATE_PENDING","NONE","N/A","TRUE","TRUE","TRUE","TRUE"
"913a9958-69b5-4669-9d50-4ea683e9b80b","HIS-0123","Elastic Van Gieson","Special Stains","Histopathology","Routine","FALSE","TRUE","TRUE","1","1","0","Histochemical stain","FFPE tissue / fresh tissue as applicable","MANUAL","0","0","0","0","RATE_PENDING","NONE","N/A","TRUE","TRUE","TRUE","TRUE"
"52eb6c7b-7aa2-46f3-976e-cef69454dd8e","HIS-0124","Oil Red O","Special Stains","Histopathology","Routine","FALSE","TRUE","TRUE","1","1","0","Histochemical stain","FFPE tissue / fresh tissue as applicable","MANUAL","0","0","0","0","RATE_PENDING","NONE","N/A","TRUE","TRUE","TRUE","TRUE"
"e94f98a2-38c6-4058-a231-2492ad528b3a","HIS-0125","Toluidine Blue","Special Stains","Histopathology","Routine","FALSE","TRUE","TRUE","1","1","0","Histochemical stain","FFPE tissue / fresh tissue as applicable","MANUAL","0","0","0","0","RATE_PENDING","NONE","N/A","TRUE","TRUE","TRUE","TRUE"
"0a4bd894-6399-4e37-a698-99f4ebb9ead8","HIS-0126","PTAH Stain","Special Stains","Histopathology","Routine","FALSE","TRUE","TRUE","1","1","0","Histochemical stain","FFPE tissue / fresh tissue as applicable","MANUAL","0","0","0","0","RATE_PENDING","NONE","N/A","TRUE","TRUE","TRUE","TRUE"
"1837e407-6e0d-4558-a42c-804709cda8f3","HIS-0127","Jones Methenamine Silver","Special Stains","Histopathology","Routine","FALSE","TRUE","TRUE","1","1","0","Histochemical stain","FFPE tissue / fresh tissue as applicable","MANUAL","0","0","0","0","RATE_PENDING","NONE","N/A","TRUE","TRUE","TRUE","TRUE"
"77cbb0f7-e143-4898-8570-cf2a3a1403c1","HIS-0128","Cresyl Violet","Special Stains","Histopathology","Routine","FALSE","TRUE","TRUE","1","1","0","Histochemical stain","FFPE tissue / fresh tissue as applicable","MANUAL","0","0","0","0","RATE_PENDING","NONE","N/A","TRUE","TRUE","TRUE","TRUE"
"389a2b3e-0d57-4323-89bd-066495fa1df2","HIS-0129","Luxol Fast Blue","Special Stains","Histopathology","Routine","FALSE","TRUE","TRUE","1","1","0","Histochemical stain","FFPE tissue / fresh tissue as applicable","MANUAL","0","0","0","0","RATE_PENDING","NONE","N/A","TRUE","TRUE","TRUE","TRUE"
"6e11e5eb-2355-4fee-9600-1921d548de00","HIS-0130","Von Kossa Stain","Special Stains","Histopathology","Routine","FALSE","TRUE","TRUE","1","1","0","Histochemical stain","FFPE tissue / fresh tissue as applicable","MANUAL","0","0","0","0","RATE_PENDING","NONE","N/A","TRUE","TRUE","TRUE","TRUE"
"54ec4e84-934e-423c-a8d1-b1dccea1977b","HIS-0131","Alizarin Red","Special Stains","Histopathology","Routine","FALSE","TRUE","TRUE","1","1","0","Histochemical stain","FFPE tissue / fresh tissue as applicable","MANUAL","0","0","0","0","RATE_PENDING","NONE","N/A","TRUE","TRUE","TRUE","TRUE"
"40f15e4e-ca23-47a7-9f0b-b29409141775","HIS-0132","Warthin-Starry Stain","Special Stains","Histopathology","Routine","FALSE","TRUE","TRUE","1","1","0","Histochemical stain","FFPE tissue / fresh tissue as applicable","MANUAL","0","0","0","0","RATE_PENDING","NONE","N/A","TRUE","TRUE","TRUE","TRUE"
"6cbc5fda-ec35-40a7-bab0-2586b4d18853","HIS-0133","Giemsa Stain on Tissue","Special Stains","Histopathology","Routine","FALSE","TRUE","TRUE","1","1","0","Histochemical stain","FFPE tissue / fresh tissue as applicable","MANUAL","0","0","0","0","RATE_PENDING","NONE","N/A","TRUE","TRUE","TRUE","TRUE"
"b4849da7-7758-4e92-976a-9363b0549382","IMM-0001","CRP, Quantitative","Autoimmune / Immunoglobulins","Immunology","Routine","FALSE","TRUE","TRUE","1","1","0","ELISA/IFA/Immunoassay as validated","Serum","MANUAL","0","1","0","0","700.00","CATALOGUE_RATE_VERSIONS","2026-09-16T07:36:39.564555+00:00","TRUE","TRUE","TRUE","TRUE"
"3e315f26-399e-40ac-88a4-762e4b4174d7","IMM-0002","Rheumatoid Factor (RF)","Autoimmune / Immunoglobulins","Immunology","Routine","FALSE","TRUE","TRUE","1","1","0","ELISA/IFA/Immunoassay as validated","Serum","MANUAL","0","2","0","0","600.00","CATALOGUE_RATE_VERSIONS","2026-09-16T07:36:39.564555+00:00","TRUE","TRUE","TRUE","TRUE"
"3a43a4ea-a3ba-48fa-a211-cda6110bc64d","IMM-0003","ASO Titer","Autoimmune / Immunoglobulins","Immunology","Routine","FALSE","TRUE","TRUE","1","1","0","ELISA/IFA/Immunoassay as validated","Serum","MANUAL","0","0","0","0","600.00","CATALOGUE_RATE_VERSIONS","2026-09-16T07:36:39.564555+00:00","TRUE","TRUE","TRUE","TRUE"
"38a765c3-3f09-43e5-98c1-fdfc3e690665","IMM-0004","Anti-CCP","Autoimmune / Immunoglobulins","Immunology","Routine","FALSE","TRUE","TRUE","1","1","0","ELISA/IFA/Immunoassay as validated","Serum","MANUAL","0","0","0","0","2200.00","CATALOGUE_RATE_VERSIONS","2026-09-16T07:36:39.564555+00:00","TRUE","TRUE","TRUE","TRUE"
"f31251e1-8eb8-40ec-b7d7-86ccd7663bf0","IMM-0005","ANA by IFA","Autoimmune / Immunoglobulins","Immunology","Routine","FALSE","TRUE","TRUE","1","1","0","ELISA/IFA/Immunoassay as validated","Serum","MANUAL","0","0","0","0","2200.00","CATALOGUE_RATE_VERSIONS","2026-09-18T12:20:51.538988+00:00","TRUE","TRUE","TRUE","TRUE"
"561b42a3-b443-42b0-b5d1-4e9f28273fd3","IMM-0006","ANA Screen by ELISA","Autoimmune / Immunoglobulins","Immunology","Routine","FALSE","TRUE","TRUE","1","1","0","ELISA/IFA/Immunoassay as validated","Serum","MANUAL","0","0","0","0","RATE_PENDING","NONE","N/A","TRUE","TRUE","TRUE","TRUE"
"8b9d3d46-6c3a-450c-b639-587cfd14a0ae","IMM-0007","Anti-dsDNA","Autoimmune / Immunoglobulins","Immunology","Routine","FALSE","TRUE","TRUE","1","1","0","ELISA/IFA/Immunoassay as validated","Serum","MANUAL","0","0","0","0","3000.00","CATALOGUE_RATE_VERSIONS","2026-09-18T12:20:51.539118+00:00","TRUE","TRUE","TRUE","TRUE"
"20eeddd8-8621-4ce5-865e-a53f1a3153ec","IMM-0008","Anti-Sm Antibody","Autoimmune / Immunoglobulins","Immunology","Routine","FALSE","TRUE","TRUE","1","1","0","ELISA/IFA/Immunoassay as validated","Serum","MANUAL","0","0","0","0","RATE_PENDING","NONE","N/A","TRUE","TRUE","TRUE","TRUE"
"6f45a9ea-0b08-45af-8b3f-20a33a2e2261","IMM-0009","Anti-RNP Antibody","Autoimmune / Immunoglobulins","Immunology","Routine","FALSE","TRUE","TRUE","1","1","0","ELISA/IFA/Immunoassay as validated","Serum","MANUAL","0","0","0","0","RATE_PENDING","NONE","N/A","TRUE","TRUE","TRUE","TRUE"
"14a6efff-6509-45e7-b478-6815dc7c3a9a","IMM-0010","Anti-SSA/Ro","Autoimmune / Immunoglobulins","Immunology","Routine","FALSE","TRUE","TRUE","1","1","0","ELISA/IFA/Immunoassay as validated","Serum","MANUAL","0","0","0","0","RATE_PENDING","NONE","N/A","TRUE","TRUE","TRUE","TRUE"
"3494d636-80af-4f5d-be72-ecdc950326ff","IMM-0011","Anti-SSB/La","Autoimmune / Immunoglobulins","Immunology","Routine","FALSE","TRUE","TRUE","1","1","0","ELISA/IFA/Immunoassay as validated","Serum","MANUAL","0","0","0","0","RATE_PENDING","NONE","N/A","TRUE","TRUE","TRUE","TRUE"
"3ffcbdef-fc52-4f3f-9af5-fa0d6e2acc84","IMM-0012","Anti-Scl-70","Autoimmune / Immunoglobulins","Immunology","Routine","FALSE","TRUE","TRUE","1","1","0","ELISA/IFA/Immunoassay as validated","Serum","MANUAL","0","0","0","0","RATE_PENDING","NONE","N/A","TRUE","TRUE","TRUE","TRUE"
"69b4e89c-807f-4f36-9e37-0bffc7a361e3","IMM-0013","Anti-Jo-1","Autoimmune / Immunoglobulins","Immunology","Routine","FALSE","TRUE","TRUE","1","1","0","ELISA/IFA/Immunoassay as validated","Serum","MANUAL","0","0","0","0","RATE_PENDING","NONE","N/A","TRUE","TRUE","TRUE","TRUE"
"f16505b1-5dc0-4ae2-b6e6-df51fe7685d1","IMM-0014","Anti-Centromere Antibody","Autoimmune / Immunoglobulins","Immunology","Routine","FALSE","TRUE","TRUE","1","1","0","ELISA/IFA/Immunoassay as validated","Serum","MANUAL","0","0","0","0","RATE_PENDING","NONE","N/A","TRUE","TRUE","TRUE","TRUE"
"50d057be-1d7d-4e70-a22f-24480decf5a7","IMM-0015","Anti-Ribosomal P","Autoimmune / Immunoglobulins","Immunology","Routine","FALSE","TRUE","TRUE","1","1","0","ELISA/IFA/Immunoassay as validated","Serum","MANUAL","0","0","0","0","RATE_PENDING","NONE","N/A","TRUE","TRUE","TRUE","TRUE"
"02ff426e-4b0c-4165-9cde-4018d1d1986c","IMM-0016","C3 Complement","Autoimmune / Immunoglobulins","Immunology","Routine","FALSE","TRUE","TRUE","1","1","0","ELISA/IFA/Immunoassay as validated","Serum","MANUAL","0","0","0","0","RATE_PENDING","NONE","N/A","TRUE","TRUE","TRUE","TRUE"
"38620da4-b267-4698-aac8-b4c63a116681","IMM-0017","C4 Complement","Autoimmune / Immunoglobulins","Immunology","Routine","FALSE","TRUE","TRUE","1","1","0","ELISA/IFA/Immunoassay as validated","Serum","MANUAL","0","0","0","0","RATE_PENDING","NONE","N/A","TRUE","TRUE","TRUE","TRUE"
"1a3e326b-705d-400e-9373-48359d82e30d","IMM-0018","CH50","Autoimmune / Immunoglobulins","Immunology","Routine","FALSE","TRUE","TRUE","1","1","0","ELISA/IFA/Immunoassay as validated","Serum","MANUAL","0","0","0","0","RATE_PENDING","NONE","N/A","TRUE","TRUE","TRUE","TRUE"
"38dcdcac-6252-41d3-ab53-4ff90e421643","IMM-0019","ANCA Screen","Autoimmune / Immunoglobulins","Immunology","Routine","FALSE","TRUE","TRUE","1","1","0","ELISA/IFA/Immunoassay as validated","Serum","MANUAL","0","0","0","0","RATE_PENDING","NONE","N/A","TRUE","TRUE","TRUE","TRUE"
"bdf541c0-6ae1-4561-9f9b-a02f6c3824a8","IMM-0020","c-ANCA / PR3","Autoimmune / Immunoglobulins","Immunology","Routine","FALSE","TRUE","TRUE","1","1","0","ELISA/IFA/Immunoassay as validated","Serum","MANUAL","0","0","0","0","RATE_PENDING","NONE","N/A","TRUE","TRUE","TRUE","TRUE"
"d6853623-5da8-47f8-a016-4d24e3432da5","IMM-0021","p-ANCA / MPO","Autoimmune / Immunoglobulins","Immunology","Routine","FALSE","TRUE","TRUE","1","1","0","ELISA/IFA/Immunoassay as validated","Serum","MANUAL","0","0","0","0","RATE_PENDING","NONE","N/A","TRUE","TRUE","TRUE","TRUE"
"45e6a8e5-eda2-4f70-84f4-f65b2cfca7a7","IMM-0022","Anti-GBM Antibody","Autoimmune / Immunoglobulins","Immunology","Routine","FALSE","TRUE","TRUE","1","1","0","ELISA/IFA/Immunoassay as validated","Serum","MANUAL","0","0","0","0","RATE_PENDING","NONE","N/A","TRUE","TRUE","TRUE","TRUE"
"afd89f05-1c30-442f-a887-c17e4cffa795","IMM-0023","Anticardiolipin IgG","Autoimmune / Immunoglobulins","Immunology","Routine","FALSE","TRUE","TRUE","1","1","0","ELISA/IFA/Immunoassay as validated","Serum","MANUAL","0","0","0","0","RATE_PENDING","NONE","N/A","TRUE","TRUE","TRUE","TRUE"
"640dce8b-2502-4670-a3b2-851c3e72abb4","IMM-0024","Anticardiolipin IgM","Autoimmune / Immunoglobulins","Immunology","Routine","FALSE","TRUE","TRUE","1","1","0","ELISA/IFA/Immunoassay as validated","Serum","MANUAL","0","0","0","0","RATE_PENDING","NONE","N/A","TRUE","TRUE","TRUE","TRUE"
"99701e1d-4653-44c9-b7a1-da24ec3eddd6","IMM-0025","Beta-2 Glycoprotein I IgG","Autoimmune / Immunoglobulins","Immunology","Routine","FALSE","TRUE","TRUE","1","1","0","ELISA/IFA/Immunoassay as validated","Serum","MANUAL","0","0","0","0","RATE_PENDING","NONE","N/A","TRUE","TRUE","TRUE","TRUE"
"4dab7f8b-1905-458d-bf36-ac021f664099","IMM-0026","Beta-2 Glycoprotein I IgM","Autoimmune / Immunoglobulins","Immunology","Routine","FALSE","TRUE","TRUE","1","1","0","ELISA/IFA/Immunoassay as validated","Serum","MANUAL","0","0","0","0","RATE_PENDING","NONE","N/A","TRUE","TRUE","TRUE","TRUE"
"a1fe02dd-8fd9-46e2-bc5f-1db3310552f2","IMM-0027","Lupus Anticoagulant Panel","Autoimmune / Immunoglobulins","Immunology","Routine","FALSE","TRUE","TRUE","0","0","0","ELISA/IFA/Immunoassay as validated","Serum","MANUAL","0","0","0","0","RATE_PENDING","NONE","N/A","FALSE","FALSE","FALSE","FALSE"
"1173266b-4495-45d9-a596-7e938618bac0","IMM-0028","Total IgG","Autoimmune / Immunoglobulins","Immunology","Routine","FALSE","TRUE","TRUE","1","1","0","ELISA/IFA/Immunoassay as validated","Serum","MANUAL","0","0","0","0","RATE_PENDING","NONE","N/A","TRUE","TRUE","TRUE","TRUE"
"a9463d24-cd42-44f3-87de-ea94aa372ae4","IMM-0029","Total IgA","Autoimmune / Immunoglobulins","Immunology","Routine","FALSE","TRUE","TRUE","1","1","0","ELISA/IFA/Immunoassay as validated","Serum","MANUAL","0","0","0","0","RATE_PENDING","NONE","N/A","TRUE","TRUE","TRUE","TRUE"
"138eb475-394e-45fc-b51b-ea1e9e21962a","IMM-0030","Total IgM","Autoimmune / Immunoglobulins","Immunology","Routine","FALSE","TRUE","TRUE","1","1","0","ELISA/IFA/Immunoassay as validated","Serum","MANUAL","0","0","0","0","RATE_PENDING","NONE","N/A","TRUE","TRUE","TRUE","TRUE"
"f2e2aff0-b125-4312-ad6e-4795cb1637d2","IMM-0031","Total IgE","Autoimmune / Immunoglobulins","Immunology","Routine","FALSE","TRUE","TRUE","1","1","0","ELISA/IFA/Immunoassay as validated","Serum","MANUAL","0","0","0","0","1200.00","CATALOGUE_RATE_VERSIONS","2026-09-16T07:36:39.564555+00:00","TRUE","TRUE","TRUE","TRUE"
"348b942c-9cd9-44ec-abc2-d766aa20ae09","IMM-0032","IgG Subclass 1","Autoimmune / Immunoglobulins","Immunology","Routine","FALSE","TRUE","TRUE","1","1","0","ELISA/IFA/Immunoassay as validated","Serum","MANUAL","0","0","0","0","RATE_PENDING","NONE","N/A","TRUE","TRUE","TRUE","TRUE"
"b664e1eb-5d2a-4241-80c2-648e5e8ff27c","IMM-0033","IgG Subclass 2","Autoimmune / Immunoglobulins","Immunology","Routine","FALSE","TRUE","TRUE","1","1","0","ELISA/IFA/Immunoassay as validated","Serum","MANUAL","0","0","0","0","RATE_PENDING","NONE","N/A","TRUE","TRUE","TRUE","TRUE"
"4ed0e045-10c3-436d-aaf4-5ccf699925c0","IMM-0034","IgG Subclass 3","Autoimmune / Immunoglobulins","Immunology","Routine","FALSE","TRUE","TRUE","1","1","0","ELISA/IFA/Immunoassay as validated","Serum","MANUAL","0","0","0","0","RATE_PENDING","NONE","N/A","TRUE","TRUE","TRUE","TRUE"
"3584f22c-4331-45c3-aeb7-99b081832ebe","IMM-0035","IgG Subclass 4","Autoimmune / Immunoglobulins","Immunology","Routine","FALSE","TRUE","TRUE","1","1","0","ELISA/IFA/Immunoassay as validated","Serum","MANUAL","0","0","0","0","RATE_PENDING","NONE","N/A","TRUE","TRUE","TRUE","TRUE"
"957d1f3e-2f32-4595-b074-6cdfc031dcf9","IMM-0036","Cryoglobulin","Autoimmune / Immunoglobulins","Immunology","Routine","FALSE","TRUE","TRUE","1","1","0","ELISA/IFA/Immunoassay as validated","Serum","MANUAL","0","0","0","0","RATE_PENDING","NONE","N/A","TRUE","TRUE","TRUE","TRUE"
"7e6e2232-3973-4ef1-aba3-ba0427441319","IMM-0037","Cryofibrinogen","Autoimmune / Immunoglobulins","Immunology","Routine","FALSE","TRUE","TRUE","1","1","0","ELISA/IFA/Immunoassay as validated","Serum","MANUAL","0","0","0","0","RATE_PENDING","NONE","N/A","TRUE","TRUE","TRUE","TRUE"
"11d142ae-ea20-4960-8038-9f2f87e46a18","IMM-0038","Serum Protein Electrophoresis","Autoimmune / Immunoglobulins","Immunology","Routine","FALSE","TRUE","TRUE","1","1","0","ELISA/IFA/Immunoassay as validated","Serum","MANUAL","0","0","0","0","RATE_PENDING","NONE","N/A","TRUE","TRUE","TRUE","TRUE"
"7eab40f0-8995-41f2-abf9-40baa4842f38","IMM-0039","Immunofixation Electrophoresis, Serum","Autoimmune / Immunoglobulins","Immunology","Routine","FALSE","TRUE","TRUE","1","1","0","ELISA/IFA/Immunoassay as validated","Serum","MANUAL","0","0","0","0","RATE_PENDING","NONE","N/A","TRUE","TRUE","TRUE","TRUE"
"a28f0746-94be-40c7-b6d0-38c2b3a6e855","IMM-0040","Free Kappa Light Chain","Autoimmune / Immunoglobulins","Immunology","Routine","FALSE","TRUE","TRUE","1","1","0","ELISA/IFA/Immunoassay as validated","Serum","MANUAL","0","0","0","0","RATE_PENDING","NONE","N/A","TRUE","TRUE","TRUE","TRUE"
"1b8cafe1-a1c6-40ec-af5f-9fa2edc0bfbe","IMM-0041","Free Lambda Light Chain","Autoimmune / Immunoglobulins","Immunology","Routine","FALSE","TRUE","TRUE","1","1","0","ELISA/IFA/Immunoassay as validated","Serum","MANUAL","0","0","0","0","RATE_PENDING","NONE","N/A","TRUE","TRUE","TRUE","TRUE"
"43dc47f8-2cd5-4e89-aaf0-cd42f65f8c34","IMM-0042","Kappa/Lambda Ratio","Autoimmune / Immunoglobulins","Immunology","Routine","FALSE","TRUE","TRUE","1","1","0","Governed Mathematical Calculation","Serum","MANUAL","0","0","0","0","RATE_PENDING","NONE","N/A","TRUE","TRUE","TRUE","TRUE"
"d19de2f0-38ae-4f6c-a470-d3f9eb6ffc6c","IMM-0043","tTG IgA","Autoimmune / Immunoglobulins","Immunology","Routine","FALSE","TRUE","TRUE","1","1","0","ELISA/IFA/Immunoassay as validated","Serum","MANUAL","0","0","0","0","RATE_PENDING","NONE","N/A","TRUE","TRUE","TRUE","TRUE"
"b6a234d2-6a89-498c-8f71-e4de8d587d1a","IMM-0044","tTG IgG","Autoimmune / Immunoglobulins","Immunology","Routine","FALSE","TRUE","TRUE","1","1","0","ELISA/IFA/Immunoassay as validated","Serum","MANUAL","0","0","0","0","RATE_PENDING","NONE","N/A","TRUE","TRUE","TRUE","TRUE"
"73e3c66d-b85e-4914-9613-6344eb4a2ed6","IMM-0045","Deamidated Gliadin Peptide IgA","Autoimmune / Immunoglobulins","Immunology","Routine","FALSE","TRUE","TRUE","1","1","0","ELISA/IFA/Immunoassay as validated","Serum","MANUAL","0","0","0","0","RATE_PENDING","NONE","N/A","TRUE","TRUE","TRUE","TRUE"
"afb214f8-8007-4b2a-9cf5-4c369c4e96b7","IMM-0046","Deamidated Gliadin Peptide IgG","Autoimmune / Immunoglobulins","Immunology","Routine","FALSE","TRUE","TRUE","1","1","0","ELISA/IFA/Immunoassay as validated","Serum","MANUAL","0","0","0","0","RATE_PENDING","NONE","N/A","TRUE","TRUE","TRUE","TRUE"
"45aa46dd-7547-4eee-b70b-6892593389c9","IMM-0047","Endomysial Antibody IgA","Autoimmune / Immunoglobulins","Immunology","Routine","FALSE","TRUE","TRUE","1","1","0","ELISA/IFA/Immunoassay as validated","Serum","MANUAL","0","0","0","0","RATE_PENDING","NONE","N/A","TRUE","TRUE","TRUE","TRUE"
"c7d39136-9391-4933-a4c0-c1d993dbe3a9","IMM-0048","Intrinsic Factor Antibody","Autoimmune / Immunoglobulins","Immunology","Routine","FALSE","TRUE","TRUE","1","1","0","ELISA/IFA/Immunoassay as validated","Serum","MANUAL","0","0","0","0","RATE_PENDING","NONE","N/A","TRUE","TRUE","TRUE","TRUE"
"f03b3106-ecb2-4ec9-aab1-54ea7b95baf7","IMM-0049","Parietal Cell Antibody","Autoimmune / Immunoglobulins","Immunology","Routine","FALSE","TRUE","TRUE","1","1","0","ELISA/IFA/Immunoassay as validated","Serum","MANUAL","0","0","0","0","RATE_PENDING","NONE","N/A","TRUE","TRUE","TRUE","TRUE"
"effa62b9-e38a-43a7-9631-904518925caf","IMM-0050","Anti-Smooth Muscle Antibody","Autoimmune / Immunoglobulins","Immunology","Routine","FALSE","TRUE","TRUE","1","1","0","ELISA/IFA/Immunoassay as validated","Serum","MANUAL","0","0","0","0","RATE_PENDING","NONE","N/A","TRUE","TRUE","TRUE","TRUE"
"09e17790-f1ca-4ab2-8727-3a52e96a30d7","IMM-0051","Anti-Mitochondrial Antibody M2","Autoimmune / Immunoglobulins","Immunology","Routine","FALSE","TRUE","TRUE","1","1","0","ELISA/IFA/Immunoassay as validated","Serum","MANUAL","0","0","0","0","RATE_PENDING","NONE","N/A","TRUE","TRUE","TRUE","TRUE"
"7cf41d01-bf0e-407d-b552-ca25d7bb56b0","IMM-0052","Liver Kidney Microsomal Antibody (LKM-1)","Autoimmune / Immunoglobulins","Immunology","Routine","FALSE","TRUE","TRUE","1","1","0","ELISA/IFA/Immunoassay as validated","Serum","MANUAL","0","0","0","0","RATE_PENDING","NONE","N/A","TRUE","TRUE","TRUE","TRUE"
"7b4c3b45-87f6-4966-aaee-df69c49c2da1","IMM-0053","Soluble Liver Antigen Antibody","Autoimmune / Immunoglobulins","Immunology","Routine","FALSE","TRUE","TRUE","1","1","0","ELISA/IFA/Immunoassay as validated","Serum","MANUAL","0","0","0","0","RATE_PENDING","NONE","N/A","TRUE","TRUE","TRUE","TRUE"
"92b49df7-d288-445b-8f9f-2115e94e04b9","IMM-0054","Anti-Phosphatidylserine Antibody IgG","Autoimmune / Immunoglobulins","Immunology","Routine","FALSE","TRUE","TRUE","1","1","0","ELISA/IFA/Immunoassay as validated","Serum","MANUAL","0","0","0","0","RATE_PENDING","NONE","N/A","TRUE","TRUE","TRUE","TRUE"
"2083d916-a07c-4b0c-90fb-6733f6e8e560","IMM-0055","Anti-Phosphatidylserine Antibody IgM","Autoimmune / Immunoglobulins","Immunology","Routine","FALSE","TRUE","TRUE","1","1","0","ELISA/IFA/Immunoassay as validated","Serum","MANUAL","0","0","0","0","RATE_PENDING","NONE","N/A","TRUE","TRUE","TRUE","TRUE"
"fe01ae03-8acf-4f43-91f4-15053f8e5b47","IMM-0056","Anti-Histone Antibody","Autoimmune / Immunoglobulins","Immunology","Routine","FALSE","TRUE","TRUE","1","1","0","ELISA/IFA/Immunoassay as validated","Serum","MANUAL","0","0","0","0","RATE_PENDING","NONE","N/A","TRUE","TRUE","TRUE","TRUE"
"0334a583-0c10-4e7f-a091-b3ade3c68850","IMM-0057","Anti-Nucleosome Antibody","Autoimmune / Immunoglobulins","Immunology","Routine","FALSE","TRUE","TRUE","1","1","0","ELISA/IFA/Immunoassay as validated","Serum","MANUAL","0","0","0","0","RATE_PENDING","NONE","N/A","TRUE","TRUE","TRUE","TRUE"
"befb61c2-dd5f-4cf5-8c55-012ec4936f9b","IMM-0058","Anti-RNA Polymerase III","Autoimmune / Immunoglobulins","Immunology","Routine","FALSE","TRUE","TRUE","1","1","0","ELISA/IFA/Immunoassay as validated","Serum","MANUAL","0","0","0","0","RATE_PENDING","NONE","N/A","TRUE","TRUE","TRUE","TRUE"
"4cb720e3-596a-404a-9a6f-4c6275f402d9","IMM-0059","Anti-PM/Scl Antibody","Autoimmune / Immunoglobulins","Immunology","Routine","FALSE","TRUE","TRUE","1","1","0","ELISA/IFA/Immunoassay as validated","Serum","MANUAL","0","0","0","0","RATE_PENDING","NONE","N/A","TRUE","TRUE","TRUE","TRUE"
"bb7c494c-1551-4b22-876b-6ae944236247","IMM-0060","Anti-Mi-2 Antibody","Autoimmune / Immunoglobulins","Immunology","Routine","FALSE","TRUE","TRUE","1","1","0","ELISA/IFA/Immunoassay as validated","Serum","MANUAL","0","0","0","0","RATE_PENDING","NONE","N/A","TRUE","TRUE","TRUE","TRUE"
"21cbb923-7de6-4f47-8d67-fc5d30ed58c8","IMM-0061","Anti-SRP Antibody","Autoimmune / Immunoglobulins","Immunology","Routine","FALSE","TRUE","TRUE","1","1","0","ELISA/IFA/Immunoassay as validated","Serum","MANUAL","0","0","0","0","RATE_PENDING","NONE","N/A","TRUE","TRUE","TRUE","TRUE"
"141ffa82-7d4f-4ef9-8abb-a7d85bac7489","IMM-0062","Anti-AChR Binding Antibody","Autoimmune / Immunoglobulins","Immunology","Routine","FALSE","TRUE","TRUE","1","1","0","ELISA/IFA/Immunoassay as validated","Serum","MANUAL","0","0","0","0","RATE_PENDING","NONE","N/A","TRUE","TRUE","TRUE","TRUE"
"2fdecd12-b6f2-464a-98ac-fd98ec061afd","IMM-0063","Anti-MuSK Antibody","Autoimmune / Immunoglobulins","Immunology","Routine","FALSE","TRUE","TRUE","1","1","0","ELISA/IFA/Immunoassay as validated","Serum","MANUAL","0","0","0","0","RATE_PENDING","NONE","N/A","TRUE","TRUE","TRUE","TRUE"
"0e446ff1-d3fd-48c2-a2ae-679caec6a859","IMM-0064","Aquaporin-4 Antibody","Autoimmune / Immunoglobulins","Immunology","Routine","FALSE","TRUE","TRUE","1","1","0","ELISA/IFA/Immunoassay as validated","Serum","MANUAL","0","0","0","0","RATE_PENDING","NONE","N/A","TRUE","TRUE","TRUE","TRUE"
"d8791392-2ed2-4352-90d0-da08e57a6e75","IMM-0065","MOG Antibody","Autoimmune / Immunoglobulins","Immunology","Routine","FALSE","TRUE","TRUE","1","1","0","ELISA/IFA/Immunoassay as validated","Serum","MANUAL","0","0","0","0","RATE_PENDING","NONE","N/A","TRUE","TRUE","TRUE","TRUE"
"7d1a507b-6fd1-4250-be9b-e8bf63b34174","IMM-0066","Anti-GAD65 Antibody","Autoimmune / Immunoglobulins","Immunology","Routine","FALSE","TRUE","TRUE","1","1","0","ELISA/IFA/Immunoassay as validated","Serum","MANUAL","0","0","0","0","RATE_PENDING","NONE","N/A","TRUE","TRUE","TRUE","TRUE"
"b7c4800e-5c7f-4b4d-940f-297b1e218ddc","IMM-0067","IA-2 Antibody","Autoimmune / Immunoglobulins","Immunology","Routine","FALSE","TRUE","TRUE","1","1","0","ELISA/IFA/Immunoassay as validated","Serum","MANUAL","0","0","0","0","RATE_PENDING","NONE","N/A","TRUE","TRUE","TRUE","TRUE"
"468950ce-d183-421d-b68c-f8c4987d8521","IMM-0068","ZnT8 Antibody","Autoimmune / Immunoglobulins","Immunology","Routine","FALSE","TRUE","TRUE","1","1","0","ELISA/IFA/Immunoassay as validated","Serum","MANUAL","0","0","0","0","RATE_PENDING","NONE","N/A","TRUE","TRUE","TRUE","TRUE"
"7e6ca13e-0c16-416b-979c-8e3559ecb787","IMM-0069","Islet Cell Antibody","Autoimmune / Immunoglobulins","Immunology","Routine","FALSE","TRUE","TRUE","1","1","0","ELISA/IFA/Immunoassay as validated","Serum","MANUAL","0","0","0","0","RATE_PENDING","NONE","N/A","TRUE","TRUE","TRUE","TRUE"
"dc596b74-d270-4aa1-97e8-a7e90c779b8d","IMM-0070","Anti-PLA2R Antibody","Special Immunology","Immunology","Routine","FALSE","TRUE","TRUE","1","1","0","ELISA/Flow/Functional assay as validated","Serum / Whole Blood as applicable","MANUAL","0","0","0","0","RATE_PENDING","NONE","N/A","TRUE","TRUE","TRUE","TRUE"
"67bf7b91-19d1-456b-94cb-0796e64b282d","IMM-0071","Anti-THSD7A Antibody","Special Immunology","Immunology","Routine","FALSE","TRUE","TRUE","1","1","0","ELISA/Flow/Functional assay as validated","Serum / Whole Blood as applicable","MANUAL","0","0","0","0","RATE_PENDING","NONE","N/A","TRUE","TRUE","TRUE","TRUE"
"fcfcd639-bbac-4078-ad08-008fae8ea5a0","IMM-0072","Anti-BP180 Antibody","Special Immunology","Immunology","Routine","FALSE","TRUE","TRUE","1","1","0","ELISA/Flow/Functional assay as validated","Serum / Whole Blood as applicable","MANUAL","0","0","0","0","RATE_PENDING","NONE","N/A","TRUE","TRUE","TRUE","TRUE"
"5491b495-628c-4200-8a82-536002d6c26c","IMM-0073","Anti-BP230 Antibody","Special Immunology","Immunology","Routine","FALSE","TRUE","TRUE","1","1","0","ELISA/Flow/Functional assay as validated","Serum / Whole Blood as applicable","MANUAL","0","0","0","0","RATE_PENDING","NONE","N/A","TRUE","TRUE","TRUE","TRUE"
"22a0ef96-76bc-44a9-8e5d-9bf576ac5e03","IMM-0074","Desmoglein 1 Antibody","Special Immunology","Immunology","Routine","FALSE","TRUE","TRUE","1","1","0","ELISA/Flow/Functional assay as validated","Serum / Whole Blood as applicable","MANUAL","0","0","0","0","RATE_PENDING","NONE","N/A","TRUE","TRUE","TRUE","TRUE"
"80048c74-76fd-4511-baf0-cf3e4ef19e8e","IMM-0075","Desmoglein 3 Antibody","Special Immunology","Immunology","Routine","FALSE","TRUE","TRUE","1","1","0","ELISA/Flow/Functional assay as validated","Serum / Whole Blood as applicable","MANUAL","0","0","0","0","RATE_PENDING","NONE","N/A","TRUE","TRUE","TRUE","TRUE"
"816f86e6-0f19-4604-80cd-e91ff5f20b2a","IMM-0076","Anti-TTG IgA with Total IgA Reflex","Special Immunology","Immunology","Routine","FALSE","TRUE","TRUE","1","1","0","ELISA/Flow/Functional assay as validated","Serum / Whole Blood as applicable","MANUAL","0","0","0","0","RATE_PENDING","NONE","N/A","TRUE","TRUE","TRUE","TRUE"
"9756ea81-0099-49b0-9d50-159aa7277886","IMM-0077","Anti-Saccharomyces cerevisiae IgA","Special Immunology","Immunology","Routine","FALSE","TRUE","TRUE","1","1","0","ELISA/Flow/Functional assay as validated","Serum / Whole Blood as applicable","MANUAL","0","0","0","0","RATE_PENDING","NONE","N/A","TRUE","TRUE","TRUE","TRUE"
"ba36b7cf-d7a7-4ce1-9bed-1ffadd9b79bd","IMM-0078","Anti-Saccharomyces cerevisiae IgG","Special Immunology","Immunology","Routine","FALSE","TRUE","TRUE","1","1","0","ELISA/Flow/Functional assay as validated","Serum / Whole Blood as applicable","MANUAL","0","0","0","0","RATE_PENDING","NONE","N/A","TRUE","TRUE","TRUE","TRUE"
"c613a25b-0d0d-4d2c-949d-848ec7b74708","IMM-0079","Anti-CCP3","Special Immunology","Immunology","Routine","FALSE","TRUE","TRUE","1","1","0","ELISA/Flow/Functional assay as validated","Serum / Whole Blood as applicable","MANUAL","0","0","0","0","RATE_PENDING","NONE","N/A","TRUE","TRUE","TRUE","TRUE"
"48b1fb8b-3866-4ef3-9b55-516d58d399b7","IMM-0080","Anti-CarP Antibody","Special Immunology","Immunology","Routine","FALSE","TRUE","TRUE","1","1","0","ELISA/Flow/Functional assay as validated","Serum / Whole Blood as applicable","MANUAL","0","0","0","0","RATE_PENDING","NONE","N/A","TRUE","TRUE","TRUE","TRUE"
"4915ae81-471e-4d6a-b099-fa5f347193cc","IMM-0081","Anti-DFS70 Antibody","Special Immunology","Immunology","Routine","FALSE","TRUE","TRUE","1","1","0","ELISA/Flow/Functional assay as validated","Serum / Whole Blood as applicable","MANUAL","0","0","0","0","RATE_PENDING","NONE","N/A","TRUE","TRUE","TRUE","TRUE"
"5659e4a2-cf30-484f-bb7b-2f0c1fea9244","IMM-0082","Anti-C1q Antibody","Special Immunology","Immunology","Routine","FALSE","TRUE","TRUE","1","1","0","ELISA/Flow/Functional assay as validated","Serum / Whole Blood as applicable","MANUAL","0","0","0","0","RATE_PENDING","NONE","N/A","TRUE","TRUE","TRUE","TRUE"
"191b9c72-8f7d-4d95-ab6e-56350616df61","IMM-0083","C1 Esterase Inhibitor Level","Special Immunology","Immunology","Routine","FALSE","TRUE","TRUE","1","1","0","ELISA/Flow/Functional assay as validated","Serum / Whole Blood as applicable","MANUAL","0","0","0","0","RATE_PENDING","NONE","N/A","TRUE","TRUE","TRUE","TRUE"
"b678252f-5b25-4226-ad14-3df4ff365316","IMM-0084","C1 Esterase Inhibitor Function","Special Immunology","Immunology","Routine","FALSE","TRUE","TRUE","1","1","0","ELISA/Flow/Functional assay as validated","Serum / Whole Blood as applicable","MANUAL","0","0","0","0","RATE_PENDING","NONE","N/A","TRUE","TRUE","TRUE","TRUE"
"050a659e-1836-4632-bf66-96f8cef24f66","IMM-0085","C2 Complement","Special Immunology","Immunology","Routine","FALSE","TRUE","TRUE","1","1","0","ELISA/Flow/Functional assay as validated","Serum / Whole Blood as applicable","MANUAL","0","0","0","0","RATE_PENDING","NONE","N/A","TRUE","TRUE","TRUE","TRUE"
"89c799f0-44b6-418e-8689-6570d9b7ccad","IMM-0086","C5 Complement","Special Immunology","Immunology","Routine","FALSE","TRUE","TRUE","1","1","0","ELISA/Flow/Functional assay as validated","Serum / Whole Blood as applicable","MANUAL","0","0","0","0","RATE_PENDING","NONE","N/A","TRUE","TRUE","TRUE","TRUE"
"e1985793-4e85-480f-b4f9-6046f45dff22","IMM-0087","Properdin","Special Immunology","Immunology","Routine","FALSE","TRUE","TRUE","1","1","0","ELISA/Flow/Functional assay as validated","Serum / Whole Blood as applicable","MANUAL","0","0","0","0","RATE_PENDING","NONE","N/A","TRUE","TRUE","TRUE","TRUE"
"b5645c5b-e97e-481d-85f9-bd7595ba3046","IMM-0088","Mannose Binding Lectin","Special Immunology","Immunology","Routine","FALSE","TRUE","TRUE","1","1","0","ELISA/Flow/Functional assay as validated","Serum / Whole Blood as applicable","MANUAL","0","0","0","0","RATE_PENDING","NONE","N/A","TRUE","TRUE","TRUE","TRUE"
"6113f6a8-1fee-4845-88e0-ebd3e733def9","IMM-0089","Neutrophil Oxidative Burst Test","Special Immunology","Immunology","Routine","FALSE","TRUE","TRUE","1","1","0","ELISA/Flow/Functional assay as validated","Serum / Whole Blood as applicable","MANUAL","0","0","0","0","RATE_PENDING","NONE","N/A","TRUE","TRUE","TRUE","TRUE"
"7a3a5f6f-2b39-42b8-9896-10987f593d67","IMM-0090","Lymphocyte Subset Panel","Special Immunology","Immunology","Routine","FALSE","TRUE","TRUE","1","1","0","ELISA/Flow/Functional assay as validated","Serum / Whole Blood as applicable","MANUAL","0","0","0","0","RATE_PENDING","NONE","N/A","TRUE","TRUE","TRUE","TRUE"
"5df2cfea-06f6-4937-8c45-07aa9669d6ed","IMM-0091","NK Cell Function","Special Immunology","Immunology","Routine","FALSE","TRUE","TRUE","1","1","0","ELISA/Flow/Functional assay as validated","Serum / Whole Blood as applicable","MANUAL","0","0","0","0","RATE_PENDING","NONE","N/A","TRUE","TRUE","TRUE","TRUE"
"c4f99820-70db-4c23-be78-e5b216b86c48","IMM-0092","Serum Immunoglobulin Electrophoresis","Special Immunology","Immunology","Routine","FALSE","TRUE","TRUE","1","1","0","ELISA/Flow/Functional assay as validated","Serum / Whole Blood as applicable","MANUAL","0","0","0","0","RATE_PENDING","NONE","N/A","TRUE","TRUE","TRUE","TRUE"
"d534a883-f874-4893-99d7-d8f835901eee","IMM-0093","Interleukin-6 (IL-6)","Serology & Immunology","Immunology","Routine","FALSE","TRUE","TRUE","1","1","0","FIA / CLIA / ELISA","Serum / EDTA Plasma","MANUAL","0","1","0","0","3000.00","CATALOGUE_RATE_VERSIONS","2026-09-16T07:36:39.564555+00:00","TRUE","TRUE","TRUE","TRUE"
"847b326c-f571-4cb0-a87f-0bb8de603147","IMM-INFLAMMATION","Sepsis & Inflammatory Markers Panel","Special Chemistry","Immunology","Routine","FALSE","TRUE","TRUE","1","1","2","Fluorescence Immunoassay (FIAcheck)","Serum","MANUAL","0","0","0","0","RATE_PENDING","NONE","N/A","TRUE","TRUE","TRUE","TRUE"
"8e42764b-3098-4552-85c5-9fdbf853f99a","IMM-VITAMINS","Vitamins Suite (Vit D & B12)","Special Chemistry","Clinical Biochemistry","Routine","FALSE","TRUE","TRUE","1","1","2","Fluorescence Immunoassay (FIAcheck)","Serum","MANUAL","0","0","0","0","RATE_PENDING","NONE","N/A","TRUE","TRUE","TRUE","TRUE"
"49da1aae-0110-4b90-8504-7dd8b2e61f93","MIC-0001","Gram Stain","Microscopy / Stains","Microbiology","Routine","FALSE","TRUE","TRUE","1","1","0","Microscopy","Clinical specimen as specified","MANUAL","0","0","0","0","200.00","CATALOGUE_RATE_VERSIONS","2026-09-18T12:20:51.538691+00:00","TRUE","TRUE","TRUE","TRUE"
"d29cb064-8c46-4b58-9419-56caaef70fd4","MIC-0002","AFB Smear by Ziehl-Neelsen","Microscopy / Stains","Microbiology","Routine","FALSE","TRUE","TRUE","1","1","0","Microscopy","Clinical specimen as specified","MANUAL","0","0","0","0","200.00","CATALOGUE_RATE_VERSIONS","2026-09-18T12:20:51.538707+00:00","TRUE","TRUE","TRUE","TRUE"
"865a4b1e-e060-45a4-9872-1d8bddcef695","MIC-0003","AFB Smear by Fluorescent Stain","Microscopy / Stains","Microbiology","Routine","FALSE","TRUE","TRUE","1","1","0","Fluorescence microscopy","Clinical specimen as specified","MANUAL","0","0","0","0","RATE_PENDING","NONE","N/A","TRUE","TRUE","TRUE","TRUE"
"162efa8d-6c0e-49b5-9904-70597f4ea0a3","MIC-0004","KOH Mount","Microscopy / Stains","Microbiology","Routine","FALSE","TRUE","TRUE","1","1","0","Microscopy","Clinical specimen as specified","MANUAL","0","0","0","0","400.00","CATALOGUE_RATE_VERSIONS","2026-09-18T12:20:51.538763+00:00","TRUE","TRUE","TRUE","TRUE"
"62d3bc4f-3e64-4695-a211-a55fe54faaa1","MIC-0005","India Ink Preparation","Microscopy / Stains","Microbiology","Routine","FALSE","TRUE","TRUE","1","1","0","Microscopy","Clinical specimen as specified","MANUAL","0","0","0","0","RATE_PENDING","NONE","N/A","TRUE","TRUE","TRUE","TRUE"
"87e8ddb7-5051-47f2-8fc2-d2a3924b3cc4","MIC-0006","Wet Mount","Microscopy / Stains","Microbiology","Routine","FALSE","TRUE","TRUE","1","1","0","Microscopy","Clinical specimen as specified","MANUAL","0","0","0","0","RATE_PENDING","NONE","N/A","TRUE","TRUE","TRUE","TRUE"
"874ed2ac-9fd1-4294-a7bf-2f66fbb9e870","MIC-0007","Albert Stain","Microscopy / Stains","Microbiology","Routine","FALSE","TRUE","TRUE","1","1","0","Microscopy","Clinical specimen as specified","MANUAL","0","0","0","0","RATE_PENDING","NONE","N/A","TRUE","TRUE","TRUE","TRUE"
"dca3949a-45b6-49b3-958e-a00370b9b085","MIC-0008","Modified Acid Fast Stain","Microscopy / Stains","Microbiology","Routine","FALSE","TRUE","TRUE","1","1","0","Microscopy","Clinical specimen as specified","MANUAL","0","0","0","0","RATE_PENDING","NONE","N/A","TRUE","TRUE","TRUE","TRUE"
"cc17e727-3b35-4e9e-86c3-3fbc44cfb8b8","MIC-0009","Lactophenol Cotton Blue Mount","Microscopy / Stains","Microbiology","Routine","FALSE","TRUE","TRUE","1","1","0","Microscopy","Clinical specimen as specified","MANUAL","0","0","0","0","RATE_PENDING","NONE","N/A","TRUE","TRUE","TRUE","TRUE"
"bc519114-2fb1-4ebb-8fe0-857b8fbc3cbf","MIC-0010","Blood Culture & Sensitivity","Bacteriology","Microbiology","Routine","FALSE","TRUE","TRUE","1","1","0","Culture, identification, AST per validated SOP","Blood","MANUAL","0","0","0","0","RATE_PENDING","NONE","N/A","TRUE","TRUE","TRUE","TRUE"
"52f6ee5d-1e41-4507-95dd-c4a658951ede","MIC-0011","Urine Culture & Sensitivity","Bacteriology","Microbiology","Routine","FALSE","TRUE","TRUE","1","1","0","Culture, identification, AST per validated SOP","Urine","MANUAL","0","0","0","0","500.00","CATALOGUE_RATE_VERSIONS","2026-09-18T12:20:51.538653+00:00","TRUE","TRUE","TRUE","TRUE"
"e6bd3b05-2330-49dc-8300-d23c2a24e494","MIC-0012","Stool Culture & Sensitivity","Bacteriology","Microbiology","Routine","FALSE","TRUE","TRUE","1","1","0","Culture, identification, AST per validated SOP","Stool","MANUAL","0","0","0","0","600.00","CATALOGUE_RATE_VERSIONS","2026-09-18T12:20:51.538671+00:00","TRUE","TRUE","TRUE","TRUE"
"39aba059-8d26-4602-b07c-2e110c200ec0","MIC-0013","Sputum Culture & Sensitivity","Bacteriology","Microbiology","Routine","FALSE","TRUE","TRUE","1","1","0","Culture, identification, AST per validated SOP","Sputum","MANUAL","0","0","0","0","RATE_PENDING","NONE","N/A","TRUE","TRUE","TRUE","TRUE"
"d41fad3d-6606-4bfd-9b0e-0529d0ce9a06","MIC-0014","Pus/Wound Swab Culture & Sensitivity","Bacteriology","Microbiology","Routine","FALSE","TRUE","TRUE","1","1","0","Culture, identification, AST per validated SOP","Pus/Wound Swab","MANUAL","0","0","0","0","RATE_PENDING","NONE","N/A","TRUE","TRUE","TRUE","TRUE"
"5749afa1-1433-49c7-96f9-4f699b56291e","MIC-0015","Throat Swab Culture & Sensitivity","Bacteriology","Microbiology","Routine","FALSE","TRUE","TRUE","1","1","0","Culture, identification, AST per validated SOP","Throat Swab","MANUAL","0","0","0","0","RATE_PENDING","NONE","N/A","TRUE","TRUE","TRUE","TRUE"
"d01d8546-9497-4de7-89b2-e804d05ee7a8","MIC-0016","Nasal Swab Culture & Sensitivity","Bacteriology","Microbiology","Routine","FALSE","TRUE","TRUE","1","1","0","Culture, identification, AST per validated SOP","Nasal Swab","MANUAL","0","0","0","0","RATE_PENDING","NONE","N/A","TRUE","TRUE","TRUE","TRUE"
"52d5872e-18c3-43bf-89ce-eecd2079758d","MIC-0017","Ear Swab Culture & Sensitivity","Bacteriology","Microbiology","Routine","FALSE","TRUE","TRUE","1","1","0","Culture, identification, AST per validated SOP","Ear Swab","MANUAL","0","0","0","0","RATE_PENDING","NONE","N/A","TRUE","TRUE","TRUE","TRUE"
"5dd0deaf-8671-40aa-a4ae-93cd9188ae38","MIC-0018","Eye/Conjunctival Swab Culture & Sensitivity","Bacteriology","Microbiology","Routine","FALSE","TRUE","TRUE","1","1","0","Culture, identification, AST per validated SOP","Eye/Conjunctival Swab","MANUAL","0","0","0","0","RATE_PENDING","NONE","N/A","TRUE","TRUE","TRUE","TRUE"
"635a25c5-8c3c-4562-a87e-8abda719184b","MIC-0019","CSF Culture & Sensitivity","Bacteriology","Microbiology","Routine","FALSE","TRUE","TRUE","1","1","0","Culture, identification, AST per validated SOP","CSF","MANUAL","0","0","0","0","RATE_PENDING","NONE","N/A","TRUE","TRUE","TRUE","TRUE"
"9f412134-5574-4089-ad55-b02bcc0bca71","MIC-0020","Pleural Fluid Culture & Sensitivity","Bacteriology","Microbiology","Routine","FALSE","TRUE","TRUE","1","1","0","Culture, identification, AST per validated SOP","Pleural Fluid","MANUAL","0","0","0","0","RATE_PENDING","NONE","N/A","TRUE","TRUE","TRUE","TRUE"
"d01b4bb6-7ef3-4879-9fe6-3eb732c2414e","MIC-0021","Ascitic Fluid Culture & Sensitivity","Bacteriology","Microbiology","Routine","FALSE","TRUE","TRUE","1","1","0","Culture, identification, AST per validated SOP","Ascitic Fluid","MANUAL","0","0","0","0","RATE_PENDING","NONE","N/A","TRUE","TRUE","TRUE","TRUE"
"79f762d1-2fec-42a7-b2f3-a281bb94403c","MIC-0022","Pericardial Fluid Culture & Sensitivity","Bacteriology","Microbiology","Routine","FALSE","TRUE","TRUE","1","1","0","Culture, identification, AST per validated SOP","Pericardial Fluid","MANUAL","0","0","0","0","RATE_PENDING","NONE","N/A","TRUE","TRUE","TRUE","TRUE"
"d2b76723-34c9-4aa1-862f-db73be222d85","MIC-0023","Synovial Fluid Culture & Sensitivity","Bacteriology","Microbiology","Routine","FALSE","TRUE","TRUE","1","1","0","Culture, identification, AST per validated SOP","Synovial Fluid","MANUAL","0","0","0","0","RATE_PENDING","NONE","N/A","TRUE","TRUE","TRUE","TRUE"
"6cd4cd68-3ac9-4a23-93d6-fd6a886321a6","MIC-0024","High Vaginal Swab Culture & Sensitivity","Bacteriology","Microbiology","Routine","FALSE","TRUE","TRUE","1","1","0","Culture, identification, AST per validated SOP","High Vaginal Swab","MANUAL","0","0","0","0","RATE_PENDING","NONE","N/A","TRUE","TRUE","TRUE","TRUE"
"b01d5316-8ada-4c78-b191-ebe41b5630a2","MIC-0025","Endocervical Swab Culture & Sensitivity","Bacteriology","Microbiology","Routine","FALSE","TRUE","TRUE","1","1","0","Culture, identification, AST per validated SOP","Endocervical Swab","MANUAL","0","0","0","0","RATE_PENDING","NONE","N/A","TRUE","TRUE","TRUE","TRUE"
"e1776dcf-2a0a-4f4f-bc99-fb7e5cc031fc","MIC-0026","Urethral Swab Culture & Sensitivity","Bacteriology","Microbiology","Routine","FALSE","TRUE","TRUE","1","1","0","Culture, identification, AST per validated SOP","Urethral Swab","MANUAL","0","0","0","0","RATE_PENDING","NONE","N/A","TRUE","TRUE","TRUE","TRUE"
"c6700366-cc5e-485b-a810-f5d8d7f9dd58","MIC-0027","Semen Culture & Sensitivity","Bacteriology","Microbiology","Routine","FALSE","TRUE","TRUE","1","1","0","Culture, identification, AST per validated SOP","Semen","MANUAL","0","0","0","0","RATE_PENDING","NONE","N/A","TRUE","TRUE","TRUE","TRUE"
"f9900611-e782-4d1e-ab7c-f6616417be3c","MIC-0028","Prostatic Secretion Culture & Sensitivity","Bacteriology","Microbiology","Routine","FALSE","TRUE","TRUE","1","1","0","Culture, identification, AST per validated SOP","Prostatic Secretion","MANUAL","0","0","0","0","RATE_PENDING","NONE","N/A","TRUE","TRUE","TRUE","TRUE"
"3df21876-5e97-4ac4-8e7e-6702833d4af6","MIC-0029","Catheter Tip Culture & Sensitivity","Bacteriology","Microbiology","Routine","FALSE","TRUE","TRUE","1","1","0","Culture, identification, AST per validated SOP","Catheter Tip","MANUAL","0","0","0","0","RATE_PENDING","NONE","N/A","TRUE","TRUE","TRUE","TRUE"
"91b27659-3612-4f26-9cc7-c83a1cc28765","MIC-0030","Drain Fluid Culture & Sensitivity","Bacteriology","Microbiology","Routine","FALSE","TRUE","TRUE","1","1","0","Culture, identification, AST per validated SOP","Drain Fluid","MANUAL","0","0","0","0","RATE_PENDING","NONE","N/A","TRUE","TRUE","TRUE","TRUE"
"b84c888c-d3b7-4f91-9506-5a0449ca2232","MIC-0031","Tissue Culture & Sensitivity","Bacteriology","Microbiology","Routine","FALSE","TRUE","TRUE","1","1","0","Culture, identification, AST per validated SOP","Tissue","MANUAL","0","0","0","0","RATE_PENDING","NONE","N/A","TRUE","TRUE","TRUE","TRUE"
"ea7c0ab3-2255-4669-9bcb-7feb2f50cfc5","MIC-0032","Bone Culture & Sensitivity","Bacteriology","Microbiology","Routine","FALSE","TRUE","TRUE","1","1","0","Culture, identification, AST per validated SOP","Bone","MANUAL","0","0","0","0","RATE_PENDING","NONE","N/A","TRUE","TRUE","TRUE","TRUE"
"b795453a-1422-4506-8839-dde66c111454","MIC-0033","Bile Culture & Sensitivity","Bacteriology","Microbiology","Routine","FALSE","TRUE","TRUE","1","1","0","Culture, identification, AST per validated SOP","Bile","MANUAL","0","0","0","0","RATE_PENDING","NONE","N/A","TRUE","TRUE","TRUE","TRUE"
"00e83ad1-6199-4e56-ba0f-18bcdc8269bd","MIC-0034","Bronchoalveolar Lavage Culture & Sensitivity","Bacteriology","Microbiology","Routine","FALSE","TRUE","TRUE","1","1","0","Culture, identification, AST per validated SOP","Bronchoalveolar Lavage","MANUAL","0","0","0","0","RATE_PENDING","NONE","N/A","TRUE","TRUE","TRUE","TRUE"
"f9534bc0-7005-481d-b880-f74f6cf59a98","MIC-0035","Tracheal Aspirate Culture & Sensitivity","Bacteriology","Microbiology","Routine","FALSE","TRUE","TRUE","1","1","0","Culture, identification, AST per validated SOP","Tracheal Aspirate","MANUAL","0","0","0","0","RATE_PENDING","NONE","N/A","TRUE","TRUE","TRUE","TRUE"
"9596c80d-f722-4713-9292-7f75a3221ea7","MIC-0036","Endotracheal Aspirate Culture & Sensitivity","Bacteriology","Microbiology","Routine","FALSE","TRUE","TRUE","1","1","0","Culture, identification, AST per validated SOP","Endotracheal Aspirate","MANUAL","0","0","0","0","RATE_PENDING","NONE","N/A","TRUE","TRUE","TRUE","TRUE"
"5c5474ce-a47a-42e3-8179-2616431ce58a","MIC-0037","Placental Tissue Culture & Sensitivity","Bacteriology","Microbiology","Routine","FALSE","TRUE","TRUE","1","1","0","Culture, identification, AST per validated SOP","Placental Tissue","MANUAL","0","0","0","0","RATE_PENDING","NONE","N/A","TRUE","TRUE","TRUE","TRUE"
"20d33098-0fe6-4d9d-b6e0-307aec54c20e","MIC-0038","Umbilical Swab Culture & Sensitivity","Bacteriology","Microbiology","Routine","FALSE","TRUE","TRUE","1","1","0","Culture, identification, AST per validated SOP","Umbilical Swab","MANUAL","0","0","0","0","RATE_PENDING","NONE","N/A","TRUE","TRUE","TRUE","TRUE"
"7852a812-ecac-463e-a968-e36868a06afd","MIC-0039","Breast Milk Culture & Sensitivity","Bacteriology","Microbiology","Routine","FALSE","TRUE","TRUE","1","1","0","Culture, identification, AST per validated SOP","Breast Milk","MANUAL","0","0","0","0","RATE_PENDING","NONE","N/A","TRUE","TRUE","TRUE","TRUE"
"cf27e0d5-c8bc-4efa-a83e-91c4486b7a62","MIC-0040","Sputum Mycobacterial Culture","Mycobacteriology","Microbiology","Routine","FALSE","TRUE","TRUE","1","1","0","Liquid/Solid mycobacterial culture","Sputum","MANUAL","0","0","0","0","RATE_PENDING","NONE","N/A","TRUE","TRUE","TRUE","TRUE"
"a9ca7e85-2518-4337-89f1-c8ea45e1fc01","MIC-0041","BAL Mycobacterial Culture","Mycobacteriology","Microbiology","Routine","FALSE","TRUE","TRUE","1","1","0","Liquid/Solid mycobacterial culture","BAL","MANUAL","0","0","0","0","RATE_PENDING","NONE","N/A","TRUE","TRUE","TRUE","TRUE"
"55a11e58-2315-4714-8005-52139d6c6c2e","MIC-0042","Tissue Mycobacterial Culture","Mycobacteriology","Microbiology","Routine","FALSE","TRUE","TRUE","1","1","0","Liquid/Solid mycobacterial culture","Tissue","MANUAL","0","0","0","0","RATE_PENDING","NONE","N/A","TRUE","TRUE","TRUE","TRUE"
"8dd51f50-e9f6-413a-b09e-b6c2e53fd159","MIC-0043","CSF Mycobacterial Culture","Mycobacteriology","Microbiology","Routine","FALSE","TRUE","TRUE","1","1","0","Liquid/Solid mycobacterial culture","CSF","MANUAL","0","0","0","0","RATE_PENDING","NONE","N/A","TRUE","TRUE","TRUE","TRUE"
"c42a4ace-c2d5-45ca-9743-0ad13afa41c8","MIC-0044","Urine Mycobacterial Culture","Mycobacteriology","Microbiology","Routine","FALSE","TRUE","TRUE","1","1","0","Liquid/Solid mycobacterial culture","Urine","MANUAL","0","0","0","0","RATE_PENDING","NONE","N/A","TRUE","TRUE","TRUE","TRUE"
"f5752a26-ea82-41f4-8cad-e03e1a420c21","MIC-0045","Pus Mycobacterial Culture","Mycobacteriology","Microbiology","Routine","FALSE","TRUE","TRUE","1","1","0","Liquid/Solid mycobacterial culture","Pus","MANUAL","0","0","0","0","RATE_PENDING","NONE","N/A","TRUE","TRUE","TRUE","TRUE"
"3cdb08de-33f7-41cb-9acb-e46d4c1968b7","MIC-0046","Lymph Node Aspirate Mycobacterial Culture","Mycobacteriology","Microbiology","Routine","FALSE","TRUE","TRUE","1","1","0","Liquid/Solid mycobacterial culture","Lymph Node Aspirate","MANUAL","0","0","0","0","RATE_PENDING","NONE","N/A","TRUE","TRUE","TRUE","TRUE"
"b015a64f-f2d7-406e-b771-89cf159c840f","MIC-0047","Skin Scraping Fungal Culture","Mycology","Microbiology","Routine","FALSE","TRUE","TRUE","1","1","0","Fungal culture and identification","Skin Scraping","MANUAL","0","0","0","0","RATE_PENDING","NONE","N/A","TRUE","TRUE","TRUE","TRUE"
"6858eeb2-36d1-4506-9a4f-970ff4906070","MIC-0048","Nail Clipping Fungal Culture","Mycology","Microbiology","Routine","FALSE","TRUE","TRUE","1","1","0","Fungal culture and identification","Nail Clipping","MANUAL","0","0","0","0","RATE_PENDING","NONE","N/A","TRUE","TRUE","TRUE","TRUE"
"35cdeaf5-05a9-4ed3-a7bb-03a1ca5b84fe","MIC-0049","Hair Fungal Culture","Mycology","Microbiology","Routine","FALSE","TRUE","TRUE","1","1","0","Fungal culture and identification","Hair","MANUAL","0","0","0","0","RATE_PENDING","NONE","N/A","TRUE","TRUE","TRUE","TRUE"
"b3e3a7fa-e170-4014-9357-27ae807ea30a","MIC-0050","Sputum Fungal Culture","Mycology","Microbiology","Routine","FALSE","TRUE","TRUE","1","1","0","Fungal culture and identification","Sputum","MANUAL","0","0","0","0","RATE_PENDING","NONE","N/A","TRUE","TRUE","TRUE","TRUE"
"916996bd-c3e3-4756-915d-7db78bb30c84","MIC-0051","BAL Fungal Culture","Mycology","Microbiology","Routine","FALSE","TRUE","TRUE","1","1","0","Fungal culture and identification","BAL","MANUAL","0","0","0","0","RATE_PENDING","NONE","N/A","TRUE","TRUE","TRUE","TRUE"
"8c10f3e9-7800-453f-bb7f-d27b4d3a92e6","MIC-0052","Tissue Fungal Culture","Mycology","Microbiology","Routine","FALSE","TRUE","TRUE","1","1","0","Fungal culture and identification","Tissue","MANUAL","0","0","0","0","RATE_PENDING","NONE","N/A","TRUE","TRUE","TRUE","TRUE"
"fceb73b8-453f-4da1-933a-8a22689286e5","MIC-0053","Blood Fungal Culture","Mycology","Microbiology","Routine","FALSE","TRUE","TRUE","1","1","0","Fungal culture and identification","Blood","MANUAL","0","0","0","0","RATE_PENDING","NONE","N/A","TRUE","TRUE","TRUE","TRUE"
"e2434c07-6733-4147-8c2b-d7b9b2095783","MIC-0054","Urine Fungal Culture","Mycology","Microbiology","Routine","FALSE","TRUE","TRUE","1","1","0","Fungal culture and identification","Urine","MANUAL","0","0","0","0","RATE_PENDING","NONE","N/A","TRUE","TRUE","TRUE","TRUE"
"fff52bf4-061b-4cda-b763-9488b4a85d70","MIC-0055","CSF Fungal Culture","Mycology","Microbiology","Routine","FALSE","TRUE","TRUE","1","1","0","Fungal culture and identification","CSF","MANUAL","0","0","0","0","RATE_PENDING","NONE","N/A","TRUE","TRUE","TRUE","TRUE"
"48cbbb56-2af0-4a78-912b-45b28b5ae4de","MIC-0056","Vaginal Swab Fungal Culture","Mycology","Microbiology","Routine","FALSE","TRUE","TRUE","1","1","0","Fungal culture and identification","Vaginal Swab","MANUAL","0","0","0","0","RATE_PENDING","NONE","N/A","TRUE","TRUE","TRUE","TRUE"
"d5794725-7f54-4368-aa0a-62c7b3061630","MIC-0057","Anaerobic Culture & Sensitivity","Special Bacteriology","Microbiology","Routine","FALSE","TRUE","TRUE","1","1","0","Culture/AST platform per SOP","Clinical specimen as specified","MANUAL","0","0","0","0","RATE_PENDING","NONE","N/A","TRUE","TRUE","TRUE","TRUE"
"67a2174e-23ea-471a-b2ef-8d57584a03d7","MIC-0058","MRSA Screen Culture","Special Bacteriology","Microbiology","Routine","FALSE","TRUE","TRUE","1","1","0","Culture/AST platform per SOP","Clinical specimen as specified","MANUAL","0","0","0","0","RATE_PENDING","NONE","N/A","TRUE","TRUE","TRUE","TRUE"
"4b3d9d7e-91f2-40af-b798-b9bee1a4d872","MIC-0059","VRE Screen Culture","Special Bacteriology","Microbiology","Routine","FALSE","TRUE","TRUE","1","1","0","Culture/AST platform per SOP","Clinical specimen as specified","MANUAL","0","0","0","0","RATE_PENDING","NONE","N/A","TRUE","TRUE","TRUE","TRUE"
"ec4783d5-d4e1-4ec6-960a-acb6992b0365","MIC-0060","ESBL Phenotypic Confirmation","Special Bacteriology","Microbiology","Routine","FALSE","TRUE","TRUE","1","1","0","Culture/AST platform per SOP","Clinical specimen as specified","MANUAL","0","0","0","0","RATE_PENDING","NONE","N/A","TRUE","TRUE","TRUE","TRUE"
"40aecf88-5a31-4dcc-937f-7b9d4e8d4859","MIC-0061","Carbapenemase Phenotypic Confirmation","Special Bacteriology","Microbiology","Routine","FALSE","TRUE","TRUE","1","1","0","Culture/AST platform per SOP","Clinical specimen as specified","MANUAL","0","0","0","0","RATE_PENDING","NONE","N/A","TRUE","TRUE","TRUE","TRUE"
"dc9926d3-b527-4cc6-ba87-6fb0d614ef36","MIC-0062","Colistin Susceptibility Test","Special Bacteriology","Microbiology","Routine","FALSE","TRUE","TRUE","1","1","0","Culture/AST platform per SOP","Clinical specimen as specified","MANUAL","0","0","0","0","RATE_PENDING","NONE","N/A","TRUE","TRUE","TRUE","TRUE"
"f3225fa1-829a-4f90-8003-ca1f04570a6d","MIC-0063","MIC by Broth Microdilution","Special Bacteriology","Microbiology","Routine","FALSE","TRUE","TRUE","1","1","0","Culture/AST platform per SOP","Clinical specimen as specified","MANUAL","0","0","0","0","RATE_PENDING","NONE","N/A","TRUE","TRUE","TRUE","TRUE"
"3ed0b30c-5b52-4e56-8e08-4f0b4aafab36","MIC-0064","Automated Blood Culture","Special Bacteriology","Microbiology","Routine","FALSE","TRUE","TRUE","1","1","0","Culture/AST platform per SOP","Clinical specimen as specified","MANUAL","0","0","0","0","RATE_PENDING","NONE","N/A","TRUE","TRUE","TRUE","TRUE"
"b473ac73-ff85-49d1-8024-00199be41626","MIC-0065","Fungal Blood Culture","Special Bacteriology","Microbiology","Routine","FALSE","TRUE","TRUE","1","1","0","Culture/AST platform per SOP","Clinical specimen as specified","MANUAL","0","0","0","0","RATE_PENDING","NONE","N/A","TRUE","TRUE","TRUE","TRUE"
"3051ba4b-2971-4bf8-9be7-c92f3c68df2f","MIC-0066","Sterility Culture","Special Bacteriology","Microbiology","Routine","FALSE","TRUE","TRUE","1","1","0","Culture/AST platform per SOP","Clinical specimen as specified","MANUAL","0","0","0","0","RATE_PENDING","NONE","N/A","TRUE","TRUE","TRUE","TRUE"
"9e9b411d-dcbe-43d9-8767-10d4be229081","MOL-0001","SARS-CoV-2 RT-PCR","Infectious Molecular","Molecular Diagnostics","Routine","FALSE","TRUE","TRUE","1","1","0","RT-PCR","Respiratory swab","MANUAL","0","0","0","0","RATE_PENDING","NONE","N/A","TRUE","TRUE","TRUE","TRUE"
"42ed6fa5-3f46-4479-a604-2a99dba54017","MOL-0002","Influenza A PCR","Infectious Molecular","Molecular Diagnostics","Routine","FALSE","TRUE","TRUE","1","1","0","RT-PCR","Respiratory swab","MANUAL","0","0","0","0","RATE_PENDING","NONE","N/A","TRUE","TRUE","TRUE","TRUE"
"4fac8a60-8a73-4478-a8e9-c80169eff04d","MOL-0003","Influenza B PCR","Infectious Molecular","Molecular Diagnostics","Routine","FALSE","TRUE","TRUE","1","1","0","RT-PCR","Respiratory swab","MANUAL","0","0","0","0","RATE_PENDING","NONE","N/A","TRUE","TRUE","TRUE","TRUE"
"2fa457e9-da52-47bd-b8f8-031a98a16965","MOL-0004","RSV PCR","Infectious Molecular","Molecular Diagnostics","Routine","FALSE","TRUE","TRUE","1","1","0","RT-PCR","Respiratory swab","MANUAL","0","0","0","0","RATE_PENDING","NONE","N/A","TRUE","TRUE","TRUE","TRUE"
"d0fe0406-269b-492e-a3f1-3b976d268944","MOL-0005","HBV DNA Quantitative","Infectious Molecular","Molecular Diagnostics","Routine","FALSE","TRUE","TRUE","1","1","0","Real-time PCR","EDTA Plasma","MANUAL","0","0","0","0","RATE_PENDING","NONE","N/A","TRUE","TRUE","TRUE","TRUE"
"40d30b8e-5444-49b0-8efb-e1716c481e89","MOL-0006","HCV RNA Quantitative","Infectious Molecular","Molecular Diagnostics","Routine","FALSE","TRUE","TRUE","1","1","0","Real-time RT-PCR","EDTA Plasma","MANUAL","0","0","0","0","RATE_PENDING","NONE","N/A","TRUE","TRUE","TRUE","TRUE"
"e1111611-56b2-4885-a167-e86a0e621f60","MOL-0007","HIV-1 RNA Viral Load","Infectious Molecular","Molecular Diagnostics","Routine","FALSE","TRUE","TRUE","1","1","0","Real-time RT-PCR","EDTA Plasma","MANUAL","0","0","0","0","RATE_PENDING","NONE","N/A","TRUE","TRUE","TRUE","TRUE"
"d6dde9c0-735f-4385-bbf9-b0d189d85027","MOL-0008","CMV DNA Quantitative","Infectious Molecular","Molecular Diagnostics","Routine","FALSE","TRUE","TRUE","1","1","0","Real-time PCR","EDTA Plasma/Whole Blood","MANUAL","0","0","0","0","RATE_PENDING","NONE","N/A","TRUE","TRUE","TRUE","TRUE"
"9ee5e752-545f-453b-93c6-9923429d3185","MOL-0009","EBV DNA Quantitative","Infectious Molecular","Molecular Diagnostics","Routine","FALSE","TRUE","TRUE","1","1","0","Real-time PCR","EDTA Whole Blood/Plasma","MANUAL","0","0","0","0","RATE_PENDING","NONE","N/A","TRUE","TRUE","TRUE","TRUE"
"b48704a4-cd30-452f-9924-8e87f47907d5","MOL-0010","BK Virus DNA Quantitative","Infectious Molecular","Molecular Diagnostics","Routine","FALSE","TRUE","TRUE","1","1","0","Real-time PCR","Plasma/Urine","MANUAL","0","0","0","0","RATE_PENDING","NONE","N/A","TRUE","TRUE","TRUE","TRUE"
"8d87587b-cb68-482d-9820-2df9e93911c8","MOL-0011","JC Virus DNA PCR","Infectious Molecular","Molecular Diagnostics","Routine","FALSE","TRUE","TRUE","1","1","0","PCR","CSF/Plasma","MANUAL","0","0","0","0","RATE_PENDING","NONE","N/A","TRUE","TRUE","TRUE","TRUE"
"950be1b7-6ff9-4c64-ba2f-fcb4c91d855b","MOL-0012","HSV-1/2 DNA PCR","Infectious Molecular","Molecular Diagnostics","Routine","FALSE","TRUE","TRUE","1","1","0","PCR","CSF/Lesion swab","MANUAL","0","0","0","0","RATE_PENDING","NONE","N/A","TRUE","TRUE","TRUE","TRUE"
"10a454e5-11e9-40b6-9b9f-cdceae73dec6","MOL-0013","VZV DNA PCR","Infectious Molecular","Molecular Diagnostics","Routine","FALSE","TRUE","TRUE","1","1","0","PCR","CSF/Lesion swab","MANUAL","0","0","0","0","RATE_PENDING","NONE","N/A","TRUE","TRUE","TRUE","TRUE"
"8d42bf24-56f7-466b-ab3c-aa3a909123a9","MOL-0014","HPV DNA (High Risk PCR)","Infectious Molecular","Molecular Diagnostics","Routine","FALSE","TRUE","TRUE","1","1","0","PCR/Hybrid capture","Cervical specimen","MANUAL","0","0","0","0","4500.00","CATALOGUE_RATE_VERSIONS","2026-09-16T13:48:47.452993+00:00","TRUE","TRUE","TRUE","TRUE"
"b5030cae-9a26-44d4-9803-a2430ff72542","MOL-0015","HPV Genotyping","Infectious Molecular","Molecular Diagnostics","Routine","FALSE","TRUE","TRUE","1","1","0","PCR","Cervical specimen","MANUAL","0","0","0","0","RATE_PENDING","NONE","N/A","TRUE","TRUE","TRUE","TRUE"
"8810fa1d-ccb1-4645-8e17-956bfc77fbf4","MOL-0016","Chlamydia trachomatis NAAT","Infectious Molecular","Molecular Diagnostics","Routine","FALSE","TRUE","TRUE","1","1","0","NAAT","Urine/Swab","MANUAL","0","0","0","0","RATE_PENDING","NONE","N/A","TRUE","TRUE","TRUE","TRUE"
"41636358-4b9f-495b-a050-22a863fdce3e","MOL-0017","Neisseria gonorrhoeae NAAT","Infectious Molecular","Molecular Diagnostics","Routine","FALSE","TRUE","TRUE","1","1","0","NAAT","Urine/Swab","MANUAL","0","0","0","0","RATE_PENDING","NONE","N/A","TRUE","TRUE","TRUE","TRUE"
"5614632b-d482-4967-9bbc-7aa00ddd2217","MOL-0018","Trichomonas vaginalis NAAT","Infectious Molecular","Molecular Diagnostics","Routine","FALSE","TRUE","TRUE","1","1","0","NAAT","Urine/Swab","MANUAL","0","0","0","0","RATE_PENDING","NONE","N/A","TRUE","TRUE","TRUE","TRUE"
"ea3d8b66-5e76-4ba7-9650-679a36386d84","MOL-0019","Mycoplasma genitalium NAAT","Infectious Molecular","Molecular Diagnostics","Routine","FALSE","TRUE","TRUE","1","1","0","NAAT","Urine/Swab","MANUAL","0","0","0","0","RATE_PENDING","NONE","N/A","TRUE","TRUE","TRUE","TRUE"
"72cfba76-c43f-46e2-a2ba-d53c1f7a1b40","MOL-0020","TB MTB/RIF Molecular Test","Infectious Molecular","Molecular Diagnostics","Routine","FALSE","TRUE","TRUE","1","1","0","Cartridge NAAT","Sputum/Clinical specimen","MANUAL","0","0","0","0","RATE_PENDING","NONE","N/A","TRUE","TRUE","TRUE","TRUE"
"ee3a73a4-17c7-4bbf-83d2-e612a0189108","MOL-0021","MTB PCR","Infectious Molecular","Molecular Diagnostics","Routine","FALSE","TRUE","TRUE","1","1","0","Real-time PCR","Clinical specimen","MANUAL","0","0","0","0","RATE_PENDING","NONE","N/A","TRUE","TRUE","TRUE","TRUE"
"f755eb3d-c766-41e5-9448-bf7dce219e2b","MOL-0022","TB Drug Resistance Molecular Panel","Infectious Molecular","Molecular Diagnostics","Routine","FALSE","TRUE","TRUE","1","1","0","Line probe/PCR","Sputum/Culture isolate","MANUAL","0","0","0","0","RATE_PENDING","NONE","N/A","TRUE","TRUE","TRUE","TRUE"
"8655f010-568b-4b19-8ce9-925070eb3f31","MOL-0023","Malaria PCR","Infectious Molecular","Molecular Diagnostics","Routine","FALSE","TRUE","TRUE","1","1","0","PCR","Whole Blood","MANUAL","0","0","0","0","RATE_PENDING","NONE","N/A","TRUE","TRUE","TRUE","TRUE"
"bf9c3c33-fab4-4dda-a531-1a5d9b50df37","MOL-0024","Dengue RT-PCR","Infectious Molecular","Molecular Diagnostics","Routine","FALSE","TRUE","TRUE","1","1","0","RT-PCR","Serum","MANUAL","0","0","0","0","RATE_PENDING","NONE","N/A","TRUE","TRUE","TRUE","TRUE"
"a6cda9ae-261f-4772-984c-43c7f72be059","MOL-0025","Chikungunya RT-PCR","Infectious Molecular","Molecular Diagnostics","Routine","FALSE","TRUE","TRUE","1","1","0","RT-PCR","Serum","MANUAL","0","0","0","0","RATE_PENDING","NONE","N/A","TRUE","TRUE","TRUE","TRUE"
"f2b159ca-a601-4f06-8f35-597c4f0f6d64","MOL-0026","Scrub Typhus PCR","Infectious Molecular","Molecular Diagnostics","Routine","FALSE","TRUE","TRUE","1","1","0","PCR","Whole Blood","MANUAL","0","0","0","0","RATE_PENDING","NONE","N/A","TRUE","TRUE","TRUE","TRUE"
"6f081024-ca20-4d2c-b9f5-30e857f5ef8d","MOL-0027","Leptospira PCR","Infectious Molecular","Molecular Diagnostics","Routine","FALSE","TRUE","TRUE","1","1","0","PCR","Whole Blood/Urine","MANUAL","0","0","0","0","RATE_PENDING","NONE","N/A","TRUE","TRUE","TRUE","TRUE"
"6aee82d6-1cf6-4973-9606-39036fc4c12c","MOL-0028","BCR-ABL1 Quantitative PCR","Oncology Molecular","Molecular Diagnostics","Routine","FALSE","TRUE","TRUE","1","1","0","RT-qPCR","EDTA Blood/Bone Marrow","MANUAL","0","0","0","0","RATE_PENDING","NONE","N/A","TRUE","TRUE","TRUE","TRUE"
"e4bdd10f-b02d-4c9e-bd29-b08627f21757","MOL-0029","JAK2 V617F Mutation","Oncology Molecular","Molecular Diagnostics","Routine","FALSE","TRUE","TRUE","1","1","0","PCR","EDTA Blood/Bone Marrow","MANUAL","0","0","0","0","RATE_PENDING","NONE","N/A","TRUE","TRUE","TRUE","TRUE"
"a9574a1f-9d0c-4e2d-925c-e5b33d0f4f01","MOL-0030","JAK2 Exon 12 Mutation","Oncology Molecular","Molecular Diagnostics","Routine","FALSE","TRUE","TRUE","1","1","0","PCR/Sequencing","EDTA Blood/Bone Marrow","MANUAL","0","0","0","0","RATE_PENDING","NONE","N/A","TRUE","TRUE","TRUE","TRUE"
"43ecf93e-2fde-4353-913a-994d80d97e2f","MOL-0031","CALR Mutation","Oncology Molecular","Molecular Diagnostics","Routine","FALSE","TRUE","TRUE","1","1","0","PCR/Sequencing","EDTA Blood/Bone Marrow","MANUAL","0","0","0","0","RATE_PENDING","NONE","N/A","TRUE","TRUE","TRUE","TRUE"
"ca76d406-0db8-4f0d-8349-5fe7528e0dd6","MOL-0032","MPL Mutation","Oncology Molecular","Molecular Diagnostics","Routine","FALSE","TRUE","TRUE","1","1","0","PCR/Sequencing","EDTA Blood/Bone Marrow","MANUAL","0","0","0","0","RATE_PENDING","NONE","N/A","TRUE","TRUE","TRUE","TRUE"
"90528cbe-51a3-4e4b-94e6-6775849fcc96","MOL-0033","FLT3 ITD/TKD","Oncology Molecular","Molecular Diagnostics","Routine","FALSE","TRUE","TRUE","1","1","0","PCR","EDTA Blood/Bone Marrow","MANUAL","0","0","0","0","RATE_PENDING","NONE","N/A","TRUE","TRUE","TRUE","TRUE"
"2bded3e3-f8bf-435f-8cc8-7198ebca2951","MOL-0034","NPM1 Mutation","Oncology Molecular","Molecular Diagnostics","Routine","FALSE","TRUE","TRUE","1","1","0","PCR","EDTA Blood/Bone Marrow","MANUAL","0","0","0","0","RATE_PENDING","NONE","N/A","TRUE","TRUE","TRUE","TRUE"
"fd311fd0-9abf-43a7-b557-afe8b942ee92","MOL-0035","PML-RARA Fusion","Oncology Molecular","Molecular Diagnostics","Routine","FALSE","TRUE","TRUE","1","1","0","RT-PCR","EDTA Blood/Bone Marrow","MANUAL","0","0","0","0","RATE_PENDING","NONE","N/A","TRUE","TRUE","TRUE","TRUE"
"7304ae0a-dc73-4f41-a4f5-6a25c5c5002a","MOL-0036","RUNX1-RUNX1T1 Fusion","Oncology Molecular","Molecular Diagnostics","Routine","FALSE","TRUE","TRUE","1","1","0","RT-PCR","EDTA Blood/Bone Marrow","MANUAL","0","0","0","0","RATE_PENDING","NONE","N/A","TRUE","TRUE","TRUE","TRUE"
"5eafaceb-8bba-4dc0-bf64-ce04e3306074","MOL-0037","CBFB-MYH11 Fusion","Oncology Molecular","Molecular Diagnostics","Routine","FALSE","TRUE","TRUE","1","1","0","RT-PCR","EDTA Blood/Bone Marrow","MANUAL","0","0","0","0","RATE_PENDING","NONE","N/A","TRUE","TRUE","TRUE","TRUE"
"5f559923-e84b-422b-b66b-e96a5108a68c","MOL-0038","EGFR Mutation Panel","Oncology Molecular","Molecular Diagnostics","Routine","FALSE","TRUE","TRUE","1","1","0","PCR/NGS","FFPE tissue/Plasma","MANUAL","0","0","0","0","RATE_PENDING","NONE","N/A","TRUE","TRUE","TRUE","TRUE"
"96ab5a12-8432-4cde-81b4-cb50a08a1cb3","MOL-0039","KRAS Mutation","Oncology Molecular","Molecular Diagnostics","Routine","FALSE","TRUE","TRUE","1","1","0","PCR/NGS","FFPE tissue/Plasma","MANUAL","0","0","0","0","RATE_PENDING","NONE","N/A","TRUE","TRUE","TRUE","TRUE"
"a2fff291-1aa2-4f4b-9924-e814257a6350","MOL-0040","NRAS Mutation","Oncology Molecular","Molecular Diagnostics","Routine","FALSE","TRUE","TRUE","1","1","0","PCR/NGS","FFPE tissue","MANUAL","0","0","0","0","RATE_PENDING","NONE","N/A","TRUE","TRUE","TRUE","TRUE"
"878c9189-b3fa-4841-9b0a-ddc4ba3e4216","MOL-0041","BRAF V600 Mutation","Oncology Molecular","Molecular Diagnostics","Routine","FALSE","TRUE","TRUE","1","1","0","PCR/NGS","FFPE tissue/Plasma","MANUAL","0","0","0","0","RATE_PENDING","NONE","N/A","TRUE","TRUE","TRUE","TRUE"
"dc35d0aa-ec9c-479f-873a-72d6088eac64","MOL-0042","PIK3CA Mutation","Oncology Molecular","Molecular Diagnostics","Routine","FALSE","TRUE","TRUE","1","1","0","PCR/NGS","FFPE tissue","MANUAL","0","0","0","0","RATE_PENDING","NONE","N/A","TRUE","TRUE","TRUE","TRUE"
"fe3be948-2a61-4c72-b101-8285e2d5bced","MOL-0043","ALK Rearrangement","Oncology Molecular","Molecular Diagnostics","Routine","FALSE","TRUE","TRUE","1","1","0","FISH/NGS","FFPE tissue","MANUAL","0","0","0","0","RATE_PENDING","NONE","N/A","TRUE","TRUE","TRUE","TRUE"
"73d92b81-68de-4989-bdc4-259d26a76ad4","MOL-0044","ROS1 Rearrangement","Oncology Molecular","Molecular Diagnostics","Routine","FALSE","TRUE","TRUE","1","1","0","FISH/NGS","FFPE tissue","MANUAL","0","0","0","0","RATE_PENDING","NONE","N/A","TRUE","TRUE","TRUE","TRUE"
"45610ee5-4b4b-403b-abb8-4af40755a769","MOL-0045","RET Rearrangement","Oncology Molecular","Molecular Diagnostics","Routine","FALSE","TRUE","TRUE","1","1","0","FISH/NGS","FFPE tissue","MANUAL","0","0","0","0","RATE_PENDING","NONE","N/A","TRUE","TRUE","TRUE","TRUE"
"5b383434-7327-44de-a239-95113f98f557","MOL-0046","NTRK Fusion","Oncology Molecular","Molecular Diagnostics","Routine","FALSE","TRUE","TRUE","1","1","0","NGS","FFPE tissue","MANUAL","0","0","0","0","RATE_PENDING","NONE","N/A","TRUE","TRUE","TRUE","TRUE"
"15f51ac6-5710-48e8-86cf-02ae05a188ef","MOL-0047","HER2 Amplification by ISH","Oncology Molecular","Molecular Diagnostics","Routine","FALSE","TRUE","TRUE","1","1","0","FISH/SISH","FFPE tissue","MANUAL","0","0","0","0","RATE_PENDING","NONE","N/A","TRUE","TRUE","TRUE","TRUE"
"c1f79cf6-ac1b-4af1-9165-b541f62f533d","MOL-0048","MSI Testing","Oncology Molecular","Molecular Diagnostics","Routine","FALSE","TRUE","TRUE","1","1","0","PCR/NGS","FFPE tissue","MANUAL","0","0","0","0","RATE_PENDING","NONE","N/A","TRUE","TRUE","TRUE","TRUE"
"137d5353-7272-44e0-a6f5-6ad413d03d9c","MOL-0049","Tumor Mutational Burden","Oncology Molecular","Molecular Diagnostics","Routine","FALSE","TRUE","TRUE","1","1","0","NGS","FFPE tissue","MANUAL","0","0","0","0","RATE_PENDING","NONE","N/A","TRUE","TRUE","TRUE","TRUE"
"65f78c0b-90f1-4e96-9ed6-3ed1477b1259","MOL-0050","BRCA1/BRCA2 Germline","Oncology Molecular","Molecular Diagnostics","Routine","FALSE","TRUE","TRUE","1","1","0","NGS","EDTA Blood","MANUAL","0","0","0","0","RATE_PENDING","NONE","N/A","TRUE","TRUE","TRUE","TRUE"
"867d068e-10c8-43ab-8e47-e8a759115a88","MOL-0051","BRCA1/BRCA2 Somatic","Oncology Molecular","Molecular Diagnostics","Routine","FALSE","TRUE","TRUE","1","1","0","NGS","FFPE tissue","MANUAL","0","0","0","0","RATE_PENDING","NONE","N/A","TRUE","TRUE","TRUE","TRUE"
"4987bcc5-9c41-46d3-b1e1-caf62e2211a2","MOL-0052","MLH1 Promoter Methylation","Oncology Molecular","Molecular Diagnostics","Routine","FALSE","TRUE","TRUE","1","1","0","Methylation PCR","FFPE tissue","MANUAL","0","0","0","0","RATE_PENDING","NONE","N/A","TRUE","TRUE","TRUE","TRUE"
"21805ac8-05d6-4d86-9de9-e3630c12fc66","MOL-0053","Norovirus PCR","Infectious Molecular","Molecular Diagnostics","Routine","FALSE","TRUE","TRUE","1","1","0","PCR/RT-PCR/Multiplex NAAT","Clinical specimen as specified","MANUAL","0","0","0","0","RATE_PENDING","NONE","N/A","TRUE","TRUE","TRUE","TRUE"
"ac0fe2f2-e578-45bc-ae12-466c488137e2","MOL-0054","Rotavirus PCR","Infectious Molecular","Molecular Diagnostics","Routine","FALSE","TRUE","TRUE","1","1","0","PCR/RT-PCR/Multiplex NAAT","Clinical specimen as specified","MANUAL","0","0","0","0","RATE_PENDING","NONE","N/A","TRUE","TRUE","TRUE","TRUE"
"05b544a0-5c05-422b-ab2b-ce7989ce51fb","MOL-0055","Adenovirus PCR - Stool","Infectious Molecular","Molecular Diagnostics","Routine","FALSE","TRUE","TRUE","1","1","0","PCR/RT-PCR/Multiplex NAAT","Clinical specimen as specified","MANUAL","0","0","0","0","RATE_PENDING","NONE","N/A","TRUE","TRUE","TRUE","TRUE"
"7ab05c14-f313-4f7c-9875-deecc8348890","MOL-0056","Enteric Bacterial PCR Panel","Infectious Molecular","Molecular Diagnostics","Routine","FALSE","TRUE","TRUE","1","1","0","PCR/RT-PCR/Multiplex NAAT","Clinical specimen as specified","MANUAL","0","0","0","0","RATE_PENDING","NONE","N/A","TRUE","TRUE","TRUE","TRUE"
"17d05c17-692e-4154-9f7e-f00616f16c97","MOL-0057","GI Pathogen Multiplex PCR Panel","Infectious Molecular","Molecular Diagnostics","Routine","FALSE","TRUE","TRUE","1","1","0","PCR/RT-PCR/Multiplex NAAT","Clinical specimen as specified","MANUAL","0","0","0","0","RATE_PENDING","NONE","N/A","TRUE","TRUE","TRUE","TRUE"
"e833e09b-cd44-48d2-b603-2b57d62eb383","MOL-0058","Meningitis/Encephalitis Multiplex PCR Panel","Infectious Molecular","Molecular Diagnostics","Routine","FALSE","TRUE","TRUE","1","1","0","PCR/RT-PCR/Multiplex NAAT","Clinical specimen as specified","MANUAL","0","0","0","0","RATE_PENDING","NONE","N/A","TRUE","TRUE","TRUE","TRUE"
"90fe6289-fb4f-4a49-9c93-ec77e08c83e9","MOL-0059","Respiratory Pathogen Multiplex PCR Panel","Infectious Molecular","Molecular Diagnostics","Routine","FALSE","TRUE","TRUE","1","1","0","PCR/RT-PCR/Multiplex NAAT","Clinical specimen as specified","MANUAL","0","0","0","0","RATE_PENDING","NONE","N/A","TRUE","TRUE","TRUE","TRUE"
"2a651597-ecf6-4954-b978-558a2f2a5ca7","MOL-0060","Pneumocystis jirovecii PCR","Infectious Molecular","Molecular Diagnostics","Routine","FALSE","TRUE","TRUE","1","1","0","PCR/RT-PCR/Multiplex NAAT","Clinical specimen as specified","MANUAL","0","0","0","0","RATE_PENDING","NONE","N/A","TRUE","TRUE","TRUE","TRUE"
"1b706fc4-ca4a-425f-bd9b-dd99274236f2","MOL-0061","Aspergillus PCR","Infectious Molecular","Molecular Diagnostics","Routine","FALSE","TRUE","TRUE","1","1","0","PCR/RT-PCR/Multiplex NAAT","Clinical specimen as specified","MANUAL","0","0","0","0","RATE_PENDING","NONE","N/A","TRUE","TRUE","TRUE","TRUE"
"d9da3981-dd20-437d-b602-269dbe460f1e","MOL-0062","Candida Species PCR","Infectious Molecular","Molecular Diagnostics","Routine","FALSE","TRUE","TRUE","1","1","0","PCR/RT-PCR/Multiplex NAAT","Clinical specimen as specified","MANUAL","0","0","0","0","RATE_PENDING","NONE","N/A","TRUE","TRUE","TRUE","TRUE"
"944269e2-a60a-49e2-b9ae-82f75fae41fe","MOL-0063","Cryptococcus PCR","Infectious Molecular","Molecular Diagnostics","Routine","FALSE","TRUE","TRUE","1","1","0","PCR/RT-PCR/Multiplex NAAT","Clinical specimen as specified","MANUAL","0","0","0","0","RATE_PENDING","NONE","N/A","TRUE","TRUE","TRUE","TRUE"
"16b2f1af-3193-4a4d-815e-5768851721a1","MOL-0064","Toxoplasma gondii PCR","Infectious Molecular","Molecular Diagnostics","Routine","FALSE","TRUE","TRUE","1","1","0","PCR/RT-PCR/Multiplex NAAT","Clinical specimen as specified","MANUAL","0","0","0","0","RATE_PENDING","NONE","N/A","TRUE","TRUE","TRUE","TRUE"
"707c5925-4a99-4a69-aeab-9b4f8aeeb698","MOL-0065","Parvovirus B19 PCR","Infectious Molecular","Molecular Diagnostics","Routine","FALSE","TRUE","TRUE","1","1","0","PCR/RT-PCR/Multiplex NAAT","Clinical specimen as specified","MANUAL","0","0","0","0","RATE_PENDING","NONE","N/A","TRUE","TRUE","TRUE","TRUE"
"f77713bc-3b9a-4ba2-937f-549526810dd3","MOL-0066","HHV-6 DNA PCR","Infectious Molecular","Molecular Diagnostics","Routine","FALSE","TRUE","TRUE","1","1","0","PCR/RT-PCR/Multiplex NAAT","Clinical specimen as specified","MANUAL","0","0","0","0","RATE_PENDING","NONE","N/A","TRUE","TRUE","TRUE","TRUE"
"aa1b93d8-ed23-4a12-8990-e43fb47aeb87","MOL-0067","HHV-8 DNA PCR","Infectious Molecular","Molecular Diagnostics","Routine","FALSE","TRUE","TRUE","1","1","0","PCR/RT-PCR/Multiplex NAAT","Clinical specimen as specified","MANUAL","0","0","0","0","RATE_PENDING","NONE","N/A","TRUE","TRUE","TRUE","TRUE"
"ada3c29f-c70d-471b-aa35-dfd2e175505a","MOL-0068","Enterovirus PCR","Infectious Molecular","Molecular Diagnostics","Routine","FALSE","TRUE","TRUE","1","1","0","PCR/RT-PCR/Multiplex NAAT","Clinical specimen as specified","MANUAL","0","0","0","0","RATE_PENDING","NONE","N/A","TRUE","TRUE","TRUE","TRUE"
"8e46db87-0b70-45ee-ae17-99acbaeb7e65","MOL-0069","Parechovirus PCR","Infectious Molecular","Molecular Diagnostics","Routine","FALSE","TRUE","TRUE","1","1","0","PCR/RT-PCR/Multiplex NAAT","Clinical specimen as specified","MANUAL","0","0","0","0","RATE_PENDING","NONE","N/A","TRUE","TRUE","TRUE","TRUE"
"f3eecf36-df78-49c6-a6a8-0aac63993cd1","MOL-0070","West Nile Virus PCR","Infectious Molecular","Molecular Diagnostics","Routine","FALSE","TRUE","TRUE","1","1","0","PCR/RT-PCR/Multiplex NAAT","Clinical specimen as specified","MANUAL","0","0","0","0","RATE_PENDING","NONE","N/A","TRUE","TRUE","TRUE","TRUE"
"d722d754-a802-4716-8f71-6a6750e09597","MOL-0071","Japanese Encephalitis Virus PCR","Infectious Molecular","Molecular Diagnostics","Routine","FALSE","TRUE","TRUE","1","1","0","PCR/RT-PCR/Multiplex NAAT","Clinical specimen as specified","MANUAL","0","0","0","0","RATE_PENDING","NONE","N/A","TRUE","TRUE","TRUE","TRUE"
"9f101208-d5dc-4306-b8d0-6479752e289e","MOL-0072","Zika Virus RT-PCR","Infectious Molecular","Molecular Diagnostics","Routine","FALSE","TRUE","TRUE","1","1","0","PCR/RT-PCR/Multiplex NAAT","Clinical specimen as specified","MANUAL","0","0","0","0","RATE_PENDING","NONE","N/A","TRUE","TRUE","TRUE","TRUE"
"62549fd9-c9f6-4080-9349-fe0163ba2b73","MOL-0073","Mpox (Monkeypox) PCR","Infectious Molecular","Molecular Diagnostics","Routine","FALSE","TRUE","TRUE","1","1","0","PCR/RT-PCR/Multiplex NAAT","Clinical specimen as specified","MANUAL","0","0","0","0","RATE_PENDING","NONE","N/A","TRUE","TRUE","TRUE","TRUE"
"780e4366-a347-4427-bae5-0d0078bf502b","MOL-0074","Bordetella pertussis PCR","Infectious Molecular","Molecular Diagnostics","Routine","FALSE","TRUE","TRUE","1","1","0","PCR/RT-PCR/Multiplex NAAT","Clinical specimen as specified","MANUAL","0","0","0","0","RATE_PENDING","NONE","N/A","TRUE","TRUE","TRUE","TRUE"
"30e41698-9b21-412e-94e0-0740364d6f61","MOL-0075","Legionella pneumophila PCR","Infectious Molecular","Molecular Diagnostics","Routine","FALSE","TRUE","TRUE","1","1","0","PCR/RT-PCR/Multiplex NAAT","Clinical specimen as specified","MANUAL","0","0","0","0","RATE_PENDING","NONE","N/A","TRUE","TRUE","TRUE","TRUE"
"21106b59-7589-4c81-b44f-0e250a666b57","MOL-0076","Streptococcus pneumoniae PCR","Infectious Molecular","Molecular Diagnostics","Routine","FALSE","TRUE","TRUE","1","1","0","PCR/RT-PCR/Multiplex NAAT","Clinical specimen as specified","MANUAL","0","0","0","0","RATE_PENDING","NONE","N/A","TRUE","TRUE","TRUE","TRUE"
"eb850a17-b093-4de4-97b0-924fdb1cc3bd","MOL-0077","Haemophilus influenzae PCR","Infectious Molecular","Molecular Diagnostics","Routine","FALSE","TRUE","TRUE","1","1","0","PCR/RT-PCR/Multiplex NAAT","Clinical specimen as specified","MANUAL","0","0","0","0","RATE_PENDING","NONE","N/A","TRUE","TRUE","TRUE","TRUE"
"43440fa8-ddaf-435d-be57-4b937be6079f","MOL-0078","Mycoplasma pneumoniae PCR","Infectious Molecular","Molecular Diagnostics","Routine","FALSE","TRUE","TRUE","1","1","0","PCR/RT-PCR/Multiplex NAAT","Clinical specimen as specified","MANUAL","0","0","0","0","RATE_PENDING","NONE","N/A","TRUE","TRUE","TRUE","TRUE"
"d5bc6fb3-532a-4bb0-8ccc-eb2018e167d1","MOL-0079","Chlamydophila pneumoniae PCR","Infectious Molecular","Molecular Diagnostics","Routine","FALSE","TRUE","TRUE","1","1","0","PCR/RT-PCR/Multiplex NAAT","Clinical specimen as specified","MANUAL","0","0","0","0","RATE_PENDING","NONE","N/A","TRUE","TRUE","TRUE","TRUE"
"d6c1eb77-7187-4c84-a725-087960bad8a6","MOL-0080","MRSA PCR Screen","Infectious Molecular","Molecular Diagnostics","Routine","FALSE","TRUE","TRUE","1","1","0","PCR/RT-PCR/Multiplex NAAT","Clinical specimen as specified","MANUAL","0","0","0","0","RATE_PENDING","NONE","N/A","TRUE","TRUE","TRUE","TRUE"
"bfdad880-3e18-4b48-9b18-db2bfc6417bd","MOL-0081","Clostridioides difficile Toxin Gene PCR","Infectious Molecular","Molecular Diagnostics","Routine","FALSE","TRUE","TRUE","1","1","0","PCR/RT-PCR/Multiplex NAAT","Clinical specimen as specified","MANUAL","0","0","0","0","RATE_PENDING","NONE","N/A","TRUE","TRUE","TRUE","TRUE"
"3aa13e7e-6613-4852-8861-9625cffc29b5","MOL-0082","Group B Streptococcus PCR","Infectious Molecular","Molecular Diagnostics","Routine","FALSE","TRUE","TRUE","1","1","0","PCR/RT-PCR/Multiplex NAAT","Clinical specimen as specified","MANUAL","0","0","0","0","RATE_PENDING","NONE","N/A","TRUE","TRUE","TRUE","TRUE"
"a8b371c8-ce8b-4fff-a85f-a35cffa9d628","MOL-0083","Candida auris PCR","Infectious Molecular","Molecular Diagnostics","Routine","FALSE","TRUE","TRUE","1","1","0","PCR/RT-PCR/Multiplex NAAT","Clinical specimen as specified","MANUAL","0","0","0","0","RATE_PENDING","NONE","N/A","TRUE","TRUE","TRUE","TRUE"
"9a7e8a3b-d01c-4255-8534-eaffd968436f","PCT_SEPSIS","Procalcitonin (PCT)","Special Chemistry","Immunology","Routine","FALSE","TRUE","TRUE","1","1","0","Fluorescence Immunoassay","Serum","MANUAL","0","1","0","0","2500.00","CATALOGUE_RATE_VERSIONS","2026-09-16T07:36:39.564555+00:00","TRUE","TRUE","TRUE","TRUE"
"6027ccaa-a6b0-4c4b-8eb8-7577ddab8561","POC-0001","Arterial Blood Gas (ABG)","Blood Gas","Point of Care / Blood Gas","Routine","FALSE","TRUE","TRUE","0","7","7","Blood gas analyzer","Heparinized arterial/venous whole blood","MANUAL","0","0","0","0","RATE_PENDING","NONE","N/A","TRUE","TRUE","TRUE","TRUE"
"8c859ce3-e46e-4b0b-9760-92799c80bd47","POC-0002","Venous Blood Gas (VBG)","Blood Gas","Point of Care / Blood Gas","Routine","FALSE","TRUE","TRUE","7","7","0","Blood gas analyzer","Heparinized Whole Blood (Venous)","MANUAL","0","7","0","0","RATE_PENDING","NONE","N/A","TRUE","TRUE","TRUE","TRUE"
"9aee7634-c1da-481b-b4c9-2869925a0664","POC-0003","pH, Blood Gas","Blood Gas","Point of Care / Blood Gas","Routine","FALSE","TRUE","TRUE","1","1","0","Blood gas analyzer","Heparinized arterial/venous whole blood","MANUAL","0","0","0","0","RATE_PENDING","NONE","N/A","TRUE","TRUE","TRUE","TRUE"
"15304494-d6a5-4f75-8803-4fd99688ce2e","POC-0004","pCO2, Blood Gas","Blood Gas","Point of Care / Blood Gas","Routine","FALSE","TRUE","TRUE","1","1","0","Blood gas analyzer","Heparinized arterial/venous whole blood","MANUAL","0","0","0","0","RATE_PENDING","NONE","N/A","TRUE","TRUE","TRUE","TRUE"
"9997110c-4806-4bbd-919b-be20e691c4f1","POC-0005","pO2, Blood Gas","Blood Gas","Point of Care / Blood Gas","Routine","FALSE","TRUE","TRUE","1","1","0","Blood gas analyzer","Heparinized arterial/venous whole blood","MANUAL","0","0","0","0","RATE_PENDING","NONE","N/A","TRUE","TRUE","TRUE","TRUE"
"8eb79764-9931-4319-9c3e-33b37a43d605","POC-0006","HCO3-, Blood Gas","Blood Gas","Point of Care / Blood Gas","Routine","FALSE","TRUE","TRUE","1","1","0","Governed Mathematical Calculation","Heparinized arterial/venous whole blood","MANUAL","0","0","0","0","RATE_PENDING","NONE","N/A","TRUE","TRUE","TRUE","TRUE"
"180c3bb6-6648-428d-bfa1-e378c46cc7c5","POC-0007","Base Excess","Blood Gas","Point of Care / Blood Gas","Routine","FALSE","TRUE","TRUE","1","1","0","Governed Mathematical Calculation","Heparinized arterial/venous whole blood","MANUAL","0","0","0","0","RATE_PENDING","NONE","N/A","TRUE","TRUE","TRUE","TRUE"
"2ed616be-4603-4330-8669-44df020e8245","POC-0008","Oxygen Saturation, Blood Gas","Blood Gas","Point of Care / Blood Gas","Routine","FALSE","TRUE","TRUE","1","1","0","Blood gas analyzer","Heparinized arterial/venous whole blood","MANUAL","0","0","0","0","RATE_PENDING","NONE","N/A","TRUE","TRUE","TRUE","TRUE"
"317be352-6d96-423f-b086-f2e1d19b5351","POC-0009","Lactate, Blood Gas","Blood Gas","Point of Care / Blood Gas","Routine","FALSE","TRUE","TRUE","1","1","0","Blood gas analyzer","Heparinized arterial/venous whole blood","MANUAL","0","0","0","0","RATE_PENDING","NONE","N/A","TRUE","TRUE","TRUE","TRUE"
"f6f64132-f10a-410e-985e-447382861d39","POC-0010","Carboxyhemoglobin","Blood Gas","Point of Care / Blood Gas","Routine","FALSE","TRUE","TRUE","1","1","0","Blood gas analyzer","Heparinized arterial/venous whole blood","MANUAL","0","0","0","0","RATE_PENDING","NONE","N/A","TRUE","TRUE","TRUE","TRUE"
"4b5ab210-c707-4e5d-8168-874089881226","POC-0011","Methemoglobin","Blood Gas","Point of Care / Blood Gas","Routine","FALSE","TRUE","TRUE","1","1","0","Blood gas analyzer","Heparinized arterial/venous whole blood","MANUAL","0","0","0","0","RATE_PENDING","NONE","N/A","TRUE","TRUE","TRUE","TRUE"
"bb0c7021-5931-4a10-a688-7d938c55de5e","POC-0012","Oxyhemoglobin","Blood Gas","Point of Care / Blood Gas","Routine","FALSE","TRUE","TRUE","1","1","0","Blood gas analyzer","Heparinized arterial/venous whole blood","MANUAL","0","0","0","0","RATE_PENDING","NONE","N/A","TRUE","TRUE","TRUE","TRUE"
"6f60cdd2-e358-4e9c-8e7b-337dd07fcf30","PRO-0001","Liver Function Test (LFT)","Clinical Profiles","Profiles / Packages","Routine","FALSE","TRUE","TRUE","0","11","11","Multi-method automated biochemistry","Serum","MANUAL","0","2","0","0","800.00","CATALOGUE_RATE_VERSIONS","2026-09-17T02:24:52.226547+00:00","TRUE","TRUE","TRUE","TRUE"
"a8be572c-7418-4909-8c79-0c0fffdc1394","PRO-0002","Renal Function Test (RFT/KFT)","Clinical Profiles","Profiles / Packages","Routine","FALSE","TRUE","TRUE","0","4","4","Multi-method automated biochemistry","Serum","MANUAL","0","0","0","0","1000.00","CATALOGUE_RATE_VERSIONS","2026-09-18T12:20:51.538326+00:00","TRUE","TRUE","TRUE","TRUE"
"45df0f55-fb15-495f-9872-c5d2819f9991","PRO-0003","Lipid Profile","Clinical Profiles","Profiles / Packages","Routine","FALSE","TRUE","TRUE","0","5","5","Multi-method automated biochemistry","Serum","MANUAL","0","2","0","0","700.00","CATALOGUE_RATE_VERSIONS","2026-09-17T02:24:52.226606+00:00","TRUE","TRUE","TRUE","TRUE"
"e9a337d8-15f2-4a7a-bd7a-8b60ab50b254","PRO-0004","Thyroid Profile (FT3, FT4, TSH)","Clinical Profiles","Profiles / Packages","Routine","FALSE","TRUE","TRUE","0","3","3","Fluorescence Immunoassay (FIAcheck)","Multiple specimens as applicable","MANUAL","0","0","0","0","RATE_PENDING","NONE","N/A","TRUE","TRUE","TRUE","TRUE"
"650d21ad-17cc-4045-bdda-858b1003bc9b","PRO-0005","Iron Profile","Clinical Profiles","Profiles / Packages","Routine","FALSE","TRUE","TRUE","0","5","5","Composite panel","Multiple specimens as applicable","MANUAL","0","0","0","0","2500.00","CATALOGUE_RATE_VERSIONS","2026-09-18T12:20:51.539189+00:00","TRUE","TRUE","TRUE","TRUE"
"f2ecf043-c4d3-4afd-bc3d-fb798d194cf2","PRO-0006","Diabetes Profile","Clinical Profiles","Profiles / Packages","Routine","FALSE","TRUE","TRUE","0","3","3","Composite panel","Multiple specimens as applicable","MANUAL","0","0","0","0","RATE_PENDING","NONE","N/A","TRUE","TRUE","TRUE","TRUE"
"48822021-edb0-4d5f-b557-8fb29ab2614a","PRO-0007","Cardiac Marker Panel","Clinical Profiles","Profiles / Packages","Routine","FALSE","TRUE","TRUE","0","5","5","Fluorescence Immunoassay (FIAcheck)","Multiple specimens as applicable","MANUAL","0","0","0","0","RATE_PENDING","NONE","N/A","TRUE","TRUE","TRUE","TRUE"
"252fdab2-32af-4ebb-8c82-86c74fa77628","PRO-0008","Electrolyte Panel","Clinical Profiles","Profiles / Packages","Routine","FALSE","TRUE","TRUE","0","4","4","Photometric Enzymatic / Colorimetric (CORALAB ACE Non-ISE)","Multiple specimens as applicable","MANUAL","0","0","0","0","RATE_PENDING","NONE","N/A","TRUE","TRUE","TRUE","TRUE"
"e861236c-ece9-4aa4-b26a-f690417b76fc","PRO-0009","Bone Mineral Profile","Clinical Profiles","Profiles / Packages","Routine","FALSE","TRUE","TRUE","0","5","5","Composite panel","Multiple specimens as applicable","MANUAL","0","0","0","0","RATE_PENDING","NONE","N/A","TRUE","TRUE","TRUE","TRUE"
"dd7dcc57-9a44-4c31-b43a-6c7aa3a1f0f2","PRO-0010","Fertility Female Profile","Clinical Profiles","Profiles / Packages","Routine","FALSE","TRUE","TRUE","0","0","0","Composite panel","Multiple specimens as applicable","MANUAL","0","0","0","0","RATE_PENDING","NONE","N/A","FALSE","FALSE","FALSE","FALSE"
"e03e5a01-17e0-4345-9af7-d01fdecb8925","PRO-0011","Fertility Male Profile","Clinical Profiles","Profiles / Packages","Routine","FALSE","TRUE","TRUE","0","0","0","Composite panel","Multiple specimens as applicable","MANUAL","0","0","0","0","RATE_PENDING","NONE","N/A","FALSE","FALSE","FALSE","FALSE"
"297d2cea-dd7e-4cd8-b395-efd60afca95c","PRO-0012","PCOS Profile","Clinical Profiles","Profiles / Packages","Routine","FALSE","TRUE","TRUE","0","0","0","Composite panel","Multiple specimens as applicable","MANUAL","0","0","0","0","RATE_PENDING","NONE","N/A","FALSE","FALSE","FALSE","FALSE"
"9433be6d-92e1-4c91-a740-25fd47ac5c46","PRO-0013","Anemia Profile","Clinical Profiles","Profiles / Packages","Routine","FALSE","TRUE","TRUE","0","0","0","Composite panel","Multiple specimens as applicable","MANUAL","0","0","0","0","RATE_PENDING","NONE","N/A","FALSE","FALSE","FALSE","FALSE"
"53d44b38-15dd-4b12-a296-cfd0d4cb1381","PRO-0014","Coagulation Screen","Clinical Profiles","Profiles / Packages","Routine","FALSE","TRUE","TRUE","0","4","3","Composite panel","Multiple specimens as applicable","MANUAL","0","0","0","0","RATE_PENDING","NONE","N/A","TRUE","TRUE","TRUE","TRUE"
"29287c5f-c503-4263-9932-f865a4756cdf","PRO-0015","Thrombophilia Profile","Clinical Profiles","Profiles / Packages","Routine","FALSE","TRUE","TRUE","0","0","0","Composite panel","Multiple specimens as applicable","MANUAL","0","0","0","0","RATE_PENDING","NONE","N/A","FALSE","FALSE","FALSE","FALSE"
"4b31e1a0-5f25-4371-83cb-47f7c72e6585","PRO-0016","TORCH Profile","Clinical Profiles","Profiles / Packages","Routine","FALSE","TRUE","TRUE","0","0","0","Composite panel","Multiple specimens as applicable","MANUAL","0","0","0","0","RATE_PENDING","NONE","N/A","FALSE","FALSE","FALSE","FALSE"
"8f09d742-dd55-49e9-a93a-2f1a7a3a56e7","PRO-0017","Hepatitis B Profile","Clinical Profiles","Profiles / Packages","Routine","FALSE","TRUE","TRUE","0","0","0","Composite panel","Multiple specimens as applicable","MANUAL","0","0","0","0","RATE_PENDING","NONE","N/A","FALSE","FALSE","FALSE","FALSE"
"62ecf560-4c0b-42b9-94de-13a93c973308","PRO-0018","Autoimmune Screen","Clinical Profiles","Profiles / Packages","Routine","FALSE","TRUE","TRUE","0","0","0","Composite panel","Multiple specimens as applicable","MANUAL","0","0","0","0","RATE_PENDING","NONE","N/A","FALSE","FALSE","FALSE","FALSE"
"f4631ddf-4dec-4c82-8741-0382f126d49d","PRO-0019","Rheumatology Profile","Clinical Profiles","Profiles / Packages","Routine","FALSE","TRUE","TRUE","0","0","0","Composite panel","Multiple specimens as applicable","MANUAL","0","0","0","0","RATE_PENDING","NONE","N/A","FALSE","FALSE","FALSE","FALSE"
"29775e8b-2827-4067-afb5-9110e94ac2dd","PRO-0020","Multiple Myeloma Screen","Clinical Profiles","Profiles / Packages","Routine","FALSE","TRUE","TRUE","0","0","0","Composite panel","Multiple specimens as applicable","MANUAL","0","0","0","0","RATE_PENDING","NONE","N/A","FALSE","FALSE","FALSE","FALSE"
"42e3f754-7036-4f5d-824b-3edf3a376b3b","PRO-0021","Antenatal Basic Profile","Clinical Profiles","Profiles / Packages","Routine","FALSE","TRUE","TRUE","0","0","0","Composite panel","Multiple specimens as applicable","MANUAL","0","0","0","0","RATE_PENDING","NONE","N/A","FALSE","FALSE","FALSE","FALSE"
"9451fafc-5a3f-4d0d-b714-9db3ef0a1002","PRO-0022","Preoperative Basic Profile","Clinical Profiles","Profiles / Packages","Routine","FALSE","TRUE","TRUE","0","0","0","Composite panel","Multiple specimens as applicable","MANUAL","0","0","0","0","RATE_PENDING","NONE","N/A","FALSE","FALSE","FALSE","FALSE"
"69af18d8-a934-4c02-9117-d2fe1b259bb7","PRO-0023","Fever Panel - Basic","Clinical Profiles","Profiles / Packages","Routine","FALSE","TRUE","TRUE","0","0","0","Composite panel","Multiple specimens as applicable","MANUAL","0","0","0","0","RATE_PENDING","NONE","N/A","FALSE","FALSE","FALSE","FALSE"
"4bfedd24-a4c2-4101-b359-62e0fe06df8f","PRO-0024","Hypertension Secondary Screen","Clinical Profiles","Profiles / Packages","Routine","FALSE","TRUE","TRUE","0","0","0","Composite panel","Multiple specimens as applicable","MANUAL","0","0","0","0","RATE_PENDING","NONE","N/A","FALSE","FALSE","FALSE","FALSE"
"bf5a5994-a8e0-4ad1-8c69-5d2cba2db2eb","PRO-0025","Pituitary Profile","Clinical Profiles","Profiles / Packages","Routine","FALSE","TRUE","TRUE","0","0","0","Composite panel","Multiple specimens as applicable","MANUAL","0","0","0","0","RATE_PENDING","NONE","N/A","FALSE","FALSE","FALSE","FALSE"
"c47f43f2-e03c-49e4-8e09-330498872e65","PRO-0026","CARDIAC MARKERS COMBO","Profiles & Health Packages","Profiles / Packages","Routine","FALSE","TRUE","TRUE","0","3","3","Fluorescence Immunoassay (FIAcheck)","Serum / Plasma","MANUAL","0","0","0","0","2500.00","CATALOGUE_RATE_VERSIONS","2026-09-16T07:36:39.564555+00:00","TRUE","TRUE","TRUE","TRUE"
"d28e6d55-c9cf-4b9f-a70d-1d0d7ad91885","PRO-0027","PCT + CRP COMBO","Profiles & Health Packages","Profiles / Packages","Routine","FALSE","TRUE","TRUE","0","2","2","Multi-method composite (FIAcheck + Quantitative CRP)","Serum / Plasma","MANUAL","0","0","0","0","3000.00","CATALOGUE_RATE_VERSIONS","2026-09-16T07:36:39.564555+00:00","TRUE","TRUE","TRUE","TRUE"
"070d4940-b683-4c25-b21a-1bed6c0249f7","PRO-0028","COMPLETE THYROID PROFILE (T3, T4, TSH)","Profiles & Health Packages","Profiles / Packages","Routine","FALSE","TRUE","TRUE","0","3","3","Fluorescence Immunoassay (FIAcheck)","Serum / Plasma","MANUAL","0","0","0","0","1200.00","CATALOGUE_RATE_VERSIONS","2026-09-16T07:36:39.564555+00:00","TRUE","TRUE","TRUE","TRUE"
"92743c9d-da97-48ce-8493-dfffc9f422e5","PRO-0029","DENGUE COMBO (NS1 + IgM + IgG)","Profiles & Health Packages","Profiles / Packages","Routine","FALSE","TRUE","TRUE","0","3","3","Multi-analyte Immunoassay / Rapid Combo","Serum / Plasma","MANUAL","0","0","0","0","1200.00","CATALOGUE_RATE_VERSIONS","2026-09-16T07:36:39.564555+00:00","TRUE","TRUE","TRUE","TRUE"
"c0d0d02a-76a0-4456-8565-1b30dadd69f3","PRO-0030","Bleeding Time & Clotting Time","Profiles & Health Packages","Profiles / Packages","Routine","FALSE","TRUE","TRUE","0","2","2","Duke's Method (BT) & Capillary Tube Method (CT)","Capillary Blood / Whole Blood","MANUAL","0","0","0","0","200.00","CATALOGUE_RATE_VERSIONS","2026-09-16T13:48:43.598317+00:00","TRUE","TRUE","TRUE","TRUE"
"8fcfdb3d-6b58-48b4-82a9-c062829da031","PRO-0031","Viral Serology Panel","Profiles & Health Packages","Profiles / Packages","Routine","FALSE","TRUE","TRUE","0","3","3","Immunochromatographic Rapid Assay","Serum / Whole Blood","MANUAL","0","0","0","0","RATE_PENDING","NONE","N/A","TRUE","TRUE","TRUE","TRUE"
"8fcfdb3d-6b58-48b4-82a9-c062829da032","PRO-0032","Chemotherapy Routine Monitoring Panel","Profiles & Health Packages","Profiles / Packages","Routine","FALSE","TRUE","TRUE","0","38","5","Automated & Manual Multi-discipline Methods","Multiple Specimens (Blood, Serum, Urine)","MANUAL","0","0","0","0","RATE_PENDING","NONE","N/A","TRUE","TRUE","TRUE","TRUE"
"8fcfdb3d-6b58-48b4-82a9-c062829da033","PRO-0033","Pre-operative Coagulation Panel","Profiles & Health Packages","Profiles / Packages","Routine","FALSE","TRUE","TRUE","0","5","4","Tilt Tube, Manual Duke & Capillary Tube Methods","Citrated Plasma & Capillary Blood","MANUAL","0","0","0","0","RATE_PENDING","NONE","N/A","TRUE","TRUE","TRUE","TRUE"
"bd87dccf-9c5f-4a96-8a5a-07314afeada2","SER-0001","HIV 1/2 Ag/Ab 4th Generation","Serology / Antigen","Serology / Infectious Disease","Routine","FALSE","TRUE","TRUE","1","1","0","4th Generation Rapid Immunochromatography (Ag/Ab)","Serum/Plasma","MANUAL","0","0","0","0","500.00","CATALOGUE_RATE_VERSIONS","2026-09-17T02:24:52.226752+00:00","TRUE","TRUE","TRUE","TRUE"
"b639c13d-f6e5-4c94-8503-1260aaf66ecb","SER-0002","HIV 1 Antibody","Serology / Antigen","Serology / Infectious Disease","Routine","FALSE","TRUE","TRUE","1","1","0","Rapid Immunochromatography / ELISA","Serum/Plasma","MANUAL","0","0","0","0","RATE_PENDING","NONE","N/A","TRUE","TRUE","TRUE","TRUE"
"160531c7-2107-4e2d-ac16-32e1f34d91cb","SER-0003","HIV 2 Antibody","Serology / Antigen","Serology / Infectious Disease","Routine","FALSE","TRUE","TRUE","1","1","0","Rapid Immunochromatography / ELISA","Serum/Plasma","MANUAL","0","0","0","0","RATE_PENDING","NONE","N/A","TRUE","TRUE","TRUE","TRUE"
"7cb903f2-e78b-4d2a-8dc2-fc9c34ada3f5","SER-0004","HBsAg","Serology / Antigen","Serology / Infectious Disease","Routine","FALSE","TRUE","TRUE","1","1","0","Rapid Immunochromatography (ICT)","Serum/Plasma","MANUAL","0","1","0","0","350.00","CATALOGUE_RATE_VERSIONS","2026-09-17T02:24:52.226773+00:00","TRUE","TRUE","TRUE","TRUE"
"688d6666-074b-42aa-a4aa-8032fbe8866a","SER-0005","Anti-HBs","Serology / Antigen","Serology / Infectious Disease","Routine","FALSE","TRUE","TRUE","1","1","0","Slide & Tube Agglutination","Serum/Plasma","MANUAL","0","0","0","0","RATE_PENDING","NONE","N/A","TRUE","TRUE","TRUE","TRUE"
"6d8049dd-0f8b-412d-8987-673d353846e2","SER-0006","Anti-HBc Total","Serology / Antigen","Serology / Infectious Disease","Routine","FALSE","TRUE","TRUE","1","1","0","Rapid Immunochromatography / ELISA","Serum/Plasma","MANUAL","0","0","0","0","RATE_PENDING","NONE","N/A","TRUE","TRUE","TRUE","TRUE"
"fa562d46-c2ec-446d-b9f6-55d93e69dbc4","SER-0007","Anti-HBc IgM","Serology / Antigen","Serology / Infectious Disease","Routine","FALSE","TRUE","TRUE","1","1","0","Rapid Immunochromatography / ELISA","Serum/Plasma","MANUAL","0","0","0","0","RATE_PENDING","NONE","N/A","TRUE","TRUE","TRUE","TRUE"
"772b81f8-0cc2-4f82-8a2d-6a79c6ea8a39","SER-0008","HBeAg","Serology / Antigen","Serology / Infectious Disease","Routine","FALSE","TRUE","TRUE","1","1","0","Immunoturbidimetry / Latex Enhanced","Serum/Plasma","MANUAL","0","0","0","0","RATE_PENDING","NONE","N/A","TRUE","TRUE","TRUE","TRUE"
"d7e3e0ea-edaa-4ff3-afe8-982027d428df","SER-0009","Anti-HBe","Serology / Antigen","Serology / Infectious Disease","Routine","FALSE","TRUE","TRUE","1","1","0","Latex Agglutination / Immunoturbidimetry","Serum/Plasma","MANUAL","0","0","0","0","RATE_PENDING","NONE","N/A","TRUE","TRUE","TRUE","TRUE"
"e90a5c0a-3d4b-49bc-8fa2-29db7295b6eb","SER-0010","Anti-HCV","Serology / Antigen","Serology / Infectious Disease","Routine","FALSE","TRUE","TRUE","1","1","0","Rapid Immunochromatography (ICT)","Serum/Plasma","MANUAL","0","1","0","0","450.00","CATALOGUE_RATE_VERSIONS","2026-09-17T02:24:52.227998+00:00","TRUE","TRUE","TRUE","TRUE"
"4f887e92-b881-46e6-a452-0d0691863d31","SER-0011","HAV IgM","Serology / Antigen","Serology / Infectious Disease","Routine","FALSE","TRUE","TRUE","1","1","0","CLIA/ELISA","Serum/Plasma","MANUAL","0","0","0","0","2500.00","CATALOGUE_RATE_VERSIONS","2026-09-18T12:20:51.53886+00:00","TRUE","TRUE","TRUE","TRUE"
"925d0059-5fb6-4ad1-8db1-fa4f12f11617","SER-0012","HAV Total Antibody","Serology / Antigen","Serology / Infectious Disease","Routine","FALSE","TRUE","TRUE","1","1","0","CLIA/ELISA","Serum/Plasma","MANUAL","0","0","0","0","RATE_PENDING","NONE","N/A","TRUE","TRUE","TRUE","TRUE"
"5780fc4c-6d56-4e3b-956b-2622ca593267","SER-0013","HEV IgM","Serology / Antigen","Serology / Infectious Disease","Routine","FALSE","TRUE","TRUE","1","1","0","ELISA","Serum/Plasma","MANUAL","0","0","0","0","2500.00","CATALOGUE_RATE_VERSIONS","2026-09-18T12:20:51.538892+00:00","TRUE","TRUE","TRUE","TRUE"
"101f5ed6-10f0-4376-a916-8cc989c6edec","SER-0014","HEV IgG","Serology / Antigen","Serology / Infectious Disease","Routine","FALSE","TRUE","TRUE","1","1","0","ELISA","Serum/Plasma","MANUAL","0","0","0","0","RATE_PENDING","NONE","N/A","TRUE","TRUE","TRUE","TRUE"
"5c1164f1-804e-4755-9aa8-15d98f03cebe","SER-0015","Dengue NS1 Antigen","Serology / Antigen","Serology / Infectious Disease","Routine","FALSE","TRUE","TRUE","1","1","0","Rapid Immunochromatography (ICT)","Serum/Plasma","MANUAL","0","1","0","0","800.00","CATALOGUE_RATE_VERSIONS","2026-09-16T07:36:39.564555+00:00","TRUE","TRUE","TRUE","TRUE"
"0b21071b-ed2d-4ed9-8244-2e665f5547a8","SER-0016","Dengue IgM","Serology / Antigen","Serology / Infectious Disease","Routine","FALSE","TRUE","TRUE","1","1","0","Rapid Immunochromatography (ICT)","Serum/Plasma","MANUAL","0","1","0","0","800.00","CATALOGUE_RATE_VERSIONS","2026-09-17T02:24:52.228089+00:00","TRUE","TRUE","TRUE","TRUE"
"57c94e10-52b9-46dd-a030-a7d534770873","SER-0017","Dengue IgG","Serology / Antigen","Serology / Infectious Disease","Routine","FALSE","TRUE","TRUE","1","1","0","ELISA/CLIA","Serum","MANUAL","0","0","0","0","RATE_PENDING","NONE","N/A","TRUE","TRUE","TRUE","TRUE"
"8354022f-65a3-42bf-ad6b-e626d2df8690","SER-0018","Chikungunya IgM","Serology / Antigen","Serology / Infectious Disease","Routine","FALSE","TRUE","TRUE","1","1","0","ELISA","Serum","MANUAL","0","0","0","0","RATE_PENDING","NONE","N/A","TRUE","TRUE","TRUE","TRUE"
"73a9acd0-261a-4451-bf48-4a55c6c5bd52","SER-0019","Chikungunya IgG","Serology / Antigen","Serology / Infectious Disease","Routine","FALSE","TRUE","TRUE","1","1","0","ELISA","Serum","MANUAL","0","0","0","0","RATE_PENDING","NONE","N/A","TRUE","TRUE","TRUE","TRUE"
"949b29a3-1023-4cf1-b325-7dabe0b07498","SER-0020","Scrub Typhus IgM","Serology / Antigen","Serology / Infectious Disease","Routine","FALSE","TRUE","TRUE","1","1","0","ELISA","Serum","MANUAL","0","0","0","0","1000.00","CATALOGUE_RATE_VERSIONS","2026-09-16T07:36:39.564555+00:00","TRUE","TRUE","TRUE","TRUE"
"f2d87423-2077-496a-93ea-c394d6193fda","SER-0021","Leptospira IgM","Serology / Antigen","Serology / Infectious Disease","Routine","FALSE","TRUE","TRUE","1","1","0","ELISA","Serum","MANUAL","0","0","0","0","RATE_PENDING","NONE","N/A","TRUE","TRUE","TRUE","TRUE"
"84252d00-9ea4-4328-a40c-d7e4bd30774a","SER-0022","Leptospira IgG","Serology / Antigen","Serology / Infectious Disease","Routine","FALSE","TRUE","TRUE","1","1","0","ELISA","Serum","MANUAL","0","0","0","0","RATE_PENDING","NONE","N/A","TRUE","TRUE","TRUE","TRUE"
"cb8c3690-6955-491d-99f3-05d20fea2c45","SER-0023","Salmonella Typhi IgM","Serology / Antigen","Serology / Infectious Disease","Routine","FALSE","TRUE","TRUE","1","1","0","Immunoassay","Serum","MANUAL","0","0","0","0","1000.00","CATALOGUE_RATE_VERSIONS","2026-09-18T12:20:51.538953+00:00","TRUE","TRUE","TRUE","TRUE"
"9f728e04-9f95-4c7f-a35d-2dc9457dcb31","SER-0024","Widal Test","Serology / Antigen","Serology / Infectious Disease","Routine","FALSE","TRUE","TRUE","4","4","0","Tube Agglutination","Serum","MANUAL","0","4","0","0","RATE_PENDING","NONE","N/A","TRUE","TRUE","TRUE","TRUE"
"c9defb90-f2fd-4d66-84fa-ad53d53e2f41","SER-0025","Brucella Agglutination Test","Serology / Antigen","Serology / Infectious Disease","Routine","FALSE","TRUE","TRUE","1","1","0","Agglutination","Serum","MANUAL","0","0","0","0","RATE_PENDING","NONE","N/A","TRUE","TRUE","TRUE","TRUE"
"fd093f47-1666-49f2-befe-e4d090e6c1b8","SER-0026","RPR","Serology / Antigen","Serology / Infectious Disease","Routine","FALSE","TRUE","TRUE","1","1","0","Flocculation","Serum/Plasma","MANUAL","0","0","0","0","RATE_PENDING","NONE","N/A","TRUE","TRUE","TRUE","TRUE"
"d8c38d19-8edd-4682-bdaf-b485adac8d14","SER-0027","VDRL","Serology / Antigen","Serology / Infectious Disease","Routine","FALSE","TRUE","TRUE","1","1","0","Flocculation","Serum/CSF","MANUAL","0","0","0","0","400.00","CATALOGUE_RATE_VERSIONS","2026-09-18T12:20:51.538841+00:00","TRUE","TRUE","TRUE","TRUE"
"e82a84d6-4d0d-4688-bdc4-be9d84a9ad2b","SER-0028","TPHA/TPPA","Serology / Antigen","Serology / Infectious Disease","Routine","FALSE","TRUE","TRUE","1","1","0","Agglutination","Serum","MANUAL","0","0","0","0","600.00","CATALOGUE_RATE_VERSIONS","2026-09-18T12:20:51.538825+00:00","TRUE","TRUE","TRUE","TRUE"
"31fd7d73-6acb-4310-9137-ef7c121e5208","SER-0029","Treponema pallidum Antibody","Serology / Antigen","Serology / Infectious Disease","Routine","FALSE","TRUE","TRUE","1","1","0","CLIA/ELISA","Serum","MANUAL","0","0","0","0","RATE_PENDING","NONE","N/A","TRUE","TRUE","TRUE","TRUE"
"492ae1c9-3131-4124-887f-2865ef7ad6f5","SER-0030","Toxoplasma IgM","Serology / Antigen","Serology / Infectious Disease","Routine","FALSE","TRUE","TRUE","1","1","0","CLIA/ELISA","Serum","MANUAL","0","0","0","0","RATE_PENDING","NONE","N/A","TRUE","TRUE","TRUE","TRUE"
"14ba4574-c6e3-475b-8800-dc9e663ee153","SER-0031","Toxoplasma IgG","Serology / Antigen","Serology / Infectious Disease","Routine","FALSE","TRUE","TRUE","1","1","0","CLIA/ELISA","Serum","MANUAL","0","0","0","0","RATE_PENDING","NONE","N/A","TRUE","TRUE","TRUE","TRUE"
"cdb1357f-c3d8-4b65-92fe-516a0348e027","SER-0032","Rubella IgM","Serology / Antigen","Serology / Infectious Disease","Routine","FALSE","TRUE","TRUE","1","1","0","CLIA/ELISA","Serum","MANUAL","0","0","0","0","RATE_PENDING","NONE","N/A","TRUE","TRUE","TRUE","TRUE"
"2d871cc8-51e1-4e75-aa42-fe1ec7478b8b","SER-0033","Rubella IgG","Serology / Antigen","Serology / Infectious Disease","Routine","FALSE","TRUE","TRUE","1","1","0","CLIA/ELISA","Serum","MANUAL","0","0","0","0","RATE_PENDING","NONE","N/A","TRUE","TRUE","TRUE","TRUE"
"f684a31d-83c7-4bde-a72f-f60cb4a55d06","SER-0034","CMV IgM","Serology / Antigen","Serology / Infectious Disease","Routine","FALSE","TRUE","TRUE","1","1","0","CLIA/ELISA","Serum","MANUAL","0","0","0","0","RATE_PENDING","NONE","N/A","TRUE","TRUE","TRUE","TRUE"
"81b025fe-7230-4ce6-8571-9427f433276f","SER-0035","CMV IgG","Serology / Antigen","Serology / Infectious Disease","Routine","FALSE","TRUE","TRUE","1","1","0","CLIA/ELISA","Serum","MANUAL","0","0","0","0","RATE_PENDING","NONE","N/A","TRUE","TRUE","TRUE","TRUE"
"f2488944-ea17-4725-b766-b5d72174e6ff","SER-0036","HSV-1 IgG","Serology / Antigen","Serology / Infectious Disease","Routine","FALSE","TRUE","TRUE","1","1","0","CLIA/ELISA","Serum","MANUAL","0","0","0","0","RATE_PENDING","NONE","N/A","TRUE","TRUE","TRUE","TRUE"
"4c7a1bbc-61bd-406e-bcb9-f4f8cb5edcea","SER-0037","HSV-2 IgG","Serology / Antigen","Serology / Infectious Disease","Routine","FALSE","TRUE","TRUE","1","1","0","CLIA/ELISA","Serum","MANUAL","0","0","0","0","RATE_PENDING","NONE","N/A","TRUE","TRUE","TRUE","TRUE"
"41bc1782-9c61-4a97-93e1-9b1257047d15","SER-0038","EBV VCA IgM","Serology / Antigen","Serology / Infectious Disease","Routine","FALSE","TRUE","TRUE","1","1","0","CLIA/ELISA","Serum","MANUAL","0","0","0","0","RATE_PENDING","NONE","N/A","TRUE","TRUE","TRUE","TRUE"
"71b7a60d-bc32-40fb-b17a-ace4693367b7","SER-0039","EBV VCA IgG","Serology / Antigen","Serology / Infectious Disease","Routine","FALSE","TRUE","TRUE","1","1","0","CLIA/ELISA","Serum","MANUAL","0","0","0","0","RATE_PENDING","NONE","N/A","TRUE","TRUE","TRUE","TRUE"
"8f2dde73-92b5-4c08-bc8f-5445853473d2","SER-0040","EBV EBNA IgG","Serology / Antigen","Serology / Infectious Disease","Routine","FALSE","TRUE","TRUE","1","1","0","CLIA/ELISA","Serum","MANUAL","0","0","0","0","RATE_PENDING","NONE","N/A","TRUE","TRUE","TRUE","TRUE"
"8ec9573b-e6df-4d41-b206-a3a843671dcd","SER-0041","EBV Early Antigen IgG","Serology / Antigen","Serology / Infectious Disease","Routine","FALSE","TRUE","TRUE","1","1","0","CLIA/ELISA","Serum","MANUAL","0","0","0","0","RATE_PENDING","NONE","N/A","TRUE","TRUE","TRUE","TRUE"
"14ca9414-68cd-4d55-b264-484848c0a564","SER-0042","H. pylori IgG","Serology / Antigen","Serology / Infectious Disease","Routine","FALSE","TRUE","TRUE","1","1","0","ELISA","Serum","MANUAL","0","0","0","0","1200.00","CATALOGUE_RATE_VERSIONS","2026-09-18T12:20:51.538924+00:00","TRUE","TRUE","TRUE","TRUE"
"ade8406c-ff94-4f53-8a77-374befc8b46e","SER-0043","H. pylori Stool Antigen","Serology / Antigen","Serology / Infectious Disease","Routine","FALSE","TRUE","TRUE","1","1","0","Immunoassay","Stool","MANUAL","0","0","0","0","1000.00","CATALOGUE_RATE_VERSIONS","2026-09-16T07:36:39.564555+00:00","TRUE","TRUE","TRUE","TRUE"
"5778193a-69cf-4fe2-9b6b-d124068f7f87","SER-0044","H. pylori Urea Breath Test","Serology / Antigen","Serology / Infectious Disease","Routine","FALSE","TRUE","TRUE","1","1","0","13C/14C UBT","Breath","MANUAL","0","0","0","0","RATE_PENDING","NONE","N/A","TRUE","TRUE","TRUE","TRUE"
"2aa7d388-a98a-4db6-973a-078f480aabd6","SER-0045","COVID-19 SARS-CoV-2 Antigen","Serology / Antigen","Serology / Infectious Disease","Routine","FALSE","TRUE","TRUE","1","1","0","Lateral flow/Immunoassay","Nasopharyngeal swab","MANUAL","0","0","0","0","RATE_PENDING","NONE","N/A","TRUE","TRUE","TRUE","TRUE"
"dd961f95-6919-45f6-b440-b9728b106e9f","SER-0046","SARS-CoV-2 IgG","Serology / Antigen","Serology / Infectious Disease","Routine","FALSE","TRUE","TRUE","1","1","0","CLIA/ELISA","Serum","MANUAL","0","0","0","0","RATE_PENDING","NONE","N/A","TRUE","TRUE","TRUE","TRUE"
"70cc5225-e756-43b5-b331-199bd57c598f","SER-0047","SARS-CoV-2 Total Antibody","Serology / Antigen","Serology / Infectious Disease","Routine","FALSE","TRUE","TRUE","1","1","0","CLIA/ELISA","Serum","MANUAL","0","0","0","0","RATE_PENDING","NONE","N/A","TRUE","TRUE","TRUE","TRUE"
"6f19308b-525e-4818-97d5-4b0f888f7507","SER-0048","Influenza A Antigen","Serology / Antigen","Serology / Infectious Disease","Routine","FALSE","TRUE","TRUE","1","1","0","Immunoassay","Respiratory swab","MANUAL","0","0","0","0","RATE_PENDING","NONE","N/A","TRUE","TRUE","TRUE","TRUE"
"a66fb759-6175-474b-88bd-56f51a625535","SER-0049","Influenza B Antigen","Serology / Antigen","Serology / Infectious Disease","Routine","FALSE","TRUE","TRUE","1","1","0","Immunoassay","Respiratory swab","MANUAL","0","0","0","0","RATE_PENDING","NONE","N/A","TRUE","TRUE","TRUE","TRUE"
"c536f246-cb29-4fce-bc72-2a3a145adfd3","SER-0050","RSV Antigen","Serology / Antigen","Serology / Infectious Disease","Routine","FALSE","TRUE","TRUE","1","1","0","Immunoassay","Respiratory swab","MANUAL","0","0","0","0","RATE_PENDING","NONE","N/A","TRUE","TRUE","TRUE","TRUE"
"19265462-802b-4cd8-b8e1-aa391715fc5f","SER-0051","Rotavirus Antigen","Serology / Antigen","Serology / Infectious Disease","Routine","FALSE","TRUE","TRUE","1","1","0","Immunoassay","Stool","MANUAL","0","0","0","0","RATE_PENDING","NONE","N/A","TRUE","TRUE","TRUE","TRUE"
"9ae9c269-cc4c-4e3a-bd32-ef44f0c9d525","SER-0052","Adenovirus Antigen, Stool","Serology / Antigen","Serology / Infectious Disease","Routine","FALSE","TRUE","TRUE","1","1","0","Immunoassay","Stool","MANUAL","0","0","0","0","RATE_PENDING","NONE","N/A","TRUE","TRUE","TRUE","TRUE"
"7219423d-934e-44e2-beb8-79a2763819f5","SER-0053","Cryptosporidium Antigen","Serology / Antigen","Serology / Infectious Disease","Routine","FALSE","TRUE","TRUE","1","1","0","Immunoassay","Stool","MANUAL","0","0","0","0","RATE_PENDING","NONE","N/A","TRUE","TRUE","TRUE","TRUE"
"374c3871-bfdf-4289-aaf4-279316b43212","SER-0054","Giardia Antigen","Serology / Antigen","Serology / Infectious Disease","Routine","FALSE","TRUE","TRUE","1","1","0","Immunoassay","Stool","MANUAL","0","0","0","0","RATE_PENDING","NONE","N/A","TRUE","TRUE","TRUE","TRUE"
"79095854-e7af-4a11-a38e-0919ba3c27b7","SER-0055","Entamoeba histolytica Antigen","Serology / Antigen","Serology / Infectious Disease","Routine","FALSE","TRUE","TRUE","1","1","0","Immunoassay","Stool","MANUAL","0","0","0","0","RATE_PENDING","NONE","N/A","TRUE","TRUE","TRUE","TRUE"
"8ec439fc-2a58-4625-baec-2fc9c7ba7c31","SER-0056","Clostridioides difficile GDH Antigen","Serology / Antigen","Serology / Infectious Disease","Routine","FALSE","TRUE","TRUE","1","1","0","Immunoassay","Stool","MANUAL","0","0","0","0","RATE_PENDING","NONE","N/A","TRUE","TRUE","TRUE","TRUE"
"5344da76-72c2-43e6-b803-85324b41b4a5","SER-0057","Clostridioides difficile Toxin A/B","Serology / Antigen","Serology / Infectious Disease","Routine","FALSE","TRUE","TRUE","1","1","0","Immunoassay","Stool","MANUAL","0","0","0","0","RATE_PENDING","NONE","N/A","TRUE","TRUE","TRUE","TRUE"
"4d40f452-9a8c-47a9-944c-85dcb280bdeb","SER-0058","Malaria Pf/Pv Antigen","Serology / Antigen","Serology / Infectious Disease","Routine","FALSE","TRUE","TRUE","1","1","0","Rapid immunochromatography","Whole Blood","MANUAL","0","0","0","0","RATE_PENDING","NONE","N/A","TRUE","TRUE","TRUE","TRUE"
"9877b146-7cc7-4b19-8b3c-fcaf261fe986","SER-0059","Kala-azar rK39 Antibody","Serology / Antigen","Serology / Infectious Disease","Routine","FALSE","TRUE","TRUE","1","1","0","Rapid immunochromatography","Serum/Whole Blood","MANUAL","0","0","0","0","1500.00","CATALOGUE_RATE_VERSIONS","2026-09-18T12:20:51.538805+00:00","TRUE","TRUE","TRUE","TRUE"
"684813b7-c162-4558-ad7f-8b8c9def2f36","SER-0060","Filariasis Antigen","Serology / Antigen","Serology / Infectious Disease","Routine","FALSE","TRUE","TRUE","1","1","0","Immunoassay","Whole Blood","MANUAL","0","0","0","0","RATE_PENDING","NONE","N/A","TRUE","TRUE","TRUE","TRUE"
"a4309f2b-7af4-4a5f-930d-db2b409997b4","SER-0061","Measles IgM","Serology / Antigen","Serology / Infectious Disease","Routine","FALSE","TRUE","TRUE","1","1","0","ELISA/CLIA as validated","Serum","MANUAL","0","0","0","0","RATE_PENDING","NONE","N/A","TRUE","TRUE","TRUE","TRUE"
"13f5d848-6ea8-4ac6-992f-a8137dcda949","SER-0062","Measles IgG","Serology / Antigen","Serology / Infectious Disease","Routine","FALSE","TRUE","TRUE","1","1","0","ELISA/CLIA as validated","Serum","MANUAL","0","0","0","0","RATE_PENDING","NONE","N/A","TRUE","TRUE","TRUE","TRUE"
"1a347b0b-9888-4a28-936a-a122ef77b249","SER-0063","Mumps IgM","Serology / Antigen","Serology / Infectious Disease","Routine","FALSE","TRUE","TRUE","1","1","0","ELISA/CLIA as validated","Serum","MANUAL","0","0","0","0","RATE_PENDING","NONE","N/A","TRUE","TRUE","TRUE","TRUE"
"28c297f5-f911-4e68-a140-8cb5d6a44b0a","SER-0064","Mumps IgG","Serology / Antigen","Serology / Infectious Disease","Routine","FALSE","TRUE","TRUE","1","1","0","ELISA/CLIA as validated","Serum","MANUAL","0","0","0","0","RATE_PENDING","NONE","N/A","TRUE","TRUE","TRUE","TRUE"
"a8e02a1b-a1b7-4ee3-8d94-2de2238ead12","SER-0065","Varicella Zoster IgM","Serology / Antigen","Serology / Infectious Disease","Routine","FALSE","TRUE","TRUE","1","1","0","ELISA/CLIA as validated","Serum","MANUAL","0","0","0","0","RATE_PENDING","NONE","N/A","TRUE","TRUE","TRUE","TRUE"
"efe20ee6-b2e8-433d-a8b7-ee7cdc7c4990","SER-0066","Varicella Zoster IgG","Serology / Antigen","Serology / Infectious Disease","Routine","FALSE","TRUE","TRUE","1","1","0","ELISA/CLIA as validated","Serum","MANUAL","0","0","0","0","RATE_PENDING","NONE","N/A","TRUE","TRUE","TRUE","TRUE"
"dfbf5510-d6ac-4ef6-b731-cc647fc053ec","SER-0067","Parvovirus B19 IgM","Serology / Antigen","Serology / Infectious Disease","Routine","FALSE","TRUE","TRUE","1","1","0","ELISA/CLIA as validated","Serum","MANUAL","0","0","0","0","RATE_PENDING","NONE","N/A","TRUE","TRUE","TRUE","TRUE"
"22f14d5c-bf85-4b08-92fd-ebf5291b1f23","SER-0068","Parvovirus B19 IgG","Serology / Antigen","Serology / Infectious Disease","Routine","FALSE","TRUE","TRUE","1","1","0","ELISA/CLIA as validated","Serum","MANUAL","0","0","0","0","RATE_PENDING","NONE","N/A","TRUE","TRUE","TRUE","TRUE"
"4f7b0025-1830-4145-ba2d-21f0910535ad","SER-0069","Mycoplasma pneumoniae IgM","Serology / Antigen","Serology / Infectious Disease","Routine","FALSE","TRUE","TRUE","1","1","0","ELISA/CLIA as validated","Serum","MANUAL","0","0","0","0","RATE_PENDING","NONE","N/A","TRUE","TRUE","TRUE","TRUE"
"96963fcd-96bf-4d07-94da-096e6ece99db","SER-0070","Mycoplasma pneumoniae IgG","Serology / Antigen","Serology / Infectious Disease","Routine","FALSE","TRUE","TRUE","1","1","0","ELISA/CLIA as validated","Serum","MANUAL","0","0","0","0","RATE_PENDING","NONE","N/A","TRUE","TRUE","TRUE","TRUE"
"cacfc8a9-69ea-42e9-a49e-cc47f23a51d2","SER-0071","Chlamydia trachomatis IgG","Serology / Antigen","Serology / Infectious Disease","Routine","FALSE","TRUE","TRUE","1","1","0","ELISA/CLIA as validated","Serum","MANUAL","0","0","0","0","RATE_PENDING","NONE","N/A","TRUE","TRUE","TRUE","TRUE"
"56c6f4c9-5eed-4882-a243-b2859d5c62bc","SER-0072","Chlamydia pneumoniae IgG","Serology / Antigen","Serology / Infectious Disease","Routine","FALSE","TRUE","TRUE","1","1","0","ELISA/CLIA as validated","Serum","MANUAL","0","0","0","0","RATE_PENDING","NONE","N/A","TRUE","TRUE","TRUE","TRUE"
"36084bf8-20d5-4738-846b-54d1a79db6af","SER-0073","Coxiella burnetii Phase I IgG","Serology / Antigen","Serology / Infectious Disease","Routine","FALSE","TRUE","TRUE","1","1","0","ELISA/CLIA as validated","Serum","MANUAL","0","0","0","0","RATE_PENDING","NONE","N/A","TRUE","TRUE","TRUE","TRUE"
"959bcd9e-b303-4923-a380-0ce6a2b76c5e","SER-0074","Coxiella burnetii Phase II IgG","Serology / Antigen","Serology / Infectious Disease","Routine","FALSE","TRUE","TRUE","1","1","0","ELISA/CLIA as validated","Serum","MANUAL","0","0","0","0","RATE_PENDING","NONE","N/A","TRUE","TRUE","TRUE","TRUE"
"036f52d1-8230-4e13-b0f4-1cb04c4d25a3","SER-0075","Brucella IgM","Serology / Antigen","Serology / Infectious Disease","Routine","FALSE","TRUE","TRUE","1","1","0","ELISA/CLIA as validated","Serum","MANUAL","0","0","0","0","RATE_PENDING","NONE","N/A","TRUE","TRUE","TRUE","TRUE"
"a17324e6-be60-4415-ab63-3fe6050a1796","SER-0076","Brucella IgG","Serology / Antigen","Serology / Infectious Disease","Routine","FALSE","TRUE","TRUE","1","1","0","ELISA/CLIA as validated","Serum","MANUAL","0","0","0","0","RATE_PENDING","NONE","N/A","TRUE","TRUE","TRUE","TRUE"
"946c3cc5-ab5b-4432-ad92-9adfc914b767","SER-0077","Strongyloides IgG","Serology / Antigen","Serology / Infectious Disease","Routine","FALSE","TRUE","TRUE","1","1","0","ELISA/CLIA as validated","Serum","MANUAL","0","0","0","0","RATE_PENDING","NONE","N/A","TRUE","TRUE","TRUE","TRUE"
"09fd2e44-b44d-43b5-a66e-4236c89bfb4e","SER-0078","Echinococcus IgG","Serology / Antigen","Serology / Infectious Disease","Routine","FALSE","TRUE","TRUE","1","1","0","ELISA/CLIA as validated","Serum","MANUAL","0","0","0","0","RATE_PENDING","NONE","N/A","TRUE","TRUE","TRUE","TRUE"
"cb326bf2-f722-4fb8-b09c-b1432ba5ca41","SER-0079","Cysticercus IgG","Serology / Antigen","Serology / Infectious Disease","Routine","FALSE","TRUE","TRUE","1","1","0","ELISA/CLIA as validated","Serum","MANUAL","0","0","0","0","RATE_PENDING","NONE","N/A","TRUE","TRUE","TRUE","TRUE"
"a4dee831-1c96-4333-8f92-83aed48960a0","SER-0080","Amoebic Serology","Serology / Antigen","Serology / Infectious Disease","Routine","FALSE","TRUE","TRUE","1","1","0","ELISA/CLIA as validated","Serum","MANUAL","0","0","0","0","RATE_PENDING","NONE","N/A","TRUE","TRUE","TRUE","TRUE"
"81f040b0-43c9-4119-a3ad-04d8588a49d7","SER-0081","Hydatid Serology","Serology / Antigen","Serology / Infectious Disease","Routine","FALSE","TRUE","TRUE","1","1","0","ELISA/CLIA as validated","Serum","MANUAL","0","0","0","0","RATE_PENDING","NONE","N/A","TRUE","TRUE","TRUE","TRUE"
"8dbf4efa-0de3-442d-ab84-238b110e49e7","SER-0082","Filaria IgG4 Antibody","Serology / Antigen","Serology / Infectious Disease","Routine","FALSE","TRUE","TRUE","1","1","0","ELISA/CLIA as validated","Serum","MANUAL","0","0","0","0","RATE_PENDING","NONE","N/A","TRUE","TRUE","TRUE","TRUE"
"3a26dd13-4445-4f24-b3eb-2dc48f34f366","SER-0083","Japanese Encephalitis IgM","Serology / Antigen","Serology / Infectious Disease","Routine","FALSE","TRUE","TRUE","1","1","0","ELISA/CLIA as validated","Serum","MANUAL","0","0","0","0","RATE_PENDING","NONE","N/A","TRUE","TRUE","TRUE","TRUE"
"2d5c8264-f08e-446b-9e54-3034b2bfa8a0","SER-0084","West Nile Virus IgM","Serology / Antigen","Serology / Infectious Disease","Routine","FALSE","TRUE","TRUE","1","1","0","ELISA/CLIA as validated","Serum","MANUAL","0","0","0","0","RATE_PENDING","NONE","N/A","TRUE","TRUE","TRUE","TRUE"
"95c31b6b-6070-4972-9a27-cb372dcef06b","SER-0085","West Nile Virus IgG","Serology / Antigen","Serology / Infectious Disease","Routine","FALSE","TRUE","TRUE","1","1","0","ELISA/CLIA as validated","Serum","MANUAL","0","0","0","0","RATE_PENDING","NONE","N/A","TRUE","TRUE","TRUE","TRUE"
"d5ea177f-e106-475a-b9d2-237b31bbf6ae","SER-0086","HUMAN IMMUNODEFICIENCY VIRUS (HIV), RAPID SCREENING TEST","Serology / Rapid Screening","Serology / Infectious Disease","Routine","FALSE","TRUE","TRUE","1","1","0","Rapid Immunochromatography (Rapid Screening Test)","Serum","MANUAL","0","1","1","0","500.00","CATALOGUE_RATE_VERSIONS","2026-09-17T02:24:52.228758+00:00","TRUE","TRUE","TRUE","TRUE"
"3b3cc2f7-e1f4-4dd2-818d-5de6311785e8","SER-0087","HEPATITIS B SURFACE ANTIGEN (HBsAg), RAPID SCREENING TEST","Serology / Rapid Screening","Serology / Infectious Disease","Routine","FALSE","TRUE","TRUE","1","1","0","Rapid Immunochromatography (Rapid Screening Test)","Serum","MANUAL","0","1","1","0","600.00","CATALOGUE_RATE_VERSIONS","2026-09-16T07:36:39.564555+00:00","TRUE","TRUE","TRUE","TRUE"
"333f1896-c755-4df2-a348-00bdd13b9bf3","SER-0088","HCV RAPID SCREENING TEST","Serology / Rapid Screening","Serology / Infectious Disease","Routine","FALSE","TRUE","TRUE","1","1","0","Rapid Immunochromatography (Rapid Screening Test)","Specimen Pending Validation","MANUAL","0","1","1","0","600.00","CATALOGUE_RATE_VERSIONS","2026-09-16T07:36:39.564555+00:00","TRUE","TRUE","TRUE","TRUE"
"da0519b2-0613-458e-9f10-21a4e057381b","SER-0089","Scrub Typhus (FIA IgM/IgG)","Serology & Immunology","Serology / Infectious Disease","Routine","FALSE","TRUE","TRUE","2","2","0","Fluorescence Immunoassay (FIA)","Serum / EDTA Whole Blood","MANUAL","0","2","0","0","1000.00","CATALOGUE_RATE_VERSIONS","2026-09-16T07:36:39.564555+00:00","TRUE","TRUE","TRUE","TRUE"
"75b5401f-4604-42b2-9726-86b1050faaa0","SPC-0001","Neonatal TSH Screen","Metabolic / Screening","Special Chemistry","Routine","FALSE","TRUE","TRUE","1","1","0","Validated screening/LC-MS/MS method","Blood/DBS/Urine/Sweat as specified","MANUAL","0","0","0","0","RATE_PENDING","NONE","N/A","TRUE","TRUE","TRUE","TRUE"
"20add2c2-89ac-4356-ab0c-426122e38a11","SPC-0002","Neonatal 17-OHP Screen","Metabolic / Screening","Special Chemistry","Routine","FALSE","TRUE","TRUE","1","1","0","Validated screening/LC-MS/MS method","Blood/DBS/Urine/Sweat as specified","MANUAL","0","0","0","0","RATE_PENDING","NONE","N/A","TRUE","TRUE","TRUE","TRUE"
"6667b00f-9a7a-4d81-b833-118c5d6419c5","SPC-0003","Neonatal G6PD Screen","Metabolic / Screening","Special Chemistry","Routine","FALSE","TRUE","TRUE","1","1","0","Validated screening/LC-MS/MS method","Blood/DBS/Urine/Sweat as specified","MANUAL","0","0","0","0","RATE_PENDING","NONE","N/A","TRUE","TRUE","TRUE","TRUE"
"b60127eb-275f-49ce-ad5f-333a83cca580","SPC-0004","Phenylalanine, Dried Blood Spot","Metabolic / Screening","Special Chemistry","Routine","FALSE","TRUE","TRUE","1","1","0","Validated screening/LC-MS/MS method","Blood/DBS/Urine/Sweat as specified","MANUAL","0","0","0","0","RATE_PENDING","NONE","N/A","TRUE","TRUE","TRUE","TRUE"
"dea2243b-09ff-4609-9811-db42e09e7703","SPC-0005","Amino Acid Profile, Plasma","Metabolic / Screening","Special Chemistry","Routine","FALSE","TRUE","TRUE","0","0","0","Validated screening/LC-MS/MS method","Blood/DBS/Urine/Sweat as specified","MANUAL","0","0","0","0","RATE_PENDING","NONE","N/A","FALSE","FALSE","FALSE","FALSE"
"02ff03db-14e6-4a2a-9fa8-446ab9ed39fa","SPC-0006","Acylcarnitine Profile","Metabolic / Screening","Special Chemistry","Routine","FALSE","TRUE","TRUE","0","0","0","Validated screening/LC-MS/MS method","Blood/DBS/Urine/Sweat as specified","MANUAL","0","0","0","0","RATE_PENDING","NONE","N/A","FALSE","FALSE","FALSE","FALSE"
"9df1300b-49e9-4bc0-9085-595c049315f1","SPC-0007","Organic Acids, Urine","Metabolic / Screening","Special Chemistry","Routine","FALSE","TRUE","TRUE","3","3","0","GC-MS / LC-MS/MS","Random / First Morning Urine (Frozen)","MANUAL","0","3","0","0","RATE_PENDING","NONE","N/A","TRUE","TRUE","TRUE","TRUE"
"d699b246-cae4-4f1f-a1f5-fed913ca95a3","SPC-0008","Galactosemia Screen","Metabolic / Screening","Special Chemistry","Routine","FALSE","TRUE","TRUE","1","1","0","Validated screening/LC-MS/MS method","Blood/DBS/Urine/Sweat as specified","MANUAL","0","0","0","0","RATE_PENDING","NONE","N/A","TRUE","TRUE","TRUE","TRUE"
"23f0f7b4-a9a0-4a9e-9040-b0aee8a8cf2d","SPC-0009","Biotinidase Activity","Metabolic / Screening","Special Chemistry","Routine","FALSE","TRUE","TRUE","1","1","0","Validated screening/LC-MS/MS method","Blood/DBS/Urine/Sweat as specified","MANUAL","0","0","0","0","RATE_PENDING","NONE","N/A","TRUE","TRUE","TRUE","TRUE"
"54bb4694-0488-47c4-aef1-8577a11590fc","SPC-0010","Sweat Chloride","Metabolic / Screening","Special Chemistry","Routine","FALSE","TRUE","TRUE","1","1","0","Validated screening/LC-MS/MS method","Blood/DBS/Urine/Sweat as specified","MANUAL","0","0","0","0","RATE_PENDING","NONE","N/A","TRUE","TRUE","TRUE","TRUE"
"90113426-b406-475d-b0db-da1eb9dc48b1","SPC-0011","Alpha-Fetoprotein Maternal Serum","Metabolic / Screening","Special Chemistry","Routine","FALSE","TRUE","TRUE","1","1","0","Validated screening/LC-MS/MS method","Blood/DBS/Urine/Sweat as specified","MANUAL","0","0","0","0","RATE_PENDING","NONE","N/A","TRUE","TRUE","TRUE","TRUE"
"820f1e09-f47c-4a7a-994d-96fd9630ce8f","SPC-0012","PAPP-A","Metabolic / Screening","Special Chemistry","Routine","FALSE","TRUE","TRUE","1","1","0","Validated screening/LC-MS/MS method","Blood/DBS/Urine/Sweat as specified","MANUAL","0","0","0","0","RATE_PENDING","NONE","N/A","TRUE","TRUE","TRUE","TRUE"
"aff3e30d-7aa0-4ffd-9b6b-6e4c740f6e4c","SPC-0013","Free Beta-hCG, First Trimester","Metabolic / Screening","Special Chemistry","Routine","FALSE","TRUE","TRUE","1","1","0","Validated screening/LC-MS/MS method","Blood/DBS/Urine/Sweat as specified","MANUAL","0","0","0","0","RATE_PENDING","NONE","N/A","TRUE","TRUE","TRUE","TRUE"
"4b17887c-ddb2-487a-a4ef-30df2b5e6ae7","SPC-0014","Quadruple Marker Screen","Metabolic / Screening","Special Chemistry","Routine","FALSE","TRUE","TRUE","1","1","0","Validated screening/LC-MS/MS method","Blood/DBS/Urine/Sweat as specified","MANUAL","0","0","0","0","6000.00","CATALOGUE_RATE_VERSIONS","2026-09-18T12:20:51.540389+00:00","TRUE","TRUE","TRUE","TRUE"
"b9cc5da6-a9bf-4c7f-bd22-7ac3ad22dc5a","SPC-0015","Dual Marker Screen","Metabolic / Screening","Special Chemistry","Routine","FALSE","TRUE","TRUE","1","1","0","Validated screening/LC-MS/MS method","Blood/DBS/Urine/Sweat as specified","MANUAL","0","0","0","0","RATE_PENDING","NONE","N/A","TRUE","TRUE","TRUE","TRUE"
"19577c62-82d5-4cd9-8086-92250050d03c","SPC-0016","Triple Marker Screen","Metabolic / Screening","Special Chemistry","Routine","FALSE","TRUE","TRUE","1","1","0","Validated screening/LC-MS/MS method","Blood/DBS/Urine/Sweat as specified","MANUAL","0","0","0","0","RATE_PENDING","NONE","N/A","TRUE","TRUE","TRUE","TRUE"
"40b4f9e0-79a8-4e95-a38c-67cc14d656bb","SPC-0017","Selenium, Serum","Vitamins / Trace Elements","Special Chemistry","Routine","FALSE","TRUE","TRUE","1","1","0","LC-MS/MS/HPLC/ICP-MS as validated","Serum/Whole Blood/Urine as specified","MANUAL","0","0","0","0","RATE_PENDING","NONE","N/A","TRUE","TRUE","TRUE","TRUE"
"efeff39b-ab4d-4ea6-8737-2cbe26adaeed","SPC-0018","Manganese, Whole Blood","Vitamins / Trace Elements","Special Chemistry","Routine","FALSE","TRUE","TRUE","1","1","0","LC-MS/MS/HPLC/ICP-MS as validated","Serum/Whole Blood/Urine as specified","MANUAL","0","0","0","0","RATE_PENDING","NONE","N/A","TRUE","TRUE","TRUE","TRUE"
"47e4a36e-31f3-4d34-a7d1-5c63df7d3fa3","SPC-0019","Chromium, Blood","Vitamins / Trace Elements","Special Chemistry","Routine","FALSE","TRUE","TRUE","1","1","0","LC-MS/MS/HPLC/ICP-MS as validated","Serum/Whole Blood/Urine as specified","MANUAL","0","0","0","0","RATE_PENDING","NONE","N/A","TRUE","TRUE","TRUE","TRUE"
"3bcce025-d92a-4114-b5b9-adebf9f539d9","SPC-0020","Cobalt, Blood","Vitamins / Trace Elements","Special Chemistry","Routine","FALSE","TRUE","TRUE","1","1","0","LC-MS/MS/HPLC/ICP-MS as validated","Serum/Whole Blood/Urine as specified","MANUAL","0","0","0","0","RATE_PENDING","NONE","N/A","TRUE","TRUE","TRUE","TRUE"
"bbd66340-67ce-4439-8a76-97297e49b78e","SPC-0021","Nickel, Blood","Vitamins / Trace Elements","Special Chemistry","Routine","FALSE","TRUE","TRUE","1","1","0","LC-MS/MS/HPLC/ICP-MS as validated","Serum/Whole Blood/Urine as specified","MANUAL","0","0","0","0","RATE_PENDING","NONE","N/A","TRUE","TRUE","TRUE","TRUE"
"fd75c6aa-7217-46e5-a455-6ae0841078ae","SPC-0022","Iodine, Urine","Vitamins / Trace Elements","Special Chemistry","Routine","FALSE","TRUE","TRUE","1","1","0","LC-MS/MS/HPLC/ICP-MS as validated","Serum/Whole Blood/Urine as specified","MANUAL","0","0","0","0","RATE_PENDING","NONE","N/A","TRUE","TRUE","TRUE","TRUE"
"24636f58-f96f-4ec2-b2a4-c79f8ea35469","SPC-0023","Iodine, Serum","Vitamins / Trace Elements","Special Chemistry","Routine","FALSE","TRUE","TRUE","1","1","0","LC-MS/MS/HPLC/ICP-MS as validated","Serum/Whole Blood/Urine as specified","MANUAL","0","0","0","0","RATE_PENDING","NONE","N/A","TRUE","TRUE","TRUE","TRUE"
"b08b6db6-ecc7-4bd9-8452-2c3fd0619269","SPC-0024","Molybdenum, Blood","Vitamins / Trace Elements","Special Chemistry","Routine","FALSE","TRUE","TRUE","1","1","0","LC-MS/MS/HPLC/ICP-MS as validated","Serum/Whole Blood/Urine as specified","MANUAL","0","0","0","0","RATE_PENDING","NONE","N/A","TRUE","TRUE","TRUE","TRUE"
"a701de0a-0ec9-4db5-a781-288e21082c9d","SPC-0025","Vitamin A (Retinol)","Vitamins / Trace Elements","Special Chemistry","Routine","FALSE","TRUE","TRUE","1","1","0","LC-MS/MS/HPLC/ICP-MS as validated","Serum/Whole Blood/Urine as specified","MANUAL","0","0","0","0","RATE_PENDING","NONE","N/A","TRUE","TRUE","TRUE","TRUE"
"7cf0fc4a-54aa-439b-a91b-73f43de0465c","SPC-0026","Vitamin E (Alpha-Tocopherol)","Vitamins / Trace Elements","Special Chemistry","Routine","FALSE","TRUE","TRUE","1","1","0","LC-MS/MS/HPLC/ICP-MS as validated","Serum/Whole Blood/Urine as specified","MANUAL","0","0","0","0","RATE_PENDING","NONE","N/A","TRUE","TRUE","TRUE","TRUE"
"e7f30fca-8573-4418-bdac-171394288c81","SPC-0027","Vitamin B1 (Thiamine)","Vitamins / Trace Elements","Special Chemistry","Routine","FALSE","TRUE","TRUE","1","1","0","LC-MS/MS/HPLC/ICP-MS as validated","Serum/Whole Blood/Urine as specified","MANUAL","0","0","0","0","RATE_PENDING","NONE","N/A","TRUE","TRUE","TRUE","TRUE"
"37c75619-3b0c-43f9-aca3-a75b771c0f4f","SPC-0028","Vitamin B6 (PLP)","Vitamins / Trace Elements","Special Chemistry","Routine","FALSE","TRUE","TRUE","1","1","0","LC-MS/MS/HPLC/ICP-MS as validated","Serum/Whole Blood/Urine as specified","MANUAL","0","0","0","0","RATE_PENDING","NONE","N/A","TRUE","TRUE","TRUE","TRUE"
"c8f23373-ef0f-4346-9cd1-c21962b5aa83","SPC-0029","Vitamin C","Vitamins / Trace Elements","Special Chemistry","Routine","FALSE","TRUE","TRUE","1","1","0","LC-MS/MS/HPLC/ICP-MS as validated","Serum/Whole Blood/Urine as specified","MANUAL","0","0","0","0","RATE_PENDING","NONE","N/A","TRUE","TRUE","TRUE","TRUE"
"fe010f57-07a7-4ee5-9110-0bae52072c32","SPC-0030","Methylmalonic Acid","Vitamins / Trace Elements","Special Chemistry","Routine","FALSE","TRUE","TRUE","1","1","0","LC-MS/MS/HPLC/ICP-MS as validated","Serum/Whole Blood/Urine as specified","MANUAL","0","0","0","0","RATE_PENDING","NONE","N/A","TRUE","TRUE","TRUE","TRUE"
"e11c3254-af6d-4350-8db7-1de02cd4df5f","TOX-0001","Lithium","Therapeutic Drug Monitoring","Toxicology / TDM","Routine","FALSE","TRUE","TRUE","1","1","0","Immunoassay/Chromatography/LC-MS","Serum/Plasma","MANUAL","0","0","0","0","RATE_PENDING","NONE","N/A","TRUE","TRUE","TRUE","TRUE"
"01ff2c2c-96c8-4835-85e5-0e02702b70ee","TOX-0002","Valproic Acid","Therapeutic Drug Monitoring","Toxicology / TDM","Routine","FALSE","TRUE","TRUE","1","1","0","Immunoassay/Chromatography/LC-MS","Serum/Plasma","MANUAL","0","0","0","0","RATE_PENDING","NONE","N/A","TRUE","TRUE","TRUE","TRUE"
"50a8a678-b471-4dfa-b9de-d3d645f13277","TOX-0003","Carbamazepine","Therapeutic Drug Monitoring","Toxicology / TDM","Routine","FALSE","TRUE","TRUE","1","1","0","Immunoassay/Chromatography/LC-MS","Serum/Plasma","MANUAL","0","0","0","0","RATE_PENDING","NONE","N/A","TRUE","TRUE","TRUE","TRUE"
"f55e88bf-122f-474d-85e8-07051b6e7086","TOX-0004","Phenytoin, Total","Therapeutic Drug Monitoring","Toxicology / TDM","Routine","FALSE","TRUE","TRUE","1","1","0","Immunoassay/Chromatography/LC-MS","Serum/Plasma","MANUAL","0","0","0","0","RATE_PENDING","NONE","N/A","TRUE","TRUE","TRUE","TRUE"
"062e34d1-e2d9-430d-ae83-da0a52df5b74","TOX-0005","Phenytoin, Free","Therapeutic Drug Monitoring","Toxicology / TDM","Routine","FALSE","TRUE","TRUE","1","1","0","Immunoassay/Chromatography/LC-MS","Serum/Plasma","MANUAL","0","0","0","0","RATE_PENDING","NONE","N/A","TRUE","TRUE","TRUE","TRUE"
"f5f1155e-ca7b-47ac-a836-96540e846c73","TOX-0006","Phenobarbital","Therapeutic Drug Monitoring","Toxicology / TDM","Routine","FALSE","TRUE","TRUE","1","1","0","Immunoassay/Chromatography/LC-MS","Serum/Plasma","MANUAL","0","0","0","0","RATE_PENDING","NONE","N/A","TRUE","TRUE","TRUE","TRUE"
"1b392427-b36a-4442-bc39-a74683d6a08b","TOX-0007","Digoxin","Therapeutic Drug Monitoring","Toxicology / TDM","Routine","FALSE","TRUE","TRUE","1","1","0","Immunoassay/Chromatography/LC-MS","Serum/Plasma","MANUAL","0","0","0","0","RATE_PENDING","NONE","N/A","TRUE","TRUE","TRUE","TRUE"
"bb5f6293-3748-401b-9fd9-77af84914954","TOX-0008","Theophylline","Therapeutic Drug Monitoring","Toxicology / TDM","Routine","FALSE","TRUE","TRUE","1","1","0","Immunoassay/Chromatography/LC-MS","Serum/Plasma","MANUAL","0","0","0","0","RATE_PENDING","NONE","N/A","TRUE","TRUE","TRUE","TRUE"
"55bcaed3-0687-4853-bce3-14663ac24f13","TOX-0009","Vancomycin Trough","Therapeutic Drug Monitoring","Toxicology / TDM","Routine","FALSE","TRUE","TRUE","1","1","0","Immunoassay/Chromatography/LC-MS","Serum/Plasma","MANUAL","0","0","0","0","RATE_PENDING","NONE","N/A","TRUE","TRUE","TRUE","TRUE"
"345c680d-1920-4fdd-96fd-9d45b2994451","TOX-0010","Vancomycin Peak","Therapeutic Drug Monitoring","Toxicology / TDM","Routine","FALSE","TRUE","TRUE","1","1","0","Immunoassay/Chromatography/LC-MS","Serum/Plasma","MANUAL","0","0","0","0","RATE_PENDING","NONE","N/A","TRUE","TRUE","TRUE","TRUE"
"903e81a6-8973-4d52-96c0-24a297389b0c","TOX-0011","Gentamicin Trough","Therapeutic Drug Monitoring","Toxicology / TDM","Routine","FALSE","TRUE","TRUE","1","1","0","Immunoassay/Chromatography/LC-MS","Serum/Plasma","MANUAL","0","0","0","0","RATE_PENDING","NONE","N/A","TRUE","TRUE","TRUE","TRUE"
"c6f5f3f8-f661-40fd-a957-93cbf88f7938","TOX-0012","Gentamicin Peak","Therapeutic Drug Monitoring","Toxicology / TDM","Routine","FALSE","TRUE","TRUE","1","1","0","Immunoassay/Chromatography/LC-MS","Serum/Plasma","MANUAL","0","0","0","0","RATE_PENDING","NONE","N/A","TRUE","TRUE","TRUE","TRUE"
"3926a07a-c45a-44e3-9959-45524b0ef9d1","TOX-0013","Amikacin Trough","Therapeutic Drug Monitoring","Toxicology / TDM","Routine","FALSE","TRUE","TRUE","1","1","0","Immunoassay/Chromatography/LC-MS","Serum/Plasma","MANUAL","0","0","0","0","RATE_PENDING","NONE","N/A","TRUE","TRUE","TRUE","TRUE"
"bd209e8f-1b61-4b4a-a547-26fa7779be1c","TOX-0014","Amikacin Peak","Therapeutic Drug Monitoring","Toxicology / TDM","Routine","FALSE","TRUE","TRUE","1","1","0","Immunoassay/Chromatography/LC-MS","Serum/Plasma","MANUAL","0","0","0","0","RATE_PENDING","NONE","N/A","TRUE","TRUE","TRUE","TRUE"
"b77d0613-16d0-449c-bfa9-cfa5b50f1a4c","TOX-0015","Tacrolimus","Therapeutic Drug Monitoring","Toxicology / TDM","Routine","FALSE","TRUE","TRUE","1","1","0","Immunoassay/Chromatography/LC-MS","EDTA Whole Blood","MANUAL","0","0","0","0","RATE_PENDING","NONE","N/A","TRUE","TRUE","TRUE","TRUE"
"12f6ceac-b3e8-464e-8550-e9ee38376ba3","TOX-0016","Cyclosporine","Therapeutic Drug Monitoring","Toxicology / TDM","Routine","FALSE","TRUE","TRUE","1","1","0","Immunoassay/Chromatography/LC-MS","EDTA Whole Blood","MANUAL","0","0","0","0","RATE_PENDING","NONE","N/A","TRUE","TRUE","TRUE","TRUE"
"f18c5069-3027-4dcf-8611-eb328f79e75c","TOX-0017","Sirolimus","Therapeutic Drug Monitoring","Toxicology / TDM","Routine","FALSE","TRUE","TRUE","1","1","0","Immunoassay/Chromatography/LC-MS","EDTA Whole Blood","MANUAL","0","0","0","0","RATE_PENDING","NONE","N/A","TRUE","TRUE","TRUE","TRUE"
"b1dce701-9b46-4e19-ae60-f2e3c43c0a7f","TOX-0018","Everolimus","Therapeutic Drug Monitoring","Toxicology / TDM","Routine","FALSE","TRUE","TRUE","1","1","0","Immunoassay/Chromatography/LC-MS","EDTA Whole Blood","MANUAL","0","0","0","0","RATE_PENDING","NONE","N/A","TRUE","TRUE","TRUE","TRUE"
"fba0934f-3d77-468b-87d2-b1be7cfd2bf6","TOX-0019","Methotrexate","Therapeutic Drug Monitoring","Toxicology / TDM","Routine","FALSE","TRUE","TRUE","1","1","0","Immunoassay/Chromatography/LC-MS","Serum/Plasma","MANUAL","0","0","0","0","RATE_PENDING","NONE","N/A","TRUE","TRUE","TRUE","TRUE"
"645287b0-224d-42a8-9745-2444b4b5d637","TOX-0020","Acetaminophen / Paracetamol","Therapeutic Drug Monitoring","Toxicology / TDM","Routine","FALSE","TRUE","TRUE","1","1","0","Immunoassay/Chromatography/LC-MS","Serum/Plasma","MANUAL","0","0","0","0","RATE_PENDING","NONE","N/A","TRUE","TRUE","TRUE","TRUE"
"1ecde7a8-98ae-4dc6-9de8-bf0d65ed2241","TOX-0021","Salicylate","Therapeutic Drug Monitoring","Toxicology / TDM","Routine","FALSE","TRUE","TRUE","1","1","0","Immunoassay/Chromatography/LC-MS","Serum/Plasma","MANUAL","0","0","0","0","RATE_PENDING","NONE","N/A","TRUE","TRUE","TRUE","TRUE"
"59132758-8bab-432d-97e5-262eaff152cb","TOX-0022","Ethanol","Therapeutic Drug Monitoring","Toxicology / TDM","Routine","FALSE","TRUE","TRUE","1","1","0","Immunoassay/Chromatography/LC-MS","Serum/Plasma","MANUAL","0","0","0","0","RATE_PENDING","NONE","N/A","TRUE","TRUE","TRUE","TRUE"
"42ed0104-09fe-4f30-a075-25f34e3da03d","TOX-0023","Methanol","Therapeutic Drug Monitoring","Toxicology / TDM","Routine","FALSE","TRUE","TRUE","1","1","0","Immunoassay/Chromatography/LC-MS","Serum/Plasma","MANUAL","0","0","0","0","RATE_PENDING","NONE","N/A","TRUE","TRUE","TRUE","TRUE"
"8b7b9474-f57e-42e4-aa33-93ba85b75b9e","TOX-0024","Ethylene Glycol","Therapeutic Drug Monitoring","Toxicology / TDM","Routine","FALSE","TRUE","TRUE","1","1","0","Immunoassay/Chromatography/LC-MS","Serum/Plasma","MANUAL","0","0","0","0","RATE_PENDING","NONE","N/A","TRUE","TRUE","TRUE","TRUE"
"55bba2ba-d26c-4bd2-9cbb-c0b14f1935db","TOX-0025","Urine Drug Screen - Amphetamine","Drugs of Abuse","Toxicology / TDM","Routine","FALSE","TRUE","TRUE","1","1","0","Immunoassay screen; confirm by GC-MS/LC-MS if required","Urine","MANUAL","0","0","0","0","RATE_PENDING","NONE","N/A","TRUE","TRUE","TRUE","TRUE"
"674f1b0e-d70a-419e-a3e4-a12cb37299f4","TOX-0026","Urine Drug Screen - Methamphetamine","Drugs of Abuse","Toxicology / TDM","Routine","FALSE","TRUE","TRUE","1","1","0","Immunoassay screen; confirm by GC-MS/LC-MS if required","Urine","MANUAL","0","0","0","0","RATE_PENDING","NONE","N/A","TRUE","TRUE","TRUE","TRUE"
"5a19b6c7-4553-447b-8f98-41bf5fd04d7f","TOX-0027","Urine Drug Screen - Cocaine Metabolite","Drugs of Abuse","Toxicology / TDM","Routine","FALSE","TRUE","TRUE","1","1","0","Immunoassay screen; confirm by GC-MS/LC-MS if required","Urine","MANUAL","0","0","0","0","RATE_PENDING","NONE","N/A","TRUE","TRUE","TRUE","TRUE"
"edebe860-6cf6-42b8-92b6-bd2f33206464","TOX-0028","Urine Drug Screen - Opiates","Drugs of Abuse","Toxicology / TDM","Routine","FALSE","TRUE","TRUE","1","1","0","Immunoassay screen; confirm by GC-MS/LC-MS if required","Urine","MANUAL","0","0","0","0","RATE_PENDING","NONE","N/A","TRUE","TRUE","TRUE","TRUE"
"8ea6648f-3634-4e7c-b571-f76244184198","TOX-0029","Urine Drug Screen - Morphine","Drugs of Abuse","Toxicology / TDM","Routine","FALSE","TRUE","TRUE","1","1","0","Immunoassay screen; confirm by GC-MS/LC-MS if required","Urine","MANUAL","0","0","0","0","RATE_PENDING","NONE","N/A","TRUE","TRUE","TRUE","TRUE"
"35a1c9da-6f18-4894-9442-6b9483036b49","TOX-0030","Urine Drug Screen - Heroin/6-MAM","Drugs of Abuse","Toxicology / TDM","Routine","FALSE","TRUE","TRUE","1","1","0","Immunoassay screen; confirm by GC-MS/LC-MS if required","Urine","MANUAL","0","0","0","0","RATE_PENDING","NONE","N/A","TRUE","TRUE","TRUE","TRUE"
"0a675bc4-ca1a-4b89-95b5-bbef89f4dbbe","TOX-0031","Urine Drug Screen - Cannabinoids/THC","Drugs of Abuse","Toxicology / TDM","Routine","FALSE","TRUE","TRUE","1","1","0","Immunoassay screen; confirm by GC-MS/LC-MS if required","Urine","MANUAL","0","0","0","0","RATE_PENDING","NONE","N/A","TRUE","TRUE","TRUE","TRUE"
"e857e3ab-c655-4585-bed5-49feb8b909b7","TOX-0032","Urine Drug Screen - Benzodiazepines","Drugs of Abuse","Toxicology / TDM","Routine","FALSE","TRUE","TRUE","1","1","0","Immunoassay screen; confirm by GC-MS/LC-MS if required","Urine","MANUAL","0","0","0","0","RATE_PENDING","NONE","N/A","TRUE","TRUE","TRUE","TRUE"
"836ac758-3fe6-4180-af5a-a2ceb560cd6d","TOX-0033","Urine Drug Screen - Barbiturates","Drugs of Abuse","Toxicology / TDM","Routine","FALSE","TRUE","TRUE","1","1","0","Immunoassay screen; confirm by GC-MS/LC-MS if required","Urine","MANUAL","0","0","0","0","RATE_PENDING","NONE","N/A","TRUE","TRUE","TRUE","TRUE"
"a403de35-2efe-4603-9ae6-a367dc3ac2f3","TOX-0034","Urine Drug Screen - Methadone","Drugs of Abuse","Toxicology / TDM","Routine","FALSE","TRUE","TRUE","1","1","0","Immunoassay screen; confirm by GC-MS/LC-MS if required","Urine","MANUAL","0","0","0","0","RATE_PENDING","NONE","N/A","TRUE","TRUE","TRUE","TRUE"
"50b25770-2b9a-48a2-873e-0614495850f8","TOX-0035","Urine Drug Screen - Buprenorphine","Drugs of Abuse","Toxicology / TDM","Routine","FALSE","TRUE","TRUE","1","1","0","Immunoassay screen; confirm by GC-MS/LC-MS if required","Urine","MANUAL","0","0","0","0","RATE_PENDING","NONE","N/A","TRUE","TRUE","TRUE","TRUE"
"ac8dc12e-9434-444f-abb7-e4ae9ab217bf","TOX-0036","Urine Drug Screen - Tramadol","Drugs of Abuse","Toxicology / TDM","Routine","FALSE","TRUE","TRUE","1","1","0","Immunoassay screen; confirm by GC-MS/LC-MS if required","Urine","MANUAL","0","0","0","0","RATE_PENDING","NONE","N/A","TRUE","TRUE","TRUE","TRUE"
"e4d3bf02-bd71-4d0c-9a1a-23131d506b23","TOX-0037","Urine Drug Screen - Fentanyl","Drugs of Abuse","Toxicology / TDM","Routine","FALSE","TRUE","TRUE","1","1","0","Immunoassay screen; confirm by GC-MS/LC-MS if required","Urine","MANUAL","0","0","0","0","RATE_PENDING","NONE","N/A","TRUE","TRUE","TRUE","TRUE"
"3a47145e-dc7f-4a11-93ad-00f7fe62c91f","TOX-0038","Urine Drug Screen - Phencyclidine (PCP)","Drugs of Abuse","Toxicology / TDM","Routine","FALSE","TRUE","TRUE","1","1","0","Immunoassay screen; confirm by GC-MS/LC-MS if required","Urine","MANUAL","0","0","0","0","RATE_PENDING","NONE","N/A","TRUE","TRUE","TRUE","TRUE"
"dfd31607-fff4-4d80-b1e3-5bd0b4518c02","TOX-0039","Urine Drug Screen - Tricyclic Antidepressants","Drugs of Abuse","Toxicology / TDM","Routine","FALSE","TRUE","TRUE","1","1","0","Immunoassay screen; confirm by GC-MS/LC-MS if required","Urine","MANUAL","0","0","0","0","RATE_PENDING","NONE","N/A","TRUE","TRUE","TRUE","TRUE"
"ab5fed9c-637d-4209-b507-b8ea7111cc82","TOX-0040","Urine Drug Screen - Ketamine","Drugs of Abuse","Toxicology / TDM","Routine","FALSE","TRUE","TRUE","1","1","0","Immunoassay screen; confirm by GC-MS/LC-MS if required","Urine","MANUAL","0","0","0","0","RATE_PENDING","NONE","N/A","TRUE","TRUE","TRUE","TRUE"
"a3c44282-e7cf-45f7-9196-d42dd3f671a9","TOX-0041","Urine Drug Screen - MDMA/Ecstasy","Drugs of Abuse","Toxicology / TDM","Routine","FALSE","TRUE","TRUE","1","1","0","Immunoassay screen; confirm by GC-MS/LC-MS if required","Urine","MANUAL","0","0","0","0","RATE_PENDING","NONE","N/A","TRUE","TRUE","TRUE","TRUE"
"a04a3c9c-3f69-454e-8a24-b5da1db96b16","TOX-0042","Lead, Blood","Heavy Metals","Toxicology / TDM","Routine","FALSE","TRUE","TRUE","1","1","0","ICP-MS/AAS","Blood/Urine as specified","MANUAL","0","0","0","0","RATE_PENDING","NONE","N/A","TRUE","TRUE","TRUE","TRUE"
"60840f02-e536-4e5b-afd0-5b857f53551e","TOX-0043","Mercury, Blood","Heavy Metals","Toxicology / TDM","Routine","FALSE","TRUE","TRUE","1","1","0","ICP-MS/AAS","Blood/Urine as specified","MANUAL","0","0","0","0","RATE_PENDING","NONE","N/A","TRUE","TRUE","TRUE","TRUE"
"28d9eb38-ea77-4c06-8f3c-810533f6bb89","TOX-0044","Mercury, Urine","Heavy Metals","Toxicology / TDM","Routine","FALSE","TRUE","TRUE","1","1","0","ICP-MS/AAS","Blood/Urine as specified","MANUAL","0","0","0","0","RATE_PENDING","NONE","N/A","TRUE","TRUE","TRUE","TRUE"
"aa518844-92d2-4bd6-9ddc-65b719623450","TOX-0045","Arsenic, Blood","Heavy Metals","Toxicology / TDM","Routine","FALSE","TRUE","TRUE","1","1","0","ICP-MS/AAS","Blood/Urine as specified","MANUAL","0","0","0","0","RATE_PENDING","NONE","N/A","TRUE","TRUE","TRUE","TRUE"
"23786a23-a045-437e-a1f9-885335fd661e","TOX-0046","Arsenic, Urine","Heavy Metals","Toxicology / TDM","Routine","FALSE","TRUE","TRUE","1","1","0","ICP-MS/AAS","Blood/Urine as specified","MANUAL","0","0","0","0","RATE_PENDING","NONE","N/A","TRUE","TRUE","TRUE","TRUE"
"0b400e17-e7b3-4147-abc1-72aaa08445e7","TOX-0047","Cadmium, Blood","Heavy Metals","Toxicology / TDM","Routine","FALSE","TRUE","TRUE","1","1","0","ICP-MS/AAS","Blood/Urine as specified","MANUAL","0","0","0","0","RATE_PENDING","NONE","N/A","TRUE","TRUE","TRUE","TRUE"
"d8393832-7332-42db-afce-c7f86cfd6c4d","TOX-0048","Cadmium, Urine","Heavy Metals","Toxicology / TDM","Routine","FALSE","TRUE","TRUE","1","1","0","ICP-MS/AAS","Blood/Urine as specified","MANUAL","0","0","0","0","RATE_PENDING","NONE","N/A","TRUE","TRUE","TRUE","TRUE"
"defaa9bc-bd57-4acc-8bae-c65a4ee55c3c","TOX-0049","Aluminium, Serum","Heavy Metals","Toxicology / TDM","Routine","FALSE","TRUE","TRUE","1","1","0","ICP-MS/AAS","Blood/Urine as specified","MANUAL","0","0","0","0","RATE_PENDING","NONE","N/A","TRUE","TRUE","TRUE","TRUE"
"c97e9e28-7200-4a55-81cd-5d0b3c8014cd","TUM-0001","AFP","Oncology","Tumor Markers","Routine","FALSE","TRUE","TRUE","1","1","0","CLIA/ECLIA/Validated immunoassay","Serum / Plasma","MANUAL","0","0","0","0","1400.00","CATALOGUE_RATE_VERSIONS","2026-09-16T07:36:39.564555+00:00","TRUE","TRUE","TRUE","TRUE"
"ec6028f7-9772-4db5-89a5-57b420dbf7cb","TUM-0002","CEA","Oncology","Tumor Markers","Routine","FALSE","TRUE","TRUE","1","1","0","CLIA/ECLIA/Validated immunoassay","Serum / Plasma","MANUAL","0","0","0","0","1400.00","CATALOGUE_RATE_VERSIONS","2026-09-16T07:36:39.564555+00:00","TRUE","TRUE","TRUE","TRUE"
"3380ccaa-ca6b-47b3-b186-70df392145f0","TUM-0003","CA 125","Oncology","Tumor Markers","Routine","FALSE","TRUE","TRUE","1","1","0","CLIA/ECLIA/Validated immunoassay","Serum / Plasma","MANUAL","0","0","0","0","2000.00","CATALOGUE_RATE_VERSIONS","2026-09-18T12:20:51.539031+00:00","TRUE","TRUE","TRUE","TRUE"
"ffc9843e-e3df-4e92-aa81-8b77104aae96","TUM-0004","CA 19-9","Oncology","Tumor Markers","Routine","FALSE","TRUE","TRUE","1","1","0","CLIA/ECLIA/Validated immunoassay","Serum / Plasma","MANUAL","0","0","0","0","2000.00","CATALOGUE_RATE_VERSIONS","2026-09-18T12:20:51.539066+00:00","TRUE","TRUE","TRUE","TRUE"
"a552701d-c6c2-4314-b0ea-bcb5d08aef14","TUM-0005","CA 15-3","Oncology","Tumor Markers","Routine","FALSE","TRUE","TRUE","1","1","0","CLIA/ECLIA/Validated immunoassay","Serum / Plasma","MANUAL","0","0","0","0","2000.00","CATALOGUE_RATE_VERSIONS","2026-09-18T12:20:51.539049+00:00","TRUE","TRUE","TRUE","TRUE"
"2736b702-8772-4456-8330-7478fe3a4ea5","TUM-0006","CA 72-4","Oncology","Tumor Markers","Routine","FALSE","TRUE","TRUE","1","1","0","CLIA/ECLIA/Validated immunoassay","Serum / Plasma","MANUAL","0","0","0","0","RATE_PENDING","NONE","N/A","TRUE","TRUE","TRUE","TRUE"
"03db2b73-81b9-48b1-9ddb-8bb390ee12e0","TUM-0007","PSA, Total","Oncology","Tumor Markers","Routine","FALSE","TRUE","TRUE","1","1","0","CLIA/ECLIA/Validated immunoassay","Serum / Plasma","MANUAL","0","0","0","0","1200.00","CATALOGUE_RATE_VERSIONS","2026-09-16T07:36:39.564555+00:00","TRUE","TRUE","TRUE","TRUE"
"a74215b8-ee2d-451c-af2d-9fd2ba747d6c","TUM-0008","PSA, Free","Oncology","Tumor Markers","Routine","FALSE","TRUE","TRUE","1","1","0","CLIA/ECLIA/Validated immunoassay","Serum / Plasma","MANUAL","0","0","0","0","RATE_PENDING","NONE","N/A","TRUE","TRUE","TRUE","TRUE"
"0b64710d-84fe-4456-bbe2-b2a8dce26006","TUM-0009","Free/Total PSA Ratio","Oncology","Tumor Markers","Routine","FALSE","TRUE","TRUE","1","1","0","Governed Mathematical Calculation","Serum / Plasma","MANUAL","0","0","0","0","RATE_PENDING","NONE","N/A","TRUE","TRUE","TRUE","TRUE"
"5955c03e-cb1b-4309-80f3-53d03dcb3586","TUM-0010","Beta-hCG Tumor Marker","Oncology","Tumor Markers","Routine","FALSE","TRUE","TRUE","1","1","0","CLIA/ECLIA/Validated immunoassay","Serum / Plasma","MANUAL","0","0","0","0","RATE_PENDING","NONE","N/A","TRUE","TRUE","TRUE","TRUE"
"67459f54-53b7-4b5b-9fa8-127cf3558e34","TUM-0011","HE4","Oncology","Tumor Markers","Routine","FALSE","TRUE","TRUE","1","1","0","CLIA/ECLIA/Validated immunoassay","Serum / Plasma","MANUAL","0","0","0","0","RATE_PENDING","NONE","N/A","TRUE","TRUE","TRUE","TRUE"
"af09e614-08db-4000-8297-6183f5c35a7a","TUM-0012","ROMA Index","Oncology","Tumor Markers","Routine","FALSE","TRUE","TRUE","1","1","0","Governed Mathematical Calculation","Serum / Plasma","MANUAL","0","0","0","0","RATE_PENDING","NONE","N/A","TRUE","TRUE","TRUE","TRUE"
"b68ebe3d-08d9-4bd5-96a9-02c980330528","TUM-0013","NSE","Oncology","Tumor Markers","Routine","FALSE","TRUE","TRUE","1","1","0","CLIA/ECLIA/Validated immunoassay","Serum / Plasma","MANUAL","0","0","0","0","RATE_PENDING","NONE","N/A","TRUE","TRUE","TRUE","TRUE"
"0201b525-cd7e-4a70-9414-c1ed2647677b","TUM-0014","ProGRP","Oncology","Tumor Markers","Routine","FALSE","TRUE","TRUE","1","1","0","CLIA/ECLIA/Validated immunoassay","Serum / Plasma","MANUAL","0","0","0","0","RATE_PENDING","NONE","N/A","TRUE","TRUE","TRUE","TRUE"
"81ce9003-68f6-46dd-8c60-18e20df485b3","TUM-0015","SCC Antigen","Oncology","Tumor Markers","Routine","FALSE","TRUE","TRUE","1","1","0","CLIA/ECLIA/Validated immunoassay","Serum / Plasma","MANUAL","0","0","0","0","RATE_PENDING","NONE","N/A","TRUE","TRUE","TRUE","TRUE"
"4347e4cc-cbeb-46bf-8389-9a5272a9974f","TUM-0016","CYFRA 21-1","Oncology","Tumor Markers","Routine","FALSE","TRUE","TRUE","1","1","0","CLIA/ECLIA/Validated immunoassay","Serum / Plasma","MANUAL","0","0","0","0","RATE_PENDING","NONE","N/A","TRUE","TRUE","TRUE","TRUE"
"81e6be43-637e-4735-a617-e6cf22ee2178","TUM-0017","Thyroglobulin Tumor Marker","Oncology","Tumor Markers","Routine","FALSE","TRUE","TRUE","1","1","0","CLIA/ECLIA/Validated immunoassay","Serum / Plasma","MANUAL","0","0","0","0","RATE_PENDING","NONE","N/A","TRUE","TRUE","TRUE","TRUE"
"ab8c7ff0-1cd4-4af5-8e83-9ae1a1e818f5","TUM-0018","Calcitonin Tumor Marker","Oncology","Tumor Markers","Routine","FALSE","TRUE","TRUE","1","1","0","CLIA/ECLIA/Validated immunoassay","Serum / Plasma","MANUAL","0","0","0","0","RATE_PENDING","NONE","N/A","TRUE","TRUE","TRUE","TRUE"
"5d0d74ac-4b50-4cf2-9d1a-32d88256f9b5","TUM-0019","Beta-2 Microglobulin","Oncology","Tumor Markers","Routine","FALSE","TRUE","TRUE","1","1","0","CLIA/ECLIA/Validated immunoassay","Serum / Plasma","MANUAL","0","0","0","0","RATE_PENDING","NONE","N/A","TRUE","TRUE","TRUE","TRUE"
"00b4abeb-6d37-4a75-bcfd-d0ffdb0133ea","TUM-0020","LDH - Oncology","Oncology","Tumor Markers","Routine","FALSE","TRUE","TRUE","1","1","0","CLIA/ECLIA/Validated immunoassay","Serum / Plasma","MANUAL","0","0","0","0","RATE_PENDING","NONE","N/A","TRUE","TRUE","TRUE","TRUE"
"32f33d9a-214c-4866-b290-f35927b428a9","TUM-0021","CA 27.29","Oncology","Tumor Markers","Routine","FALSE","TRUE","TRUE","1","1","0","CLIA/ECLIA/Validated immunoassay","Serum / Plasma","MANUAL","0","0","0","0","RATE_PENDING","NONE","N/A","TRUE","TRUE","TRUE","TRUE"
"31b610f2-5ad9-49bd-bf7d-9a743aad995b","TUM-0022","PIVKA-II / DCP","Oncology","Tumor Markers","Routine","FALSE","TRUE","TRUE","1","1","0","CLIA/ECLIA/Validated immunoassay","Serum / Plasma","MANUAL","0","0","0","0","RATE_PENDING","NONE","N/A","TRUE","TRUE","TRUE","TRUE"
"edb2f46b-167f-408c-9e2d-0024651f9193","TUM-0023","PAP (Prostatic Acid Phosphatase)","Oncology","Tumor Markers","Routine","FALSE","TRUE","TRUE","1","1","0","CLIA/ECLIA/Validated immunoassay","Serum / Plasma","MANUAL","0","0","0","0","RATE_PENDING","NONE","N/A","TRUE","TRUE","TRUE","TRUE"
"2eb7227b-b73c-4a87-839e-18c8563c198f","TUM-0024","Chromogranin A Tumor Marker","Oncology","Tumor Markers","Routine","FALSE","TRUE","TRUE","1","1","0","CLIA/ECLIA/Validated immunoassay","Serum / Plasma","MANUAL","0","0","0","0","RATE_PENDING","NONE","N/A","TRUE","TRUE","TRUE","TRUE"