id,code,name,short_name,department,category,reporting_type,outsource_lab_name,price_paisa,sample_type,container,method,tat_hours,interpretation_template,is_active,display_order,created_at (Nepal ISO +05:45),updated_at (Nepal ISO +05:45),allow_manual_price,requires_sample_tracking,description,test_kind,lifecycle_status,category_id,sample_volume,configuration_notes,row_version,archived_at (Nepal ISO +05:45),archived_by,activated_at (Nepal ISO +05:45),activated_by,price_configured,allow_zero_price_billing,clinical_configuration_status,workflow_supported,normalized_name_collision_exempt,pricing_policy,search_aliases,billing_enabled,clinical_reporting_enabled,collection_required,workflow_type,analyzer_configuration_required,reporting_model
"76808830-de17-48b4-b8f2-f49f4a7344e4","VITAMIN_D","25-Hydroxy Vitamin D (Total)","Vit D","Clinical Biochemistry","Vitamins","InHouse","","300000","Serum","Yellow Top (SST)","","6","","true","460","2026-08-19T08:29:33+05:45","2026-08-19T08:29:33+05:45","false","false","","Individual","Active","33e32ee7-a3d3-433f-a0b8-ed25da80db2c","","","1","","","","","true","false","Configured","true","false","Fixed","[""vitamin d3"",""25 hydroxy (oh) vitamin d""]","true","false","true","Routine","false","NumericSingle"
"22ef84fb-a911-4911-bd4a-ed51dc9d2d13","ABS_DLC","Absolute Differential Leukocyte Count","Absolute DLC","Hematology","Hematology","InHouse","","0","","","","","","false","0","2026-08-29T08:52:41+05:45","2026-08-29T08:52:41+05:45","false","false","","Profile","Draft","50a22a24-84f3-4ec4-aa5c-65c52f9b1c29","","TM256 identity only; clinical configuration, price and activation require separate approval.","1","","","","","false","false","Requires Clinical Validation","true","false","PricePending","[]","false","false","false","Routine","false","Profile"
"68d35bc0-aaf7-44b7-a105-a673565769d3","AEC","Absolute Eosinophil Count","","Hematology","Hematology","NoReporting","","0","","","","","","false","0","2026-08-26T21:05:55+05:45","2026-08-26T21:05:55+05:45","false","false","","Individual","Draft","50a22a24-84f3-4ec4-aa5c-65c52f9b1c29","","CBC-derived relationship requires review.","1","","","","","false","false","Requires Clinical Validation","true","false","Fixed","[""aec""]","false","false","false","NoClinicalReport","false","NarrativeDocument"
"04279d4a-ca78-47cb-8913-8e7dfed96bb1","ANC","Absolute Neutrophil Count","","Hematology","Hematology","NoReporting","","0","","","","","","false","0","2026-08-26T21:05:55+05:45","2026-08-26T21:05:55+05:45","false","false","","Individual","Draft","50a22a24-84f3-4ec4-aa5c-65c52f9b1c29","","CBC-derived relationship requires review.","1","","","","","false","false","Requires Clinical Validation","true","false","Fixed","[]","false","false","false","NoClinicalReport","false","NarrativeDocument"
"22f0fba1-d0fd-43e3-87ac-607977c62b84","AFB","Acid - Fast Bacilli","AFB","Microbiology","Microbiology & Culture","NoReporting","","0","","","","","","false","0","2026-08-29T08:52:41+05:45","2026-08-29T08:52:41+05:45","false","false","","Individual","Draft","1f3a7368-f9be-47b6-8295-b5788e968e1c","","TM256 identity only; clinical configuration, price and activation require separate approval.","1","","","","","false","false","Requires Clinical Validation","false","false","PricePending","[""afb""]","false","false","false","MicrobiologyMicroscopy","false","MixedTyped"
"079ab21d-fec4-4b26-9c9b-60eb3627ff19","APTT","Activated Partial Thromboplastin Time","APTT","Hematology","Hematology","InHouse","","0","","","","","","false","0","2026-08-29T08:52:41+05:45","2026-08-29T08:52:41+05:45","false","false","","Individual","Draft","50a22a24-84f3-4ec4-aa5c-65c52f9b1c29","","TM256 identity only; clinical configuration, price and activation require separate approval.","1","","","","","false","false","Requires Clinical Validation","true","false","PricePending","[""aptt""]","false","false","false","Routine","false","NumericMultiParameter"
"b547f732-a40e-4a91-946e-aec008efe786","ADA_PLEURAL_PERICARDIAL_OR_ASCITIC_FLUID","ADA (Pleural,Pericardial or Ascitic Fluid)","ADA (Pleural,Pericardial or Ascitic Fluid)","Clinical Biochemistry","Biochemistry & Clinical Chemistry","InHouse","","0","","","","","","false","0","2026-08-29T08:52:41+05:45","2026-08-29T08:52:41+05:45","false","false","","Individual","Draft","33e32ee7-a3d3-433f-a0b8-ed25da80db2c","","TM256 identity only; clinical configuration, price and activation require separate approval.","1","","","","","false","false","Requires Clinical Validation","true","false","PricePending","[""ada (pleural,pericardial or ascitic fluid)""]","false","false","false","Routine","false","NumericSingle"
"cf10e67b-00fd-4931-af74-be3e4a401db4","ADA","Adenosine Deaminase","ADA","Clinical Biochemistry","Biochemistry & Clinical Chemistry","InHouse","","0","","","","","","false","0","2026-08-29T08:52:41+05:45","2026-08-29T08:52:41+05:45","false","false","","Individual","Draft","33e32ee7-a3d3-433f-a0b8-ed25da80db2c","","TM256 identity only; clinical configuration, price and activation require separate approval.","1","","","","","false","false","Requires Clinical Validation","true","false","PricePending","[""ada""]","false","false","false","Routine","false","NumericMultiParameter"
"7482c719-071d-4ce1-aeb1-1ec370391f0a","AFP","Alfa Feto Protein","","Clinical Biochemistry","ECLIA","InHouse","","150000","Blood / Serum","Yellow Top (SST)","","3","","true","0","2026-08-26T13:29:56+05:45","2026-08-26T13:29:56+05:45","false","false","","Individual","Active","33e32ee7-a3d3-433f-a0b8-ed25da80db2c","","TM256 convergence: structurally incomplete legacy identity held non-operational pending canonical resolution.","1","","","","","true","false","Requires Clinical Validation","true","false","Fixed","[""afp"",""alfa fetoprotein, afp""]","false","false","true","Routine","false","NumericSingle"
"bcf69e1e-b857-4214-ba4c-f11adc3e3b4f","ALP","Alkaline Phosphatase","","Biochemistry & Clinical Chemistry","Biochemistry & Clinical Chemistry","NoReporting","","0","","","","","","false","0","2026-08-26T21:05:55+05:45","2026-08-26T21:05:55+05:45","false","false","","Individual","Draft","33e32ee7-a3d3-433f-a0b8-ed25da80db2c","","Potential LFT component collision; review required.","1","","","","","false","false","Requires Clinical Validation","true","false","Fixed","[]","false","false","false","NoClinicalReport","false","NarrativeDocument"
"9c99fc78-44db-4706-863a-70c18f3facb6","ALLERGY_SCREENING_TEST","ALLERGY SCREENING TEST","","Serology & Immunology","Serology & Immunology","NoReporting","","0","","","","","","false","0","2026-08-29T08:52:41+05:45","2026-08-29T08:52:41+05:45","false","false","","Individual","Draft","5c47a8e4-7519-44cb-b0b9-35a1f89f8971","","TM256 identity only; clinical configuration, price and activation require separate approval.","1","","","","","false","false","Requires Clinical Validation","true","false","PricePending","[]","false","false","false","NoClinicalReport","false","StructuredNested"
"b617143f-a2c3-4431-8ae6-fe38fa2867f4","ALT","ALT / SGPT","","Biochemistry & Clinical Chemistry","Biochemistry & Clinical Chemistry","NoReporting","","0","","","","","","false","0","2026-08-26T21:05:55+05:45","2026-08-26T21:05:55+05:45","false","false","","Individual","Draft","33e32ee7-a3d3-433f-a0b8-ed25da80db2c","","Potential LFT component collision; review required.","1","","","","","false","false","Requires Clinical Validation","true","false","Fixed","[""sgpt (alt)"",""sgpt""]","false","false","false","NoClinicalReport","false","NarrativeDocument"
"3fc6a022-f9f5-4d5b-97ea-4d37052215a2","AMMONIA","Ammonia","","Clinical Biochemistry","Biochemistry & Clinical Chemistry","InHouse","","0","","","","","","false","0","2026-08-29T08:52:41+05:45","2026-08-29T08:52:41+05:45","false","false","","Individual","Draft","33e32ee7-a3d3-433f-a0b8-ed25da80db2c","","TM256 identity only; clinical configuration, price and activation require separate approval.","1","","","","","false","false","Requires Clinical Validation","true","false","PricePending","[]","false","false","false","Routine","false","NumericSingle"
"95eb4f90-17dc-4a93-abea-0421bb26fee5","AMYLASE","Amylase","","Biochemistry & Clinical Chemistry","Biochemistry & Clinical Chemistry","NoReporting","","0","","","","","","false","0","2026-08-26T21:05:55+05:45","2026-08-26T21:05:55+05:45","false","false","","Individual","Draft","33e32ee7-a3d3-433f-a0b8-ed25da80db2c","","Multi-specimen workflow requires review.","1","","","","","false","false","Requires Clinical Validation","true","false","Fixed","[]","false","false","false","NoClinicalReport","false","NarrativeDocument"
"404fe100-669f-4a00-ae08-7d7beece0d90","ANTI_CARDIOLIPIN_IGG","Anti Cardiolipin IgG","","Serology & Immunology","Serology & Immunology","InHouse","","0","","","","","","false","0","2026-08-29T08:52:41+05:45","2026-08-29T08:52:41+05:45","false","false","","Individual","Draft","5c47a8e4-7519-44cb-b0b9-35a1f89f8971","","TM256 identity only; clinical configuration, price and activation require separate approval.","1","","","","","false","false","Requires Clinical Validation","true","false","PricePending","[]","false","false","false","Routine","false","NumericSingle"
"5302db46-e058-4626-9b2a-2ea98db42d95","ANTI_CARDIOLIPIN_IGM","Anti Cardiolipin IgM","","Serology & Immunology","Serology & Immunology","InHouse","","0","","","","","","false","0","2026-08-29T08:52:41+05:45","2026-08-29T08:52:41+05:45","false","false","","Individual","Draft","5c47a8e4-7519-44cb-b0b9-35a1f89f8971","","TM256 identity only; clinical configuration, price and activation require separate approval.","1","","","","","false","false","Requires Clinical Validation","true","false","PricePending","[]","false","false","false","Routine","false","NumericSingle"
"f0a47b64-61e9-4d21-af04-ad9b1880dbcf","CCP","Anti cyclic-citrullinated-peptide","CCP","Clinical Biochemistry","Biochemistry & Clinical Chemistry","InHouse","","0","","","","","","false","0","2026-08-29T08:52:41+05:45","2026-08-29T08:52:41+05:45","false","false","","Individual","Draft","33e32ee7-a3d3-433f-a0b8-ed25da80db2c","","TM256 identity only; clinical configuration, price and activation require separate approval.","1","","","","","false","false","Requires Clinical Validation","true","false","PricePending","[""ccp""]","false","false","false","Routine","false","NumericSingle"
"bbe4ac9b-30b6-4808-9f91-8f0e0786684b","AMH","ANTI MULLERIAN HORMONE","AMH","Endocrinology / Hormone","Hormones & Endocrinology","InHouse","","0","","","","","","false","0","2026-08-29T08:52:41+05:45","2026-08-29T08:52:41+05:45","false","false","","Individual","Draft","9e7ad776-49d7-4ba8-ad4a-3919f1933ec7","","TM256 identity only; clinical configuration, price and activation require separate approval.","1","","","","","false","false","Requires Clinical Validation","true","false","PricePending","[""amh""]","false","false","false","Routine","false","NumericSingle"
"b3c421c6-516b-4215-8157-d1553a13b95a","ANTI_NUCLEAR_ANTIBODY_ANA_BY_ELISA","Anti Nuclear Antibody (ANA) by ELISA","","Serology & Immunology","Serology & Immunology","InHouse","","0","","","","","","false","0","2026-08-29T08:52:41+05:45","2026-08-29T08:52:41+05:45","false","false","","Individual","Draft","5c47a8e4-7519-44cb-b0b9-35a1f89f8971","","TM256 identity only; clinical configuration, price and activation require separate approval.","1","","","","","false","false","Requires Clinical Validation","true","false","PricePending","[]","false","false","false","Routine","false","Qualitative"
"d60260e6-4ed4-4bd9-8396-8eb3b69d9f98","ANTI_PHOSPHOLIPID_IGG","Anti Phospholipid IgG","","Serology & Immunology","Serology & Immunology","InHouse","","0","","","","","","false","0","2026-08-29T08:52:41+05:45","2026-08-29T08:52:41+05:45","false","false","","Individual","Draft","5c47a8e4-7519-44cb-b0b9-35a1f89f8971","","TM256 identity only; clinical configuration, price and activation require separate approval.","1","","","","","false","false","Requires Clinical Validation","true","false","PricePending","[]","false","false","false","Routine","false","NumericSingle"
"cd871e50-b81f-4fb2-a5c4-9173f3863866","ANTI_PHOSPHOLIPID_IGM","Anti Phospholipid IgM","","Serology & Immunology","Serology & Immunology","InHouse","","0","","","","","","false","0","2026-08-29T08:52:41+05:45","2026-08-29T08:52:41+05:45","false","false","","Individual","Draft","5c47a8e4-7519-44cb-b0b9-35a1f89f8971","","TM256 identity only; clinical configuration, price and activation require separate approval.","1","","","","","false","false","Requires Clinical Validation","true","false","PricePending","[]","false","false","false","Routine","false","NumericSingle"
"94bdf02c-58f4-4673-ba35-d4d877080137","ANTI_TPO","Anti TPO","","Clinical Biochemistry","Biochemistry & Clinical Chemistry","InHouse","","0","","","","","","false","0","2026-08-29T08:52:41+05:45","2026-08-29T08:52:41+05:45","false","false","","Individual","Draft","33e32ee7-a3d3-433f-a0b8-ed25da80db2c","","TM256 identity only; clinical configuration, price and activation require separate approval.","1","","","","","false","false","Requires Clinical Validation","true","false","PricePending","[]","false","false","false","Routine","false","NumericSingle"
"16377611-2a36-44bb-b960-146a64cdfd9d","ANTI_HBC","Anti-HBc","","Serology & Immunology","Serology & Immunology","InHouse","","0","","","","","","false","0","2026-08-29T08:52:41+05:45","2026-08-29T08:52:41+05:45","false","false","","Individual","Draft","5c47a8e4-7519-44cb-b0b9-35a1f89f8971","","TM256 identity only; clinical configuration, price and activation require separate approval.","1","","","","","false","false","Requires Clinical Validation","true","false","PricePending","[]","false","false","false","Routine","false","NumericSingle"
"3bd41c59-08e6-4c6b-a47e-4bc1a7c87732","ANTI_HBE","Anti-HBe","","Serology & Immunology","Serology & Immunology","InHouse","","0","","","","","","false","0","2026-08-29T08:52:41+05:45","2026-08-29T08:52:41+05:45","false","false","","Individual","Draft","5c47a8e4-7519-44cb-b0b9-35a1f89f8971","","TM256 identity only; clinical configuration, price and activation require separate approval.","1","","","","","false","false","Requires Clinical Validation","true","false","PricePending","[]","false","false","false","Routine","false","NumericSingle"
"fc8aa69f-5e2a-4cd7-8868-3e6954d54792","ANTI_HBS","Anti-HBs","","Serology & Immunology","Serology & Immunology","InHouse","","0","","","","","","false","0","2026-08-29T08:52:41+05:45","2026-08-29T08:52:41+05:45","false","false","","Individual","Draft","5c47a8e4-7519-44cb-b0b9-35a1f89f8971","","TM256 identity only; clinical configuration, price and activation require separate approval.","1","","","","","false","false","Requires Clinical Validation","true","false","PricePending","[]","false","false","false","Routine","false","NumericSingle"
"8f3ef0a4-a2b2-4493-bc18-d55ef7a05928","ANTI_HCV","Anti-Hepatitis C Virus (Anti-HCV)","Anti-HCV","Serology & Immunology","Viral Serology","InHouse","","50000","Serum","Yellow Top (SST)","","2","","true","360","2026-08-19T08:29:33+05:45","2026-08-19T08:29:33+05:45","false","false","","Individual","Active","5c47a8e4-7519-44cb-b0b9-35a1f89f8971","","","1","","","","","true","false","Configured","true","false","Fixed","[]","true","true","true","Routine","false","NumericSingle"
"11b1ea90-45aa-496d-9d2d-59adc971c78f","ASO","Anti-Streptolysin O (ASO Titer)","ASO","Serology & Immunology","Infectious Serology","InHouse","","30000","Serum","Yellow Top (SST)","","2","","true","340","2026-08-19T08:29:33+05:45","2026-08-19T08:29:33+05:45","false","false","","Individual","Active","5c47a8e4-7519-44cb-b0b9-35a1f89f8971","","","1","","","","","true","false","Configured","true","false","Fixed","[]","true","false","true","Routine","false","NumericSingle"
"c1d419d5-05e9-4654-8c37-c30f8fe3b6f8","ABG","Arterial Blood Gas","ABG","Clinical Biochemistry","Biochemistry & Clinical Chemistry","InHouse","","0","","","","","","false","0","2026-08-29T08:52:41+05:45","2026-08-29T08:52:41+05:45","false","false","","Individual","Draft","33e32ee7-a3d3-433f-a0b8-ed25da80db2c","","TM256 identity only; clinical configuration, price and activation require separate approval.","1","","","","","false","false","Requires Clinical Validation","true","false","PricePending","[""abg""]","false","false","false","Routine","false","NumericMultiParameter"
"1f9a2e02-2328-42ff-b442-a026ba507198","AFE","Ascitic Fluid Examination","AFE","Clinical Pathology","Clinical Pathology","NoReporting","","0","","","","","","false","0","2026-08-29T08:52:41+05:45","2026-08-29T08:52:41+05:45","false","false","","Individual","Draft","cc8f47da-255c-4710-b970-26534098fd0c","","TM256 identity only; clinical configuration, price and activation require separate approval.","1","","","","","false","false","Requires Clinical Validation","false","false","PricePending","[""afe""]","false","false","false","NoClinicalReport","false","StructuredNested"
"6f8eb7eb-f8ff-4b11-979f-c0695162a84c","ASO_ANTI_STREPTOLYSIN_O_QUALITATIVE","ASO (Anti-Streptolysin O) Qualitative","","Serology & Immunology","Serology & Immunology","InHouse","","0","","","","","","false","0","2026-08-29T08:52:41+05:45","2026-08-29T08:52:41+05:45","false","false","","Individual","Draft","5c47a8e4-7519-44cb-b0b9-35a1f89f8971","","TM256 identity only; clinical configuration, price and activation require separate approval.","1","","","","","false","false","Requires Clinical Validation","true","false","PricePending","[]","false","false","false","Routine","false","NumericSingle"
"6e97ad19-31c0-4489-a08c-2280c335b27e","AST","AST / SGOT","","Biochemistry & Clinical Chemistry","Biochemistry & Clinical Chemistry","NoReporting","","0","","","","","","false","0","2026-08-26T21:05:55+05:45","2026-08-26T21:05:55+05:45","false","false","","Individual","Draft","33e32ee7-a3d3-433f-a0b8-ed25da80db2c","","Potential LFT component collision; review required.","1","","","","","false","false","Requires Clinical Validation","true","false","Fixed","[""sgot (ast)"",""sgot""]","false","false","false","NoClinicalReport","false","NarrativeDocument"
"74879751-04e9-4ab4-8e3b-40e74744181c","BETA_2_GLYCOPROTEIN_1_IGG","Beta 2 Glycoprotein 1, IgG","","Serology & Immunology","Serology & Immunology","InHouse","","0","","","","","","false","0","2026-08-29T08:52:41+05:45","2026-08-29T08:52:41+05:45","false","false","","Individual","Draft","5c47a8e4-7519-44cb-b0b9-35a1f89f8971","","TM256 identity only; clinical configuration, price and activation require separate approval.","1","","","","","false","false","Requires Clinical Validation","true","false","PricePending","[]","false","false","false","Routine","false","NumericSingle"
"d35253e0-d87a-4fdc-ae10-2a34b51cc449","BETA_2_GLYCOPROTEIN_1_IGM","Beta 2 Glycoprotein 1, IgM","","Serology & Immunology","Serology & Immunology","InHouse","","0","","","","","","false","0","2026-08-29T08:52:41+05:45","2026-08-29T08:52:41+05:45","false","false","","Individual","Draft","5c47a8e4-7519-44cb-b0b9-35a1f89f8971","","TM256 identity only; clinical configuration, price and activation require separate approval.","1","","","","","false","false","Requires Clinical Validation","true","false","PricePending","[]","false","false","false","Routine","false","NumericSingle"
"3890b7f5-45c9-4945-ba52-6cd47633b69e","BETA HCG","Beta HCG","","Clinical Biochemistry","Routine Biochemistry","InHouse","","160000","Blood / Serum","Yellow Top (SST)","","3","","true","0","2026-08-26T13:26:49+05:45","2026-08-26T13:26:49+05:45","false","false","","Individual","Active","33e32ee7-a3d3-433f-a0b8-ed25da80db2c","","TM256 convergence: structurally incomplete legacy identity held non-operational pending canonical resolution.","1","","","","","true","false","Requires Clinical Validation","true","false","Fixed","[]","false","false","true","Routine","false","NumericSingle"
"e0e505c3-a512-43c1-a294-313c118e838d","BETA_HCG","Beta-Human Chorionic Gonadotropin (Beta-hCG)","Beta-hCG","Serology & Immunology","Hormones & Fertility","InHouse","","160000","Serum","Yellow Top (SST)","","4","","true","520","2026-08-19T08:29:33+05:45","2026-08-19T08:29:33+05:45","false","false","","Individual","Active","5c47a8e4-7519-44cb-b0b9-35a1f89f8971","","","1","","","","","true","false","Configured","true","false","Fixed","[""β-hcg"",""beta-hcg"",""beta hcg""]","true","false","true","Routine","false","NumericSingle"
"c4f5b035-bc4f-4f28-9077-497808846760","BICARBONATE","Bicarbonate","","Biochemistry & Clinical Chemistry","Biochemistry & Clinical Chemistry","NoReporting","","0","","","","","","false","0","2026-08-26T21:05:55+05:45","2026-08-26T21:05:55+05:45","false","false","","Individual","Draft","33e32ee7-a3d3-433f-a0b8-ed25da80db2c","","Reviewed reference-catalogue identity; clinical configuration required.","1","","","","","false","false","Requires Clinical Validation","true","false","Fixed","[]","false","false","false","NoClinicalReport","false","NarrativeDocument"
"0d4e09a7-cbef-487f-9a45-ea44ef89198f","BILE_ACID","Bile Acid","","Clinical Biochemistry","Biochemistry & Clinical Chemistry","InHouse","","0","","","","","","false","0","2026-08-29T08:52:41+05:45","2026-08-29T08:52:41+05:45","false","false","","Individual","Draft","33e32ee7-a3d3-433f-a0b8-ed25da80db2c","","TM256 identity only; clinical configuration, price and activation require separate approval.","1","","","","","false","false","Requires Clinical Validation","true","false","PricePending","[]","false","false","false","Routine","false","NumericMultiParameter"
"d4fbc2d0-c2eb-4fdf-adbd-aeb1d2fd2fa5","BILIRUBIN_TD","Bilirubin Total and Direct","","Biochemistry & Clinical Chemistry","Biochemistry & Clinical Chemistry","NoReporting","","0","","","","","","false","0","2026-08-26T21:05:55+05:45","2026-08-26T21:05:55+05:45","false","false","","Profile","Draft","33e32ee7-a3d3-433f-a0b8-ed25da80db2c","","Potential LFT collision; review required.","1","","","","","false","false","Requires Clinical Validation","true","false","Fixed","[]","false","false","false","NoClinicalReport","false","Profile"
"96ab81fa-0c38-441e-8ef9-548dbd211c67","BT_CT","Bleeding Time and Clotting Time (BT & CT)","","Hematology","Hematology","NoReporting","","0","","","","","","false","0","2026-08-26T21:05:55+05:45","2026-08-26T21:05:55+05:45","false","false","","Profile","Draft","50a22a24-84f3-4ec4-aa5c-65c52f9b1c29","","One canonical profile; component parameter types, units and ranges require Bimal approval.","1","","","","","false","false","Requires Clinical Validation","true","false","Fixed","[]","false","false","false","NoClinicalReport","false","Profile"
"4f2ea7b2-dedc-4234-8ace-308a9b17a9ba","BLOOD_GROUP_RH","Blood Group & Rh.","","Hematology","Hematology","InHouse","","0","","","","","","false","0","2026-08-29T08:52:41+05:45","2026-08-29T08:52:41+05:45","false","false","","Individual","Draft","50a22a24-84f3-4ec4-aa5c-65c52f9b1c29","","TM256 identity only; clinical configuration, price and activation require separate approval.","1","","","","","false","false","Requires Clinical Validation","true","false","PricePending","[]","false","false","false","Routine","false","NumericMultiParameter"
"c821b17b-1214-4174-85de-950ffe549c5d","UREA","Blood Urea","Urea","Clinical Biochemistry","Renal Function","InHouse","","20000","Serum","Yellow Top (SST)","","2","","true","140","2026-08-19T08:29:33+05:45","2026-08-19T08:29:33+05:45","false","false","","Individual","Active","33e32ee7-a3d3-433f-a0b8-ed25da80db2c","","","1","","","","","true","false","Configured","true","false","Fixed","[""serum urea""]","true","false","true","Routine","false","NumericSingle"
"27f447d9-e9b7-4800-9cd9-76c1c2b64801","GENETIC_TEST","BRCA1/BRCA2 — molecular/genetic assay","GENETIC TEST","Molecular Diagnostics","Molecular & PCR","NoReporting","","0","","","","","","false","0","2026-08-29T08:52:41+05:45","2026-08-29T08:52:41+05:45","false","false","","Individual","Draft","d30b1a72-728b-47f6-86eb-2bc93768c824","","TM256 identity only; clinical configuration, price and activation require separate approval.","1","","","","","false","false","Requires Clinical Validation","false","false","PricePending","[""genetic test""]","false","false","false","Molecular","false","MolecularWorkflow"
"df75df1d-7040-4c0e-a415-398b49d43a27","BUN","BUN","","Clinical Biochemistry","Biochemistry & Clinical Chemistry","InHouse","","0","","","","","","false","0","2026-08-29T08:52:41+05:45","2026-08-29T08:52:41+05:45","false","false","","Individual","Draft","33e32ee7-a3d3-433f-a0b8-ed25da80db2c","","TM256 identity only; clinical configuration, price and activation require separate approval.","1","","","","","false","false","Requires Clinical Validation","true","false","PricePending","[]","false","false","false","Routine","false","NumericSingle"
"018e77ce-35a2-4695-9499-771c9d10f0bc","CRP","C-Reactive Protein (CRP, Quantitative)","CRP","Serology & Immunology","Inflammatory Markers","InHouse","","80000","Serum","Yellow Top (SST)","","2","","true","320","2026-08-19T08:29:33+05:45","2026-08-19T08:29:33+05:45","false","false","","Individual","Active","5c47a8e4-7519-44cb-b0b9-35a1f89f8971","","","1","","","","","true","false","Configured","true","false","Fixed","[""crp (quantitative)""]","true","false","true","Routine","false","NumericSingle"
"c60bf2c8-716a-4692-bc68-d16b6fe40c3b","CRP_QUALITATIVE","C-Reactive Protein, CRP (Qualitative)","CRP (Qualitative)","Serology & Immunology","Serology & Immunology","InHouse","","0","","","","","","false","0","2026-08-29T08:52:41+05:45","2026-08-29T08:52:41+05:45","false","false","","Individual","Draft","5c47a8e4-7519-44cb-b0b9-35a1f89f8971","","TM256 identity only; clinical configuration, price and activation require separate approval.","1","","","","","false","false","Requires Clinical Validation","true","false","PricePending","[""crp (qualitative)""]","false","false","false","Routine","false","NumericSingle"
"7322bdac-69ae-44d5-b657-abf81799cd2c","C3","C3 Complement","C3","Clinical Biochemistry","Biochemistry & Clinical Chemistry","InHouse","","0","","","","","","false","0","2026-08-29T08:52:41+05:45","2026-08-29T08:52:41+05:45","false","false","","Individual","Draft","33e32ee7-a3d3-433f-a0b8-ed25da80db2c","","TM256 identity only; clinical configuration, price and activation require separate approval.","1","","","","","false","false","Requires Clinical Validation","true","false","PricePending","[""c3""]","false","false","false","Routine","false","NumericSingle"
"aea37da1-83f9-4d39-9fd1-c134dca28584","CA_125","CA 125","","Clinical Biochemistry","Biochemistry & Clinical Chemistry","InHouse","","0","","","","","","false","0","2026-08-29T08:52:41+05:45","2026-08-29T08:52:41+05:45","false","false","","Individual","Draft","33e32ee7-a3d3-433f-a0b8-ed25da80db2c","","TM256 identity only; clinical configuration, price and activation require separate approval.","1","","","","","false","false","Requires Clinical Validation","true","false","PricePending","[]","false","false","false","Routine","false","NumericSingle"
"5bd88b0e-7a7b-49aa-9c6b-90f4a5124b25","CA_15_3","CA 15-3","","Clinical Biochemistry","Biochemistry & Clinical Chemistry","InHouse","","0","","","","","","false","0","2026-08-29T08:52:41+05:45","2026-08-29T08:52:41+05:45","false","false","","Individual","Draft","33e32ee7-a3d3-433f-a0b8-ed25da80db2c","","TM256 identity only; clinical configuration, price and activation require separate approval.","1","","","","","false","false","Requires Clinical Validation","true","false","PricePending","[]","false","false","false","Routine","false","NumericSingle"
"92e80c91-c26d-433e-b667-b336ee06374a","CA_19_9","CA 19-9","","Clinical Biochemistry","Biochemistry & Clinical Chemistry","InHouse","","0","","","","","","false","0","2026-08-29T08:52:41+05:45","2026-08-29T08:52:41+05:45","false","false","","Individual","Draft","33e32ee7-a3d3-433f-a0b8-ed25da80db2c","","TM256 identity only; clinical configuration, price and activation require separate approval.","1","","","","","false","false","Requires Clinical Validation","true","false","PricePending","[]","false","false","false","Routine","false","NumericSingle"
"39bde232-bd9b-4b25-98af-5223b09d61c6","CA_242","CA 242","","Clinical Biochemistry","Biochemistry & Clinical Chemistry","InHouse","","0","","","","","","false","0","2026-08-29T08:52:41+05:45","2026-08-29T08:52:41+05:45","false","false","","Individual","Draft","33e32ee7-a3d3-433f-a0b8-ed25da80db2c","","TM256 identity only; clinical configuration, price and activation require separate approval.","1","","","","","false","false","Requires Clinical Validation","true","false","PricePending","[]","false","false","false","Routine","false","NumericSingle"
"30dbfd10-26a9-4c60-892f-4ee8dda216ee","CA_50","CA 50","","Clinical Biochemistry","Biochemistry & Clinical Chemistry","InHouse","","0","","","","","","false","0","2026-08-29T08:52:41+05:45","2026-08-29T08:52:41+05:45","false","false","","Individual","Draft","33e32ee7-a3d3-433f-a0b8-ed25da80db2c","","TM256 identity only; clinical configuration, price and activation require separate approval.","1","","","","","false","false","Requires Clinical Validation","true","false","PricePending","[]","false","false","false","Routine","false","NumericSingle"
"47440c48-b5db-44d3-b7f5-243d4d0f4579","CA_72_4","CA 72-4","","Clinical Biochemistry","Biochemistry & Clinical Chemistry","InHouse","","0","","","","","","false","0","2026-08-29T08:52:41+05:45","2026-08-29T08:52:41+05:45","false","false","","Individual","Draft","33e32ee7-a3d3-433f-a0b8-ed25da80db2c","","TM256 identity only; clinical configuration, price and activation require separate approval.","1","","","","","false","false","Requires Clinical Validation","true","false","PricePending","[]","false","false","false","Routine","false","NumericSingle"
"4d94c230-1613-495d-8407-293fbc8ccacc","CALCITONIN","Calcitonin","","Endocrinology / Hormone","Hormones & Endocrinology","InHouse","","0","","","","","","false","0","2026-08-29T08:52:41+05:45","2026-08-29T08:52:41+05:45","false","false","","Individual","Draft","9e7ad776-49d7-4ba8-ad4a-3919f1933ec7","","TM256 identity only; clinical configuration, price and activation require separate approval.","1","","","","","false","false","Requires Clinical Validation","true","false","PricePending","[]","false","false","false","Routine","false","NumericSingle"
"d955e9da-fd1f-46ec-b016-72a0558c3fe2","CEA_CARCINOEMBRYONIC_ANTIGEN","CEA – Carcinoembryonic Antigen","","Serology / Tumor Markers","Serology & Immunology","InHouse","","0","","","","","","false","0","2026-08-29T08:52:41+05:45","2026-08-29T08:52:41+05:45","false","false","","Individual","Draft","5c47a8e4-7519-44cb-b0b9-35a1f89f8971","","TM256 identity only; clinical configuration, price and activation require separate approval.","1","","","","","false","false","Requires Clinical Validation","true","false","PricePending","[]","false","false","false","Routine","false","Qualitative"
"2490d11c-f229-414d-8eea-59dc895c24e2","CHIKUNGUNYA","Chikungunya","","Serology & Immunology","Serology & Immunology","InHouse","","0","","","","","","false","0","2026-08-29T08:52:41+05:45","2026-08-29T08:52:41+05:45","false","false","","Individual","Draft","5c47a8e4-7519-44cb-b0b9-35a1f89f8971","","TM256 identity only; clinical configuration, price and activation require separate approval.","1","","","","","false","false","Requires Clinical Validation","true","false","PricePending","[]","false","false","false","Routine","false","NumericSingle"
"1bc7a7e4-dba3-44ed-8bec-c41511b8bd68","CMV_IGG","CMV IgG","","Clinical Biochemistry","Biochemistry & Clinical Chemistry","InHouse","","0","","","","","","false","0","2026-08-29T08:52:41+05:45","2026-08-29T08:52:41+05:45","false","false","","Individual","Draft","33e32ee7-a3d3-433f-a0b8-ed25da80db2c","","TM256 identity only; clinical configuration, price and activation require separate approval.","1","","","","","false","false","Requires Clinical Validation","true","false","PricePending","[]","false","false","false","Routine","false","NumericSingle"
"87a4581a-2510-41e4-9289-a9ef6b78116e","CMV_IGM","CMV IgM","","Clinical Biochemistry","Biochemistry & Clinical Chemistry","InHouse","","0","","","","","","false","0","2026-08-29T08:52:41+05:45","2026-08-29T08:52:41+05:45","false","false","","Individual","Draft","33e32ee7-a3d3-433f-a0b8-ed25da80db2c","","TM256 identity only; clinical configuration, price and activation require separate approval.","1","","","","","false","false","Requires Clinical Validation","true","false","PricePending","[]","false","false","false","Routine","false","NumericSingle"
"4f4d59f3-d1e1-4bf0-80e9-5b962fb8c2f9","COAG_PROFILE","Coagulation Profile","Coagulation","Hematology","Hematology","InHouse","","0","","","","","","false","0","2026-08-29T08:52:41+05:45","2026-08-29T08:52:41+05:45","false","false","","Profile","Draft","50a22a24-84f3-4ec4-aa5c-65c52f9b1c29","","TM256 structural profile; composition and clinical configuration require approval.","1","","","","","false","false","Requires Clinical Validation","true","false","PricePending","[]","false","false","false","Routine","false","Profile"
"10000000-0000-0000-0000-000000000001","CBC","Complete Blood Count (CBC / Hemogram)","","Hematology","Routine Hematology","InHouse","","40000","Whole Blood (EDTA)","Lavender Top (EDTA)","","","","true","1","2026-08-19T07:08:19+05:45","2026-08-19T07:08:19+05:45","false","false","","Profile","Active","50a22a24-84f3-4ec4-aa5c-65c52f9b1c29","","","1","","","","","true","false","Configured","true","false","Fixed","[]","true","false","true","Routine","false","Profile"
"6bf124bd-160c-4df5-b73f-c94fa125141a","CK_MB","Creatine Kinase MB","","Biochemistry & Clinical Chemistry","Biochemistry & Clinical Chemistry","NoReporting","","0","","","","","","false","0","2026-08-26T21:05:55+05:45","2026-08-26T21:05:55+05:45","false","false","","Individual","Draft","33e32ee7-a3d3-433f-a0b8-ed25da80db2c","","Reviewed reference-catalogue identity; clinical configuration required.","1","","","","","false","false","Requires Clinical Validation","true","false","Fixed","[""cpk-mb"",""ck-mb""]","false","false","false","NoClinicalReport","false","NarrativeDocument"
"5ce756ec-1911-4572-a54d-13d704bf4f96","CK_TOTAL","Creatine Kinase Total","","Biochemistry & Clinical Chemistry","Biochemistry & Clinical Chemistry","NoReporting","","0","","","","","","false","0","2026-08-26T21:05:55+05:45","2026-08-26T21:05:55+05:45","false","false","","Individual","Draft","33e32ee7-a3d3-433f-a0b8-ed25da80db2c","","Reviewed reference-catalogue identity; clinical configuration required.","1","","","","","false","false","Requires Clinical Validation","true","false","Fixed","[""cpk-total""]","false","false","false","NoClinicalReport","false","NarrativeDocument"
"9b26906d-d2ff-4a4a-b989-e8ac4caca038","CULTURE_AND_SENSITIVITY","Culture & Sensitivity microbiology case","","Microbiology","Microbiology & Culture","NoReporting","","0","","","","","","false","0","2026-08-29T08:52:41+05:45","2026-08-29T08:52:41+05:45","false","false","","Individual","Draft","1f3a7368-f9be-47b6-8295-b5788e968e1c","","TM256 identity only; clinical configuration, price and activation require separate approval.","1","","","","","false","false","Requires Clinical Validation","false","false","PricePending","[]","false","false","false","MicrobiologyCulture","false","MicrobiologyWorkflow"
"30bb1c2f-67dd-4566-ae22-d7e9eb578a8f","D_DIMER","D-Dimer","","Clinical Biochemistry","Biochemistry & Clinical Chemistry","InHouse","","0","","","","","","false","0","2026-08-29T08:52:41+05:45","2026-08-29T08:52:41+05:45","false","false","","Individual","Draft","33e32ee7-a3d3-433f-a0b8-ed25da80db2c","","TM256 identity only; clinical configuration, price and activation require separate approval.","1","","","","","false","false","Requires Clinical Validation","true","false","PricePending","[]","false","false","false","Routine","false","NumericSingle"
"54853f4e-a30a-431b-b77d-a9243c97c7b1","DENGUE_PANEL","Dengue Antigen and Antibody Panel","Dengue Panel","Serology & Immunology","Serology & Immunology","InHouse","","0","","","","","","false","0","2026-08-29T08:52:41+05:45","2026-08-29T08:52:41+05:45","false","false","","Profile","Draft","5c47a8e4-7519-44cb-b0b9-35a1f89f8971","","TM256 identity only; clinical configuration, price and activation require separate approval.","1","","","","","false","false","Requires Clinical Validation","true","false","PricePending","[]","false","false","false","Routine","false","Profile"
"789c9027-c37c-4b41-b85e-15069d67ad0c","DENGUE_IGG","Dengue IgG Antibody (Rapid)","Dengue IgG","Serology & Immunology","Vector-Borne","InHouse","","0","Serum","Yellow Top (SST)","","1","","true","410","2026-08-19T08:29:33+05:45","2026-08-19T08:29:33+05:45","false","false","","Individual","Active","5c47a8e4-7519-44cb-b0b9-35a1f89f8971","","","1","","","","","false","false","Configured","true","false","PricePending","[]","true","true","true","Routine","false","NumericSingle"
"e436be1b-acc7-4810-b383-9b66aba28ab3","DENGUE_IGM_IGG_PANEL","Dengue IgM and IgG Panel","Dengue IgM/IgG","Serology & Immunology","Serology & Immunology","InHouse","","0","","","","","","false","0","2026-08-29T08:52:41+05:45","2026-08-29T08:52:41+05:45","false","false","","Profile","Draft","5c47a8e4-7519-44cb-b0b9-35a1f89f8971","","TM256 identity only; clinical configuration, price and activation require separate approval.","1","","","","","false","false","Requires Clinical Validation","true","false","PricePending","[]","false","false","false","Routine","false","Profile"
"e3054af4-5666-4d9a-82b5-2a7725542c8b","DENGUE_IGM","Dengue IgM Antibody (Rapid)","Dengue IgM","Serology & Immunology","Vector-Borne","InHouse","","0","Serum","Yellow Top (SST)","","1","","true","400","2026-08-19T08:29:33+05:45","2026-08-19T08:29:33+05:45","false","false","","Individual","Active","5c47a8e4-7519-44cb-b0b9-35a1f89f8971","","","1","","","","","false","false","Configured","true","false","PricePending","[]","true","true","true","Routine","false","NumericSingle"
"d87bcbe8-28c7-4122-8707-7c1a3520f565","DENGUE_NS1","Dengue NS1 Antigen (Rapid)","Dengue NS1","Serology & Immunology","Vector-Borne","InHouse","","100000","Serum / Whole Blood","Yellow Top (SST) / EDTA","","1","","true","390","2026-08-19T08:29:33+05:45","2026-08-19T08:29:33+05:45","false","false","","Individual","Active","5c47a8e4-7519-44cb-b0b9-35a1f89f8971","","","1","","","","","true","false","Configured","true","false","Fixed","[]","true","true","true","Routine","false","NumericSingle"
"8f452401-dcdf-4594-9095-801a45b13d2e","DHEA","DHEA","","Endocrinology / Hormone","Hormones & Endocrinology","InHouse","","0","","","","","","false","0","2026-08-29T08:52:41+05:45","2026-08-29T08:52:41+05:45","false","false","","Individual","Draft","9e7ad776-49d7-4ba8-ad4a-3919f1933ec7","","TM256 identity only; clinical configuration, price and activation require separate approval.","1","","","","","false","false","Requires Clinical Validation","true","false","PricePending","[]","false","false","false","Routine","false","NumericSingle"
"8fcc1614-a8bf-4af8-904d-d2ae2579364c","DLC","Differential Leukocyte Count (DLC)","DLC","Hematology","Routine Hematology","InHouse","","10000","Whole Blood","EDTA / Lavender Top","","4","","true","40","2026-08-19T08:29:33+05:45","2026-08-19T08:29:33+05:45","false","false","","Profile","Active","50a22a24-84f3-4ec4-aa5c-65c52f9b1c29","","","1","","","","","true","false","Configured","true","false","Fixed","[""differential leucocyte count"",""dlc""]","true","false","true","Routine","false","Profile"
"1835cc23-a11e-48c8-a21d-69313d272b8e","DIRECT_COOMB_S_TEST","Direct Coomb's Test","","Clinical Biochemistry","Biochemistry & Clinical Chemistry","InHouse","","0","","","","","","false","0","2026-08-29T08:52:41+05:45","2026-08-29T08:52:41+05:45","false","false","","Individual","Draft","33e32ee7-a3d3-433f-a0b8-ed25da80db2c","","TM256 identity only; clinical configuration, price and activation require separate approval.","1","","","","","false","false","Requires Clinical Validation","true","false","PricePending","[]","false","false","false","Routine","false","NumericSingle"
"85528f82-8685-4dfa-9a0b-217a8586b3e1","DOUBLE_MARKER_MATERNAL_SCREEN_2_TESTS","DOUBLE MARKER, MATERNAL SCREEN-2 TESTS","","Clinical Biochemistry","Biochemistry & Clinical Chemistry","InHouse","","0","","","","","","false","0","2026-08-29T08:52:41+05:45","2026-08-29T08:52:41+05:45","false","false","","Individual","Draft","33e32ee7-a3d3-433f-a0b8-ed25da80db2c","","TM256 identity only; clinical configuration, price and activation require separate approval.","1","","","","","false","false","Requires Clinical Validation","true","false","PricePending","[]","false","false","false","Routine","false","NumericMultiParameter"
"9af3e40a-cd9e-4cd2-9f92-794b2a9fd255","ESR","Erythrocyte Sedimentation Rate (ESR)","ESR","Hematology","Routine Hematology","InHouse","","10000","Whole Blood","Sodium Citrate / Black Top","","2","","true","60","2026-08-19T08:29:33+05:45","2026-08-19T08:29:33+05:45","false","false","","Individual","Active","50a22a24-84f3-4ec4-aa5c-65c52f9b1c29","","","1","","","","","true","false","Configured","true","false","Fixed","[]","true","false","true","Routine","false","NumericSingle"
"8f051dbe-4022-4326-a596-432ac9715b84","ESR_WESTERGREN","Erythrocyte Sedimentation Rate, Westergren","ESR-W","Hematology","Hematology","InHouse","","0","","","","","","false","0","2026-08-29T08:52:41+05:45","2026-08-29T08:52:41+05:45","false","false","","Individual","Draft","50a22a24-84f3-4ec4-aa5c-65c52f9b1c29","","TM256 identity only; clinical configuration, price and activation require separate approval.","1","","","","","false","false","Requires Clinical Validation","true","false","PricePending","[""esr (westergren)""]","false","false","false","Routine","false","NumericSingle"
"faa9d68a-c40b-42e5-bf21-bf7a207483e0","ESR_WINTROBE","Erythrocyte Sedimentation Rate, Wintrobe","ESR-WI","Hematology","Hematology","InHouse","","0","","","","","","false","0","2026-08-29T08:52:41+05:45","2026-08-29T08:52:41+05:45","false","false","","Individual","Draft","50a22a24-84f3-4ec4-aa5c-65c52f9b1c29","","TM256 identity only; clinical configuration, price and activation require separate approval.","1","","","","","false","false","Requires Clinical Validation","true","false","PricePending","[""esr (wintrobe)""]","false","false","false","Routine","false","NumericSingle"
"7a0ccce0-e43d-4f78-9f65-45967a38c35e","EGFR","Estimated Glomerular Filtration Rate","","Biochemistry & Clinical Chemistry","Biochemistry & Clinical Chemistry","NoReporting","","0","","","","","","false","0","2026-08-26T21:05:55+05:45","2026-08-26T21:05:55+05:45","false","false","","Individual","Draft","33e32ee7-a3d3-433f-a0b8-ed25da80db2c","","Calculation is not approved/configured.","1","","","","","false","false","Requires Clinical Validation","true","false","Fixed","[]","false","false","false","NoClinicalReport","false","NarrativeDocument"
"07631aad-9f23-4383-a11b-e35e45ff3494","ESTRADIOL","Estradiol","","Endocrinology / Hormone","Hormones & Endocrinology","InHouse","","0","","","","","","false","0","2026-08-29T08:52:41+05:45","2026-08-29T08:52:41+05:45","false","false","","Individual","Draft","9e7ad776-49d7-4ba8-ad4a-3919f1933ec7","","TM256 identity only; clinical configuration, price and activation require separate approval.","1","","","","","false","false","Requires Clinical Validation","true","false","PricePending","[]","false","false","false","Routine","false","NumericSingle"
"5c4959b5-aac3-4e75-a12a-058cbdbd32d6","FBS","Fasting Blood Sugar (FBS)","FBS","Clinical Biochemistry","Glucose & Diabetes","InHouse","","5000","Fluoride Plasma / Serum","Grey Top / Yellow Top","","2","","true","100","2026-08-19T08:29:33+05:45","2026-08-19T08:29:33+05:45","false","false","","Individual","Active","33e32ee7-a3d3-433f-a0b8-ed25da80db2c","","","1","","","","","true","false","Configured","true","false","Fixed","[""fasting blood sugar""]","true","false","true","Routine","false","NumericSingle"
"81367d60-e5bb-4f44-960e-82cda7a43207","FASTING_INSULIN","Fasting Insulin","","Endocrinology / Hormone","Hormones & Endocrinology","InHouse","","0","","","","","","false","0","2026-08-29T08:52:41+05:45","2026-08-29T08:52:41+05:45","false","false","","Individual","Draft","9e7ad776-49d7-4ba8-ad4a-3919f1933ec7","","TM256 identity only; clinical configuration, price and activation require separate approval.","1","","","","","false","false","Requires Clinical Validation","true","false","PricePending","[]","false","false","false","Routine","false","NumericSingle"
"a9fbfc3f-2d95-43da-be78-e4f908d9664d","MF","Filarial Parasite (Card Test)","MF","Serology & Immunology","Serology & Immunology","InHouse","","0","","","","","","false","0","2026-08-29T08:52:41+05:45","2026-08-29T08:52:41+05:45","false","false","","Individual","Draft","5c47a8e4-7519-44cb-b0b9-35a1f89f8971","","TM256 identity only; clinical configuration, price and activation require separate approval.","1","","","","","false","false","Requires Clinical Validation","true","false","PricePending","[""mf""]","false","false","false","Routine","false","NumericSingle"
"22a9326f-1c6a-4d35-86c4-d3745b5fbdf7","FLUID_EXAMINATION","Fluid Examination structured service","","Clinical Pathology","Clinical Pathology","NoReporting","","0","","","","","","false","0","2026-08-29T08:52:41+05:45","2026-08-29T08:52:41+05:45","false","false","","Individual","Draft","cc8f47da-255c-4710-b970-26534098fd0c","","TM256 identity only; clinical configuration, price and activation require separate approval.","1","","","","","false","false","Requires Clinical Validation","false","false","PricePending","[]","false","false","false","NoClinicalReport","false","StructuredNested"
"a7d05875-0142-4f06-ac26-6fb7feb9990c","FNAC_FINE_NEEDLE_ASPIRATION","FNAC cytology case","","Cytology","Cytology","NoReporting","","0","","","","","","false","0","2026-08-29T08:52:41+05:45","2026-08-29T08:52:41+05:45","false","false","","Individual","Draft","662f74e6-a41f-42fc-b23b-7dca003d5826","","TM256 identity only; clinical configuration, price and activation require separate approval.","1","","","","","false","false","Requires Clinical Validation","false","false","PricePending","[]","false","false","false","Cytology","false","CytologyWorkflow"
"3cb6fdc6-bf06-44fb-825b-4e6b5a54f2b1","FOLIC_ACID","Folic Acid","","Endocrinology / Hormone","Hormones & Endocrinology","InHouse","","0","","","","","","false","0","2026-08-29T08:52:41+05:45","2026-08-29T08:52:41+05:45","false","false","","Individual","Draft","9e7ad776-49d7-4ba8-ad4a-3919f1933ec7","","TM256 identity only; clinical configuration, price and activation require separate approval.","1","","","","","false","false","Requires Clinical Validation","true","false","PricePending","[]","false","false","false","Routine","false","NumericSingle"
"76b3a958-f4ea-4fbf-b951-c59405c397b0","FSH","Follicle Stimulating Hormone, FSH","FSH","Endocrinology / Hormone","Hormones & Endocrinology","InHouse","","0","","","","","","false","0","2026-08-29T08:52:41+05:45","2026-08-29T08:52:41+05:45","false","false","","Individual","Draft","9e7ad776-49d7-4ba8-ad4a-3919f1933ec7","","TM256 identity only; clinical configuration, price and activation require separate approval.","1","","","","","false","false","Requires Clinical Validation","true","false","PricePending","[""fsh""]","false","false","false","Routine","false","NumericSingle"
"0bc824c7-13a5-4233-838e-43e9f1fe26d6","FREE_PSA","Free PSA","","Serology & Immunology","Serology & Immunology","InHouse","","0","","","","","","false","0","2026-08-29T08:52:41+05:45","2026-08-29T08:52:41+05:45","false","false","","Individual","Draft","5c47a8e4-7519-44cb-b0b9-35a1f89f8971","","TM256 identity only; clinical configuration, price and activation require separate approval.","1","","","","","false","false","Requires Clinical Validation","true","false","PricePending","[]","false","false","false","Routine","false","NumericSingle"
"6d9155f8-9295-4673-8db5-f92fa0b722f2","FT4","Free Thyroxine (FT4)","FT4","Immunology & Endocrinology","Endocrinology","InHouse","","0","Serum","Yellow Top (SST)","","6","","true","310","2026-08-19T08:29:33+05:45","2026-08-19T08:29:33+05:45","false","false","","Individual","Active","9e7ad776-49d7-4ba8-ad4a-3919f1933ec7","","","1","","","","","false","false","Configured","true","false","PricePending","[""ft4""]","true","false","true","Routine","false","NumericSingle"
"6a9f4303-03a0-4b25-84d6-b1b49c2df162","FT3","Free Triiodothyronine (FT3)","FT3","Immunology & Endocrinology","Endocrinology","InHouse","","0","Serum","Yellow Top (SST)","","6","","true","300","2026-08-19T08:29:33+05:45","2026-08-19T08:29:33+05:45","false","false","","Individual","Active","9e7ad776-49d7-4ba8-ad4a-3919f1933ec7","","","1","","","","","false","false","Configured","true","false","PricePending","[""free triiodothyronine l, ft3"",""ft3""]","true","false","true","Routine","false","NumericSingle"
"216cfe00-0de1-4640-91dd-4d392bb7ede1","FUNGAL_SCRAPING_SMEAR","Fungal scraping smear","","Microbiology","Microbiology & Culture","NoReporting","","0","","","","","","false","0","2026-08-29T08:52:41+05:45","2026-08-29T08:52:41+05:45","false","false","","Individual","Draft","1f3a7368-f9be-47b6-8295-b5788e968e1c","","TM256 identity only; clinical configuration, price and activation require separate approval.","1","","","","","false","false","Requires Clinical Validation","false","false","PricePending","[]","false","false","false","MicrobiologyMicroscopy","false","MixedTyped"
"1ac766bf-2984-450d-92b8-161ee8a298f3","GGT","Gamma-Glutamyl Transferase","","Biochemistry & Clinical Chemistry","Biochemistry & Clinical Chemistry","NoReporting","","0","","","","","","false","0","2026-08-26T21:05:55+05:45","2026-08-26T21:05:55+05:45","false","false","","Individual","Draft","33e32ee7-a3d3-433f-a0b8-ed25da80db2c","","Reviewed reference-catalogue identity; clinical configuration required.","1","","","","","false","false","Requires Clinical Validation","true","false","Fixed","[""gamma glutamyl transferase, ggt"",""ggt""]","false","false","false","NoClinicalReport","false","NarrativeDocument"
"91ce2db5-4807-4aed-af5c-601fb1e52e6f","GLOBULIN","Globulin","","Biochemistry & Clinical Chemistry","Biochemistry & Clinical Chemistry","NoReporting","","0","","","","","","false","0","2026-08-26T21:05:55+05:45","2026-08-26T21:05:55+05:45","false","false","","Individual","Draft","33e32ee7-a3d3-433f-a0b8-ed25da80db2c","","Existing calculated-parameter collision requires review.","1","","","","","false","false","Requires Clinical Validation","true","false","Fixed","[]","false","false","false","NoClinicalReport","false","NarrativeDocument"
"98ba03f8-eb54-48ce-81de-d5fcae5ae9a2","GCT","Glucose Challenge Test (GCT); Pregnancy , 75g Glucose","GCT","Clinical Biochemistry","Biochemistry & Clinical Chemistry","InHouse","","0","","","","","","false","0","2026-08-29T08:52:41+05:45","2026-08-29T08:52:41+05:45","false","false","","Individual","Draft","33e32ee7-a3d3-433f-a0b8-ed25da80db2c","","TM256 identity only; clinical configuration, price and activation require separate approval.","1","","","","","false","false","Requires Clinical Validation","true","false","PricePending","[""gct""]","false","false","false","Routine","false","Qualitative"
"fb40fd5b-bd98-4f3e-b75a-cc9d282056a5","GTT","Glucose Tolerance Test, GTT","GTT","Clinical Biochemistry","Biochemistry & Clinical Chemistry","InHouse","","0","","","","","","false","0","2026-08-29T08:52:41+05:45","2026-08-29T08:52:41+05:45","false","false","","Individual","Draft","33e32ee7-a3d3-433f-a0b8-ed25da80db2c","","TM256 identity only; clinical configuration, price and activation require separate approval.","1","","","","","false","false","Requires Clinical Validation","true","false","PricePending","[""gtt""]","false","false","false","Routine","false","NumericMultiParameter"
"1a707326-43b7-4c60-ad21-bd9b4c3af285","GLUCOSE_TOLERANCE_TEST_GTT_PREGNANCY","Glucose Tolerance Test, GTT (Pregnancy)","","Clinical Biochemistry","Biochemistry & Clinical Chemistry","InHouse","","0","","","","","","false","0","2026-08-29T08:52:41+05:45","2026-08-29T08:52:41+05:45","false","false","","Individual","Draft","33e32ee7-a3d3-433f-a0b8-ed25da80db2c","","TM256 identity only; clinical configuration, price and activation require separate approval.","1","","","","","false","false","Requires Clinical Validation","true","false","PricePending","[]","false","false","false","Routine","false","NumericMultiParameter"
"ae83404b-070d-43e7-a91d-98e382b8e587","G6PD","Glucose-6-phosphate dehydrogenase","G6PD","Hematology","Hematology","InHouse","","0","","","","","","false","0","2026-08-29T08:52:41+05:45","2026-08-29T08:52:41+05:45","false","false","","Individual","Draft","50a22a24-84f3-4ec4-aa5c-65c52f9b1c29","","TM256 identity only; clinical configuration, price and activation require separate approval.","1","","","","","false","false","Requires Clinical Validation","true","false","PricePending","[""g6pd""]","false","false","false","Routine","false","NumericSingle"
"58424e0c-302c-4c66-bd87-b4b69ec59c2e","HBA1C","Glycated Hemoglobin (HbA1c)","HbA1c","Clinical Biochemistry","Glucose & Diabetes","InHouse","","100000","Whole Blood","EDTA / Lavender Top","","4","","true","130","2026-08-19T08:29:33+05:45","2026-08-19T08:29:33+05:45","false","false","","Individual","Active","33e32ee7-a3d3-433f-a0b8-ed25da80db2c","","","1","","","","","true","false","Configured","true","false","Fixed","[""hba1c (glycosylated hemoglobin)""]","true","false","true","Routine","false","NumericMultiParameter"
"abc19003-dbc2-407f-bdb8-7466457719ce","GRAM_S_STAIN","Gram's Stain","","Microbiology","Microbiology & Culture","NoReporting","","0","","","","","","false","0","2026-08-29T08:52:41+05:45","2026-08-29T08:52:41+05:45","false","false","","Individual","Draft","1f3a7368-f9be-47b6-8295-b5788e968e1c","","TM256 identity only; clinical configuration, price and activation require separate approval.","1","","","","","false","false","Requires Clinical Validation","false","false","PricePending","[]","false","false","false","MicrobiologyMicroscopy","false","MixedTyped"
"a4de1a10-f225-4b5d-baff-29d85d600195","H_ALB","H-ALB","","Clinical Biochemistry","Biochemistry & Clinical Chemistry","InHouse","","0","","","","","","false","0","2026-08-29T08:52:41+05:45","2026-08-29T08:52:41+05:45","false","false","","Individual","Draft","33e32ee7-a3d3-433f-a0b8-ed25da80db2c","","TM256 identity only; clinical configuration, price and activation require separate approval.","1","","","","","false","false","Requires Clinical Validation","true","false","PricePending","[]","false","false","false","Routine","false","NumericSingle"
"8d3eeb36-5217-4dd0-b2df-cf847d51fc9b","HBEAG","HBeAg","","Serology & Immunology","Serology & Immunology","InHouse","","0","","","","","","false","0","2026-08-29T08:52:41+05:45","2026-08-29T08:52:41+05:45","false","false","","Individual","Draft","5c47a8e4-7519-44cb-b0b9-35a1f89f8971","","TM256 identity only; clinical configuration, price and activation require separate approval.","1","","","","","false","false","Requires Clinical Validation","true","false","PricePending","[]","false","false","false","Routine","false","NumericSingle"
"0eb5ea4d-8052-45db-9bf5-ddcb348630bb","HBSAG_ELISA","HBsAg ELISA","","Serology & Immunology","Serology & Immunology","InHouse","","0","","","","","","false","0","2026-08-29T08:52:41+05:45","2026-08-29T08:52:41+05:45","false","false","","Individual","Draft","5c47a8e4-7519-44cb-b0b9-35a1f89f8971","","TM256 identity only; clinical configuration, price and activation require separate approval.","1","","","","","false","false","Requires Clinical Validation","true","false","PricePending","[]","false","false","false","Routine","false","Qualitative"
"6efe3212-6b69-49da-b419-d6e9cf273055","HCV_RNA_QUANTITATIVE","HCV RNA Quantitative — molecular assay","","Molecular Diagnostics","Molecular & PCR","NoReporting","","0","","","","","","false","0","2026-08-29T08:52:41+05:45","2026-08-29T08:52:41+05:45","false","false","","Individual","Draft","d30b1a72-728b-47f6-86eb-2bc93768c824","","TM256 identity only; clinical configuration, price and activation require separate approval.","1","","","","","false","false","Requires Clinical Validation","false","false","PricePending","[]","false","false","false","Molecular","false","MolecularWorkflow"
"982f7f20-653a-4abe-a94d-e1586b8ce504","HDL_CHOL","HDL Cholesterol","","Biochemistry & Clinical Chemistry","Biochemistry & Clinical Chemistry","NoReporting","","0","","","","","","false","0","2026-08-26T21:05:55+05:45","2026-08-26T21:05:55+05:45","false","false","","Individual","Draft","33e32ee7-a3d3-433f-a0b8-ed25da80db2c","","Reviewed reference-catalogue identity; clinical configuration required.","1","","","","","false","false","Requires Clinical Validation","true","false","Fixed","[""hdl cholesterol""]","false","false","false","NoClinicalReport","false","NarrativeDocument"
"954ac360-b533-4ac0-a4da-6318d843c631","HB","Hemoglobin (Hb)","Hb","Hematology","Routine Hematology","InHouse","","30000","Whole Blood","EDTA / Lavender Top","","2","","true","20","2026-08-19T08:29:33+05:45","2026-08-19T08:29:33+05:45","false","false","","Individual","Active","50a22a24-84f3-4ec4-aa5c-65c52f9b1c29","","","1","","","","","true","false","Configured","true","false","Fixed","[""hemoglobin"",""hb""]","true","false","true","Routine","false","NumericSingle"
"fc4c7c33-9e46-4a81-914c-90f970ae9c52","HPLC","HEMOGLOBIN HPLC/ELECTROPHORESIS","HPLC","Hematology","Hematology","InHouse","","0","","","","","","false","0","2026-08-29T08:52:41+05:45","2026-08-29T08:52:41+05:45","false","false","","Individual","Draft","50a22a24-84f3-4ec4-aa5c-65c52f9b1c29","","TM256 identity only; clinical configuration, price and activation require separate approval.","1","","","","","false","false","Requires Clinical Validation","true","false","PricePending","[""hplc""]","false","false","false","Routine","false","NumericMultiParameter"
"b8032b4f-720e-49e5-8fd7-c5cc9235079f","HAV_PANEL","Hepatitis A Antibody Panel","HAV Panel","Serology & Immunology","Hepatitis & HIV","InHouse","","0","","","","","","false","0","2026-08-29T08:52:41+05:45","2026-08-29T08:52:41+05:45","false","false","","Profile","Draft","abf15ac8-5e8e-4290-8c0f-86eac66b15fb","","TM256 structural profile; composition and clinical configuration require approval.","1","","","","","false","false","Requires Clinical Validation","true","false","PricePending","[]","false","false","false","Routine","false","Profile"
"60b3168b-863b-4130-886e-75555fa2526a","HAV_IGG","Hepatitis A IgG Antibody","HAV IgG","Serology & Immunology","Serology & Immunology","InHouse","","0","","","","","","false","0","2026-08-29T08:52:41+05:45","2026-08-29T08:52:41+05:45","false","false","","Individual","Draft","5c47a8e4-7519-44cb-b0b9-35a1f89f8971","","TM256 identity only; clinical configuration, price and activation require separate approval.","1","","","","","false","false","Requires Clinical Validation","true","false","PricePending","[]","false","false","false","Routine","false","Qualitative"
"489a9dd8-0138-4bb3-9379-e6ebe067ecff","HAV_IGM","Hepatitis A IgM Antibody","HAV IgM","Serology & Immunology","Serology & Immunology","InHouse","","0","","","","","","false","0","2026-08-29T08:52:41+05:45","2026-08-29T08:52:41+05:45","false","false","","Individual","Draft","5c47a8e4-7519-44cb-b0b9-35a1f89f8971","","TM256 identity only; clinical configuration, price and activation require separate approval.","1","","","","","false","false","Requires Clinical Validation","true","false","PricePending","[""anti-hav igm qualitative""]","false","false","false","Routine","false","Qualitative"
"7815ad07-f005-4b1f-b181-e5d4860fb510","HAV_TOTAL_AB","Hepatitis A Total Antibody","Anti-HAV Total","Serology & Immunology","Serology & Immunology","InHouse","","0","","","","","","false","0","2026-08-29T08:52:41+05:45","2026-08-29T08:52:41+05:45","false","false","","Individual","Draft","5c47a8e4-7519-44cb-b0b9-35a1f89f8971","","TM256 identity only; clinical configuration, price and activation require separate approval.","1","","","","","false","false","Requires Clinical Validation","true","false","PricePending","[]","false","false","false","Routine","false","Qualitative"
"d21d70a9-01d2-46fb-944b-06b241aa1211","HBSAG","Hepatitis B Surface Antigen (HBsAg)","HBsAg","Serology & Immunology","Viral Serology","InHouse","","40000","Serum","Yellow Top (SST)","","2","","true","350","2026-08-19T08:29:33+05:45","2026-08-19T08:29:33+05:45","false","false","","Individual","Active","5c47a8e4-7519-44cb-b0b9-35a1f89f8971","","","1","","","","","true","false","Configured","true","false","Fixed","[""hbsag""]","true","true","true","Routine","false","NumericSingle"
"00a55636-f2a4-4e8e-bcd8-0881a9000dfe","HCV","Hepatitis C Virus, HCV","HCV","Serology & Immunology","Serology & Immunology","InHouse","","0","","","","","","false","0","2026-08-29T08:52:41+05:45","2026-08-29T08:52:41+05:45","false","false","","Individual","Draft","5c47a8e4-7519-44cb-b0b9-35a1f89f8971","","TM256 identity only; clinical configuration, price and activation require separate approval.","1","","","","","false","false","Requires Clinical Validation","true","false","PricePending","[""hcv""]","false","false","false","Routine","false","NumericSingle"
"5cb76fc5-b1d6-45d9-87ff-39affb5ae0fd","HSCRP","High-Sensitivity C-Reactive Protein","HsCRP","Clinical Biochemistry","Biochemistry & Clinical Chemistry","InHouse","","0","","","","","","false","0","2026-08-29T08:52:41+05:45","2026-08-29T08:52:41+05:45","false","false","","Individual","Draft","33e32ee7-a3d3-433f-a0b8-ed25da80db2c","","TM256 identity only; clinical configuration, price and activation require separate approval.","1","","","","","false","false","Requires Clinical Validation","true","false","PricePending","[""hscrp""]","false","false","false","Routine","false","NumericSingle"
"32952600-0f1a-4627-b01c-5cf5c03c1af8","HIV_CARD_TEST","HIV (Card Test)","","Serology & Immunology","Serology & Immunology","InHouse","","0","","","","","","false","0","2026-08-29T08:52:41+05:45","2026-08-29T08:52:41+05:45","false","false","","Individual","Draft","5c47a8e4-7519-44cb-b0b9-35a1f89f8971","","TM256 identity only; clinical configuration, price and activation require separate approval.","1","","","","","false","false","Requires Clinical Validation","true","false","PricePending","[]","false","false","false","Routine","false","NumericMultiParameter"
"2fc8b591-4eb9-489e-ac30-3487b6aa74c3","HIV","HIV 1 & 2 Antibody / Antigen","HIV","Serology & Immunology","Viral Serology","InHouse","","60000","Serum","Yellow Top (SST)","","2","","true","370","2026-08-19T08:29:33+05:45","2026-08-19T08:29:33+05:45","false","false","","Individual","Active","5c47a8e4-7519-44cb-b0b9-35a1f89f8971","","","1","","","","","true","false","Configured","true","false","Fixed","[]","true","true","true","Routine","false","NumericSingle"
"7361d89c-70db-4aa8-8e7b-ca4108e6d923","HIV_ELISA_I_II","HIV ELISA I/II","","Serology & Immunology","Serology & Immunology","InHouse","","0","","","","","","false","0","2026-08-29T08:52:41+05:45","2026-08-29T08:52:41+05:45","false","false","","Individual","Draft","5c47a8e4-7519-44cb-b0b9-35a1f89f8971","","TM256 identity only; clinical configuration, price and activation require separate approval.","1","","","","","false","false","Requires Clinical Validation","true","false","PricePending","[]","false","false","false","Routine","false","Qualitative"
"2a11b246-fe27-4da7-be34-e128eeebfe24","HOMOCYSTEINE","Homocysteine","","Clinical Biochemistry","Biochemistry & Clinical Chemistry","InHouse","","0","","","","","","false","0","2026-08-29T08:52:41+05:45","2026-08-29T08:52:41+05:45","false","false","","Individual","Draft","33e32ee7-a3d3-433f-a0b8-ed25da80db2c","","TM256 identity only; clinical configuration, price and activation require separate approval.","1","","","","","false","false","Requires Clinical Validation","true","false","PricePending","[]","false","false","false","Routine","false","NumericSingle"
"334f498b-3b4a-47e6-a5fc-bd1434b02c3f","HSV_1_2_IGG","HSV-1/2 IgG","","Clinical Biochemistry","Biochemistry & Clinical Chemistry","InHouse","","0","","","","","","false","0","2026-08-29T08:52:41+05:45","2026-08-29T08:52:41+05:45","false","false","","Individual","Draft","33e32ee7-a3d3-433f-a0b8-ed25da80db2c","","TM256 identity only; clinical configuration, price and activation require separate approval.","1","","","","","false","false","Requires Clinical Validation","true","false","PricePending","[]","false","false","false","Routine","false","NumericSingle"
"777c8c0e-086a-45aa-9957-dea1dbec22f0","HSV_1_2_IGM","HSV-1/2 IgM","","Clinical Biochemistry","Biochemistry & Clinical Chemistry","InHouse","","0","","","","","","false","0","2026-08-29T08:52:41+05:45","2026-08-29T08:52:41+05:45","false","false","","Individual","Draft","33e32ee7-a3d3-433f-a0b8-ed25da80db2c","","TM256 identity only; clinical configuration, price and activation require separate approval.","1","","","","","false","false","Requires Clinical Validation","true","false","PricePending","[]","false","false","false","Routine","false","NumericSingle"
"73631d7b-c336-4f1a-ab43-7804e606132a","HSV_2_IGG","HSV-2 IgG","","Clinical Biochemistry","Biochemistry & Clinical Chemistry","InHouse","","0","","","","","","false","0","2026-08-29T08:52:41+05:45","2026-08-29T08:52:41+05:45","false","false","","Individual","Draft","33e32ee7-a3d3-433f-a0b8-ed25da80db2c","","TM256 identity only; clinical configuration, price and activation require separate approval.","1","","","","","false","false","Requires Clinical Validation","true","false","PricePending","[]","false","false","false","Routine","false","NumericSingle"
"e017430c-302b-4a40-aed3-864e256d32ba","ICALCIUM","iCalcium","","Clinical Biochemistry","Biochemistry & Clinical Chemistry","InHouse","","0","","","","","","false","0","2026-08-29T08:52:41+05:45","2026-08-29T08:52:41+05:45","false","false","","Individual","Draft","33e32ee7-a3d3-433f-a0b8-ed25da80db2c","","TM256 identity only; clinical configuration, price and activation require separate approval.","1","","","","","false","false","Requires Clinical Validation","true","false","PricePending","[]","false","false","false","Routine","false","NumericSingle"
"30c0a6db-d9f3-401d-9c6f-68e79a9b827b","IGA_URINE","IgA (Urine)","","Clinical Pathology","Clinical Pathology","InHouse","","0","","","","","","false","0","2026-08-29T08:52:41+05:45","2026-08-29T08:52:41+05:45","false","false","","Individual","Draft","cc8f47da-255c-4710-b970-26534098fd0c","","TM256 identity only; clinical configuration, price and activation require separate approval.","1","","","","","false","false","Requires Clinical Validation","true","false","PricePending","[]","false","false","false","Routine","false","NumericSingle"
"1da5d99c-da79-4957-93eb-f29aa94b1b41","IHC","Immunohistochemistry (IHC)","IHC","Histopathology","Outsourced Histopathology","NoReporting","External Reference Lab","0","Paraffin Block / Biopsy","Slide / Block","Immunoperoxidase Staining","120","Outsourced Immunohistochemistry panel reported by referral laboratory.","true","999","2026-08-19T18:11:51+05:45","2026-08-19T18:23:12+05:45","true","true","","Individual","Active","7e7ccda2-6f64-4d21-9e47-22537fca5c62","","","1","","","","","false","false","Configured","true","false","Manual","[]","true","false","true","Outsource","false","NarrativeDocument"
"60eba1f4-51b1-4324-8e3e-7b8283d3feaa","INDIRECT_COOMB_S_TEST","Indirect Coomb's Test","","Clinical Biochemistry","Biochemistry & Clinical Chemistry","InHouse","","0","","","","","","false","0","2026-08-29T08:52:41+05:45","2026-08-29T08:52:41+05:45","false","false","","Individual","Draft","33e32ee7-a3d3-433f-a0b8-ed25da80db2c","","TM256 identity only; clinical configuration, price and activation require separate approval.","1","","","","","false","false","Requires Clinical Validation","true","false","PricePending","[]","false","false","false","Routine","false","NumericSingle"
"5cc8901e-d912-48cd-9cf4-4ec39a596474","INSULIN_RANDOM","Insulin Random","","Endocrinology / Hormone","Hormones & Endocrinology","InHouse","","0","","","","","","false","0","2026-08-29T08:52:41+05:45","2026-08-29T08:52:41+05:45","false","false","","Individual","Draft","9e7ad776-49d7-4ba8-ad4a-3919f1933ec7","","TM256 identity only; clinical configuration, price and activation require separate approval.","1","","","","","false","false","Requires Clinical Validation","true","false","PricePending","[]","false","false","false","Routine","false","NumericSingle"
"c01fbd30-d3e2-4367-b8fa-ba39ce0e493f","IRON_PROFILE","Iron Profile","Iron Profile","Clinical Biochemistry","Biochemistry & Clinical Chemistry","InHouse","","0","","","","","","false","0","2026-08-29T08:52:41+05:45","2026-08-29T08:52:41+05:45","false","false","","Profile","Draft","33e32ee7-a3d3-433f-a0b8-ed25da80db2c","","TM256 structural profile; composition and clinical configuration require approval.","1","","","","","false","false","Requires Clinical Validation","true","false","PricePending","[]","false","false","false","Routine","false","Profile"
"151dda7d-e251-47cc-a2e1-5627431b69fb","KFT","Kidney Function Test (KFT / RFT Profile)","KFT","Clinical Biochemistry","Renal Function","InHouse","","0","Serum","Yellow Top (SST)","","3","","true","240","2026-08-19T08:29:33+05:45","2026-08-19T08:29:33+05:45","false","false","","Profile","Active","33e32ee7-a3d3-433f-a0b8-ed25da80db2c","","","1","","","","","false","false","Configured","true","false","PricePending","[""rft"",""kidney function profile"",""renal function test""]","true","false","true","Routine","false","Profile"
"55599942-3b72-4d7e-9495-e9a4f1bce0cf","LDH","Lactate Dehydrogenase (LDH)","","Biochemistry & Clinical Chemistry","Biochemistry & Clinical Chemistry","NoReporting","","0","","","","","","false","0","2026-08-26T21:05:55+05:45","2026-08-26T21:05:55+05:45","false","false","","Individual","Draft","33e32ee7-a3d3-433f-a0b8-ed25da80db2c","","Method-dependent parameter, unit, specimen, range, tier and price require Bimal approval.","1","","","","","false","false","Requires Clinical Validation","true","false","Fixed","[""serum ldh""]","false","false","false","NoClinicalReport","false","NarrativeDocument"
"0e42b735-9e6a-49e4-8d57-33c28029ceac","LDL_CHOL","LDL Cholesterol","","Biochemistry & Clinical Chemistry","Biochemistry & Clinical Chemistry","NoReporting","","0","","","","","","false","0","2026-08-26T21:05:55+05:45","2026-08-26T21:05:55+05:45","false","false","","Individual","Draft","33e32ee7-a3d3-433f-a0b8-ed25da80db2c","","Reviewed reference-catalogue identity; clinical configuration required.","1","","","","","false","false","Requires Clinical Validation","true","false","Fixed","[""ldl cholesterol""]","false","false","false","NoClinicalReport","false","NarrativeDocument"
"f23a4048-cfd3-4bca-911b-c0a659e667fd","KALA_AZAR","LEISHMANIA rK-39 ANTIBODY, SERUM","KALA AZAR","Serology & Immunology","Serology & Immunology","InHouse","","0","","","","","","false","0","2026-08-29T08:52:41+05:45","2026-08-29T08:52:41+05:45","false","false","","Individual","Draft","5c47a8e4-7519-44cb-b0b9-35a1f89f8971","","TM256 identity only; clinical configuration, price and activation require separate approval.","1","","","","","false","false","Requires Clinical Validation","true","false","PricePending","[""kala azar""]","false","false","false","Routine","false","Qualitative"
"f4cd909b-68fa-4630-b68a-34e01ca8702b","LEUKEMIA_DLC","Leukemia Differential Assessment","Leukemia DLC","Hematology","Hematology","InHouse","","0","","","","","","false","0","2026-08-29T08:52:41+05:45","2026-08-29T08:52:41+05:45","false","false","","Individual","Draft","50a22a24-84f3-4ec4-aa5c-65c52f9b1c29","","TM256 identity only; clinical configuration, price and activation require separate approval.","1","","","","","false","false","Requires Clinical Validation","true","false","PricePending","[""dlc leukemia""]","false","false","false","Routine","false","MixedTyped"
"b1c11cf7-a18d-46f6-a000-74303edffcf1","LIPASE","Lipase","","Biochemistry & Clinical Chemistry","Biochemistry & Clinical Chemistry","NoReporting","","0","","","","","","false","0","2026-08-26T21:05:55+05:45","2026-08-26T21:05:55+05:45","false","false","","Individual","Draft","33e32ee7-a3d3-433f-a0b8-ed25da80db2c","","Multi-specimen workflow requires review.","1","","","","","false","false","Requires Clinical Validation","true","false","Fixed","[]","false","false","false","NoClinicalReport","false","NarrativeDocument"
"aaf1a85c-0355-4963-9fc3-8847883d8aef","LIPID_PROFILE","Lipid Profile","Lipid","Clinical Biochemistry","Lipid Metabolism","InHouse","","100000","Serum (Fasting)","Yellow Top (SST)","","4","","true","250","2026-08-19T08:29:33+05:45","2026-08-19T08:29:33+05:45","false","false","","Profile","Active","33e32ee7-a3d3-433f-a0b8-ed25da80db2c","","","1","","","","","true","false","Configured","true","true","Fixed","[""lipid panel"",""lipid"",""lp""]","true","false","true","Routine","false","Profile"
"10000000-0000-0000-0000-000000000004","LIPID","Lipid Profile","","Clinical Biochemistry","Biochemistry Profiles","InHouse","","75000","Serum","Yellow Top (SST)","","24","","true","4","2026-08-19T07:08:19+05:45","2026-08-19T07:08:19+05:45","false","false","","Individual","Active","33e32ee7-a3d3-433f-a0b8-ed25da80db2c","","TM256 convergence: structurally incomplete legacy identity held non-operational pending canonical resolution.","1","","","","","true","false","Requires Clinical Validation","true","true","Fixed","[]","false","false","true","Routine","false","NumericSingle"
"10000000-0000-0000-0000-000000000002","LFT","Liver Function Test (LFT)","","Clinical Biochemistry","Biochemistry Profiles","InHouse","","90000","Serum","Yellow Top (SST)","","","","true","2","2026-08-19T07:08:19+05:45","2026-08-19T07:08:19+05:45","false","false","","Profile","Active","33e32ee7-a3d3-433f-a0b8-ed25da80db2c","","","1","","","","","true","false","Configured","true","false","Fixed","[]","true","false","true","Routine","false","Profile"
"c80e506d-2126-4a03-92cc-50e7fe94c6e0","LUPUS_ANTICOAGULANT_DRVVT","Lupus Anticoagulant (DRVVT)","","Hematology","Hematology","InHouse","","0","","","","","","false","0","2026-08-29T08:52:41+05:45","2026-08-29T08:52:41+05:45","false","false","","Individual","Draft","50a22a24-84f3-4ec4-aa5c-65c52f9b1c29","","TM256 identity only; clinical configuration, price and activation require separate approval.","1","","","","","false","false","Requires Clinical Validation","true","false","PricePending","[]","false","false","false","Routine","false","NumericMultiParameter"
"54956661-feec-4588-a27e-5b6f42fb3457","LH","Luteinising Hormone, LH","LH","Endocrinology / Hormone","Hormones & Endocrinology","InHouse","","0","","","","","","false","0","2026-08-29T08:52:41+05:45","2026-08-29T08:52:41+05:45","false","false","","Individual","Draft","9e7ad776-49d7-4ba8-ad4a-3919f1933ec7","","TM256 identity only; clinical configuration, price and activation require separate approval.","1","","","","","false","false","Requires Clinical Validation","true","false","PricePending","[""lh""]","false","false","false","Routine","false","NumericSingle"
"a8d120c6-17cc-4e78-976f-9434ddf0e723","MALARIA_ANTIGEN","Malaria Antigen","","Serology & Immunology","Serology & Immunology","InHouse","","0","","","","","","false","0","2026-08-29T08:52:41+05:45","2026-08-29T08:52:41+05:45","false","false","","Individual","Draft","5c47a8e4-7519-44cb-b0b9-35a1f89f8971","","TM256 identity only; clinical configuration, price and activation require separate approval.","1","","","","","false","false","Requires Clinical Validation","true","false","PricePending","[]","false","false","false","Routine","false","NumericMultiParameter"
"49cd557f-b361-4216-84c7-774f7c44aca6","MP_CARD_TEST","Malaria Parasite (Card Test)","MP (Card Test)","Serology & Immunology","Serology & Immunology","InHouse","","0","","","","","","false","0","2026-08-29T08:52:41+05:45","2026-08-29T08:52:41+05:45","false","false","","Individual","Draft","5c47a8e4-7519-44cb-b0b9-35a1f89f8971","","TM256 identity only; clinical configuration, price and activation require separate approval.","1","","","","","false","false","Requires Clinical Validation","true","false","PricePending","[""mp (card test)""]","false","false","false","Routine","false","NumericMultiParameter"
"c005a813-633c-48ba-b7b8-b14626b22be6","MP_MICROSCOPIC","Malaria Parasite (Microscopic)","MP (Microscopic)","Serology & Immunology","Serology & Immunology","InHouse","","0","","","","","","false","0","2026-08-29T08:52:41+05:45","2026-08-29T08:52:41+05:45","false","false","","Individual","Draft","5c47a8e4-7519-44cb-b0b9-35a1f89f8971","","TM256 identity only; clinical configuration, price and activation require separate approval.","1","","","","","false","false","Requires Clinical Validation","true","false","PricePending","[""mp (microscopic)""]","false","false","false","Routine","false","Qualitative"
"d8bcfe8f-d14d-4772-846d-fce230d52670","MANTOUX_TEST","Mantoux test","","Miscellaneous","General Tests","NoReporting","","0","","","","","","false","0","2026-08-29T08:52:41+05:45","2026-08-29T08:52:41+05:45","false","false","","Individual","Draft","00814b49-6fa6-4722-97c0-7d79ef7ac138","","TM256 identity only; clinical configuration, price and activation require separate approval.","1","","","","","false","false","Requires Clinical Validation","true","false","PricePending","[]","false","false","false","NoClinicalReport","false","StructuredNested"
"12dcb3b3-01e1-4483-bdaa-4404c44ec05c","MPV","Mean Platelet Volume, MPV","MPV","Hematology","Hematology","InHouse","","0","","","","","","false","0","2026-08-29T08:52:41+05:45","2026-08-29T08:52:41+05:45","false","false","","Individual","Draft","50a22a24-84f3-4ec4-aa5c-65c52f9b1c29","","TM256 identity only; clinical configuration, price and activation require separate approval.","1","","","","","false","false","Requires Clinical Validation","true","false","PricePending","[""mpv""]","false","false","false","Routine","false","NumericSingle"
"1efab896-28b7-4596-86ce-4923351ccf78","MICROALBUMIN_CREATININE_RATIO_URINE_RANDOM","Microalbumin Creatinine Ratio, Urine Random","","Clinical Pathology","Clinical Pathology","InHouse","","0","","","","","","false","0","2026-08-29T08:52:41+05:45","2026-08-29T08:52:41+05:45","false","false","","Individual","Draft","cc8f47da-255c-4710-b970-26534098fd0c","","TM256 identity only; clinical configuration, price and activation require separate approval.","1","","","","","false","false","Requires Clinical Validation","true","false","PricePending","[]","false","false","false","Routine","false","NumericMultiParameter"
"635d33cb-e137-4aa6-92c7-1c7af73404d2","MICROALBUMIN_URINE_24_HOURS","Microalbumin, Urine 24 hours","","Clinical Pathology","Clinical Pathology","InHouse","","0","","","","","","false","0","2026-08-29T08:52:41+05:45","2026-08-29T08:52:41+05:45","false","false","","Individual","Draft","cc8f47da-255c-4710-b970-26534098fd0c","","TM256 identity only; clinical configuration, price and activation require separate approval.","1","","","","","false","false","Requires Clinical Validation","true","false","PricePending","[]","false","false","false","Routine","false","NumericMultiParameter"
"126b7e2d-c44d-439d-ba6a-ac923ceeadf4","MYOGLOBIN","Myoglobin","","Clinical Biochemistry / Immunoassay","Biochemistry & Clinical Chemistry","InHouse","","0","","","","","","false","0","2026-08-29T08:52:41+05:45","2026-08-29T08:52:41+05:45","false","false","","Individual","Draft","33e32ee7-a3d3-433f-a0b8-ed25da80db2c","","TM256 identity only; clinical configuration, price and activation require separate approval.","1","","","","","false","false","Requires Clinical Validation","true","false","PricePending","[]","false","false","false","Routine","false","NumericSingle"
"74188cd6-4114-4641-b4fe-6d1175ffc4a4","NLR","Neutrophil Lymphocyte Ratio","NLR","Hematology","Hematology","InHouse","","0","","","","","","false","0","2026-08-29T08:52:41+05:45","2026-08-29T08:52:41+05:45","false","false","","Individual","Draft","50a22a24-84f3-4ec4-aa5c-65c52f9b1c29","","TM256 identity only; clinical configuration, price and activation require separate approval.","1","","","","","false","false","Requires Clinical Validation","true","false","PricePending","[""nlr""]","false","false","false","Routine","false","NumericSingle"
"c0fcbd1b-e7ca-468e-ba38-e41bd7d548d0","NT_PROBNP","NT- ProBNP (N-TERMINAL PRO B TYPE NATRIURETIC PEPTIDE)","NT- ProBNP","Clinical Biochemistry","Biochemistry & Clinical Chemistry","InHouse","","0","","","","","","false","0","2026-08-29T08:52:41+05:45","2026-08-29T08:52:41+05:45","false","false","","Individual","Draft","33e32ee7-a3d3-433f-a0b8-ed25da80db2c","","TM256 identity only; clinical configuration, price and activation require separate approval.","1","","","","","false","false","Requires Clinical Validation","true","false","PricePending","[""nt- probnp""]","false","false","false","Routine","false","NumericSingle"
"5389d000-d574-4968-acb2-9f9c54d639ac","OCCULT_BLOOD_STOOL","Occult Blood, Stool","","Clinical Pathology","Clinical Pathology","InHouse","","0","","","","","","false","0","2026-08-29T08:52:41+05:45","2026-08-29T08:52:41+05:45","false","false","","Individual","Draft","cc8f47da-255c-4710-b970-26534098fd0c","","TM256 identity only; clinical configuration, price and activation require separate approval.","1","","","","","false","false","Requires Clinical Validation","true","false","PricePending","[]","false","false","false","Routine","false","Qualitative"
"7afcf496-2ac3-4e47-9dba-df8a79d24074","OGCT","Oral Glucose Challenge Test","OGCT","Clinical Biochemistry","Biochemistry & Clinical Chemistry","InHouse","","0","","","","","","false","0","2026-08-29T08:52:41+05:45","2026-08-29T08:52:41+05:45","false","false","","Individual","Draft","33e32ee7-a3d3-433f-a0b8-ed25da80db2c","","TM256 identity only; clinical configuration, price and activation require separate approval.","1","","","","","false","false","Requires Clinical Validation","true","false","PricePending","[""ogct""]","false","false","false","Routine","false","NumericSingle"
"84803afc-731b-4a3a-98e8-a43580ad2f8b","P_LCR","P-LCR","","Hematology","Hematology","InHouse","","0","","","","","","false","0","2026-08-29T08:52:41+05:45","2026-08-29T08:52:41+05:45","false","false","","Individual","Draft","50a22a24-84f3-4ec4-aa5c-65c52f9b1c29","","TM256 identity only; clinical configuration, price and activation require separate approval.","1","","","","","false","false","Requires Clinical Validation","true","false","PricePending","[]","false","false","false","Routine","false","NumericSingle"
"1bd0043a-0790-4ade-a037-18bb8f6dc33b","P_D_W","P.D.W.","","Hematology","Hematology","InHouse","","0","","","","","","false","0","2026-08-29T08:52:41+05:45","2026-08-29T08:52:41+05:45","false","false","","Individual","Draft","50a22a24-84f3-4ec4-aa5c-65c52f9b1c29","","TM256 identity only; clinical configuration, price and activation require separate approval.","1","","","","","false","false","Requires Clinical Validation","true","false","PricePending","[]","false","false","false","Routine","false","NumericSingle"
"2db1537d-2210-4f8a-9286-88a8a305f7e3","PCV","Packed Cell Volume (PCV / Hematocrit)","PCV","Hematology","Routine Hematology","InHouse","","20000","Whole Blood","EDTA / Lavender Top","","2","","true","70","2026-08-19T08:29:33+05:45","2026-08-19T08:29:33+05:45","false","false","","Individual","Active","50a22a24-84f3-4ec4-aa5c-65c52f9b1c29","","","1","","","","","true","false","Configured","true","false","Fixed","[""hct"",""hematocrit"",""packed cell volume"",""hematocrit value, hct""]","true","false","true","Routine","false","NumericSingle"
"dfa1fa0d-ee40-444d-a93f-1a9448a6a19d","PAP_SMEAR","PAP Smear cytology case","","Cytology","Cytology","NoReporting","","0","","","","","","false","0","2026-08-29T08:52:41+05:45","2026-08-29T08:52:41+05:45","false","false","","Individual","Draft","662f74e6-a41f-42fc-b23b-7dca003d5826","","TM256 identity only; clinical configuration, price and activation require separate approval.","1","","","","","false","false","Requires Clinical Validation","false","false","PricePending","[]","false","false","false","Cytology","false","CytologyWorkflow"
"aad11679-1466-4ecf-9965-560a2f2ee122","PARATHYROID_HORMONE_PTH","Parathyroid Hormone (PTH)","","Endocrinology / Hormone","Hormones & Endocrinology","InHouse","","0","","","","","","false","0","2026-08-29T08:52:41+05:45","2026-08-29T08:52:41+05:45","false","false","","Individual","Draft","9e7ad776-49d7-4ba8-ad4a-3919f1933ec7","","TM256 identity only; clinical configuration, price and activation require separate approval.","1","","","","","false","false","Requires Clinical Validation","true","false","PricePending","[]","false","false","false","Routine","false","NumericSingle"
"40185413-6bdb-4f79-8d01-9cfc69b901fc","PBS","Peripheral Blood Smear Examination (PBS)","PBS","Hematology","Morphology","InHouse","","80000","Whole Blood","EDTA / Lavender Top","","6","","true","90","2026-08-19T08:29:33+05:45","2026-08-19T08:29:33+05:45","false","false","","Individual","Active","50a22a24-84f3-4ec4-aa5c-65c52f9b1c29","","","1","","","","","true","false","Configured","true","false","Fixed","[""pbs / gbp"",""peripheral blood smear""]","true","true","true","Routine","false","NumericMultiParameter"
"bf68aa2d-bc3a-4bbd-b861-39385594491f","PLT","Platelet Count","Platelets","Hematology","Routine Hematology","InHouse","","20000","Whole Blood","EDTA / Lavender Top","","2","","true","50","2026-08-19T08:29:33+05:45","2026-08-19T08:29:33+05:45","false","false","","Individual","Active","50a22a24-84f3-4ec4-aa5c-65c52f9b1c29","","","1","","","","","true","false","Configured","true","false","Fixed","[""platelet count"",""platelet""]","true","false","true","Routine","false","NumericSingle"
"da6e5ee8-f019-42d8-9f29-046297bd9194","PLATELET_INDICES","Platelet Indices","Platelet Indices","Hematology","Hematology","InHouse","","0","","","","","","false","0","2026-08-29T08:52:41+05:45","2026-08-29T08:52:41+05:45","false","false","","Profile","Draft","50a22a24-84f3-4ec4-aa5c-65c52f9b1c29","","TM256 identity only; clinical configuration, price and activation require separate approval.","1","","","","","false","false","Requires Clinical Validation","true","false","PricePending","[]","false","false","false","Routine","false","Profile"
"188f4cb6-81fc-4919-b435-a1f884d68f40","PPBS","Post Prandial Blood Sugar (PPBS)","PPBS","Clinical Biochemistry","Glucose & Diabetes","InHouse","","5000","Fluoride Plasma / Serum","Grey Top / Yellow Top","","2","","true","110","2026-08-19T08:29:33+05:45","2026-08-19T08:29:33+05:45","false","false","","Individual","Active","33e32ee7-a3d3-433f-a0b8-ed25da80db2c","","","1","","","","","true","false","Configured","true","false","Fixed","[""blood sugar pp""]","true","false","true","Routine","false","NumericSingle"
"3c325649-a48a-43bb-bf68-23d4b73af1bd","PROCALCITONIN","Procalcitonin","PCT","Endocrinology / Hormone","Hormones & Endocrinology","InHouse","","0","","","","","","false","0","2026-08-29T08:52:41+05:45","2026-08-29T08:52:41+05:45","false","false","","Individual","Draft","9e7ad776-49d7-4ba8-ad4a-3919f1933ec7","","TM256 identity only; clinical configuration, price and activation require separate approval.","1","","","","","false","false","Requires Clinical Validation","true","false","PricePending","[""serum procalcitonin"",""pct""]","false","false","false","Routine","false","NumericSingle"
"4412d248-b92e-4eac-a96b-90d8d0f584f8","PROGESTERONE","Progesterone","","Endocrinology / Hormone","Hormones & Endocrinology","InHouse","","0","","","","","","false","0","2026-08-29T08:52:41+05:45","2026-08-29T08:52:41+05:45","false","false","","Individual","Draft","9e7ad776-49d7-4ba8-ad4a-3919f1933ec7","","TM256 identity only; clinical configuration, price and activation require separate approval.","1","","","","","false","false","Requires Clinical Validation","true","false","PricePending","[]","false","false","false","Routine","false","NumericSingle"
"b5aec3f7-5bcd-416f-bf6c-83d99c2a956f","PRL","Prolactin","PRL","Endocrinology / Hormone","Hormones & Endocrinology","InHouse","","0","","","","","","false","0","2026-08-29T08:52:41+05:45","2026-08-29T08:52:41+05:45","false","false","","Individual","Draft","9e7ad776-49d7-4ba8-ad4a-3919f1933ec7","","TM256 identity only; clinical configuration, price and activation require separate approval.","1","","","","","false","false","Requires Clinical Validation","true","false","PricePending","[""prl""]","false","false","false","Routine","false","NumericSingle"
"af1fc1e9-8fce-4c0e-bfa8-3b6c470a46d8","PSA","Prostate Specific Antigen (PSA, Total)","PSA","Serology & Immunology","Tumor Markers","InHouse","","150000","Serum","Yellow Top (SST)","","6","","true","510","2026-08-19T08:29:33+05:45","2026-08-19T08:29:33+05:45","false","false","","Individual","Active","5c47a8e4-7519-44cb-b0b9-35a1f89f8971","","","1","","","","","true","false","Configured","true","false","Fixed","[""total psa""]","true","false","true","Routine","false","NumericSingle"
"898d22de-4361-482f-afc5-662f8c6fb356","PT_INR","Prothrombin Time / International Normalized Ratio (PT / INR)","","Hematology","Hematology","NoReporting","","0","","","","","","false","0","2026-08-26T21:05:55+05:45","2026-08-26T21:05:55+05:45","false","false","","Profile","Draft","50a22a24-84f3-4ec4-aa5c-65c52f9b1c29","","Patient PT, Control PT, ISI and server-authoritative INR calculation remain unconfigured.","1","","","","","false","false","Requires Clinical Validation","true","false","Fixed","[""prothrombin time, pt/inr"",""pt/inr""]","false","false","false","NoClinicalReport","false","Profile"
"3d033f4e-57b4-4c86-b729-7dbfeaf1b031","PUS_CULTURE_AND_SENSITIVITY","Pus Culture & Sensitivity microbiology case","","Microbiology","Microbiology & Culture","NoReporting","","0","","","","","","false","0","2026-08-29T08:52:41+05:45","2026-08-29T08:52:41+05:45","false","false","","Individual","Draft","1f3a7368-f9be-47b6-8295-b5788e968e1c","","TM256 identity only; clinical configuration, price and activation require separate approval.","1","","","","","false","false","Requires Clinical Validation","false","false","PricePending","[]","false","false","false","MicrobiologyCulture","false","MicrobiologyWorkflow"
"2e91533f-f7ea-4363-bfde-3c12c23817f3","R_D_W_CV","R.D.W. - CV","","Hematology","Hematology","InHouse","","0","","","","","","false","0","2026-08-29T08:52:41+05:45","2026-08-29T08:52:41+05:45","false","false","","Individual","Draft","50a22a24-84f3-4ec4-aa5c-65c52f9b1c29","","TM256 identity only; clinical configuration, price and activation require separate approval.","1","","","","","false","false","Requires Clinical Validation","true","false","PricePending","[]","false","false","false","Routine","false","NumericSingle"
"c913725d-32d9-4f84-a4ce-68680104ba06","R_D_W_SD","R.D.W. - SD","","Hematology","Hematology","InHouse","","0","","","","","","false","0","2026-08-29T08:52:41+05:45","2026-08-29T08:52:41+05:45","false","false","","Individual","Draft","50a22a24-84f3-4ec4-aa5c-65c52f9b1c29","","TM256 identity only; clinical configuration, price and activation require separate approval.","1","","","","","false","false","Requires Clinical Validation","true","false","PricePending","[]","false","false","false","Routine","false","NumericSingle"
"7dbd8378-c1b8-401f-9bd9-476e0eae3720","RBS","Random Blood Sugar (RBS)","RBS","Clinical Biochemistry","Glucose & Diabetes","InHouse","","10000","Fluoride Plasma / Serum","Grey Top / Yellow Top","","1","","true","120","2026-08-19T08:29:33+05:45","2026-08-19T08:29:33+05:45","false","false","","Individual","Active","33e32ee7-a3d3-433f-a0b8-ed25da80db2c","","","1","","","","","true","false","Configured","true","false","Fixed","[""random blood sugar""]","true","false","true","Routine","false","NumericSingle"
"8c748b30-52cb-4311-8da2-d9ac4c68e823","RBC_COUNT","Red Blood Cell Count (RBC Count)","RBC","Hematology","Routine Hematology","InHouse","","20000","Whole Blood","EDTA / Lavender Top","","2","","true","80","2026-08-19T08:29:33+05:45","2026-08-19T08:29:33+05:45","false","false","","Individual","Active","50a22a24-84f3-4ec4-aa5c-65c52f9b1c29","","","1","","","","","true","false","Configured","true","false","Fixed","[""red blood cell count"",""rbc"",""total rbc count""]","true","false","true","Routine","false","NumericSingle"
"5ebca2ed-ced0-4538-abaf-df0cb8e826f4","RBC_INDICES","Red Blood Cell Indices","RBC Indices","Hematology","Hematology","InHouse","","0","","","","","","false","0","2026-08-29T08:52:41+05:45","2026-08-29T08:52:41+05:45","false","false","","Profile","Draft","50a22a24-84f3-4ec4-aa5c-65c52f9b1c29","","TM256 identity only; clinical configuration, price and activation require separate approval.","1","","","","","false","false","Requires Clinical Validation","true","false","PricePending","[]","false","false","false","Routine","false","Profile"
"10000000-0000-0000-0000-000000000003","RFT","Renal Function Test (RFT)","","Clinical Biochemistry","Biochemistry Profiles","InHouse","","85000","Serum","Yellow Top (SST)","","24","","true","3","2026-08-19T07:08:19+05:45","2026-08-19T07:08:19+05:45","false","false","","Individual","Active","33e32ee7-a3d3-433f-a0b8-ed25da80db2c","","TM256 convergence: structurally incomplete legacy identity held non-operational pending canonical resolution.","1","","","","","true","false","Requires Clinical Validation","true","false","Fixed","[]","false","false","true","Routine","false","NumericSingle"
"1d68aa04-554d-4646-a804-58fdd957ec53","RETIC_COUNT","Reticulocyte Count","","Hematology","Hematology","NoReporting","","0","","","","","","false","0","2026-08-26T21:05:55+05:45","2026-08-26T21:05:55+05:45","false","false","","Individual","Draft","50a22a24-84f3-4ec4-aa5c-65c52f9b1c29","","Reviewed reference-catalogue identity; clinical configuration required.","1","","","","","false","false","Requires Clinical Validation","true","false","Fixed","[]","false","false","false","NoClinicalReport","false","NarrativeDocument"
"bca00b76-a2f7-485d-931b-faeb40be0e2c","RA_FACTOR","Rheumatoid Factor (RA Factor, Quantitative)","RA Factor","Serology & Immunology","Autoimmune","InHouse","","80000","Serum","Yellow Top (SST)","","2","","true","330","2026-08-19T08:29:33+05:45","2026-08-19T08:29:33+05:45","false","false","","Individual","Active","5c47a8e4-7519-44cb-b0b9-35a1f89f8971","","","1","","","","","true","false","Configured","true","false","Fixed","[]","true","false","true","Routine","false","NumericSingle"
"5f5f6b45-e7bd-481f-b37c-77ce4d1c765d","RA_QUALITATIVE","Rheumatoid Factor, RA (Qualitative)","RA (Qualitative)","Serology & Immunology","Serology & Immunology","InHouse","","0","","","","","","false","0","2026-08-29T08:52:41+05:45","2026-08-29T08:52:41+05:45","false","false","","Individual","Draft","5c47a8e4-7519-44cb-b0b9-35a1f89f8971","","TM256 identity only; clinical configuration, price and activation require separate approval.","1","","","","","false","false","Requires Clinical Validation","true","false","PricePending","[""ra (qualitative)""]","false","false","false","Routine","false","NumericSingle"
"94a011de-02db-40ee-9117-7e11776810e7","RA_QUANTITATIVE","Rheumatoid Factor, RA (Quantitative)","RA (Quantitative)","Serology & Immunology","Serology & Immunology","InHouse","","0","","","","","","false","0","2026-08-29T08:52:41+05:45","2026-08-29T08:52:41+05:45","false","false","","Individual","Draft","5c47a8e4-7519-44cb-b0b9-35a1f89f8971","","TM256 identity only; clinical configuration, price and activation require separate approval.","1","","","","","false","false","Requires Clinical Validation","true","false","PricePending","[""ra (quantitative)""]","false","false","false","Routine","false","NumericSingle"
"daddb131-6b50-4b97-a939-088c0756a82f","RUBELLA","Rubella","","Serology & Immunology","Serology & Immunology","InHouse","","0","","","","","","false","0","2026-08-29T08:52:41+05:45","2026-08-29T08:52:41+05:45","false","false","","Individual","Draft","5c47a8e4-7519-44cb-b0b9-35a1f89f8971","","TM256 identity only; clinical configuration, price and activation require separate approval.","1","","","","","false","false","Requires Clinical Validation","true","false","PricePending","[]","false","false","false","Routine","false","NumericMultiParameter"
"1b9d44dd-fec9-451b-af4d-606e933263a0","RUBELLA_IGG","Rubella IgG","","Clinical Biochemistry","Biochemistry & Clinical Chemistry","InHouse","","0","","","","","","false","0","2026-08-29T08:52:41+05:45","2026-08-29T08:52:41+05:45","false","false","","Individual","Draft","33e32ee7-a3d3-433f-a0b8-ed25da80db2c","","TM256 identity only; clinical configuration, price and activation require separate approval.","1","","","","","false","false","Requires Clinical Validation","true","false","PricePending","[]","false","false","false","Routine","false","NumericSingle"
"bc37f03f-b0b4-4818-b9e2-b315b9c85d2a","RUBELLA_IGM","Rubella IgM","","Clinical Biochemistry","Biochemistry & Clinical Chemistry","InHouse","","0","","","","","","false","0","2026-08-29T08:52:41+05:45","2026-08-29T08:52:41+05:45","false","false","","Individual","Draft","33e32ee7-a3d3-433f-a0b8-ed25da80db2c","","TM256 identity only; clinical configuration, price and activation require separate approval.","1","","","","","false","false","Requires Clinical Validation","true","false","PricePending","[]","false","false","false","Routine","false","NumericSingle"
"74066b99-958a-4868-9398-14c407e4995f","SCRUB_TYPHUS","Scrub Typhus","","Serology & Immunology","Serology & Immunology","InHouse","","0","","","","","","false","0","2026-08-29T08:52:41+05:45","2026-08-29T08:52:41+05:45","false","false","","Individual","Draft","5c47a8e4-7519-44cb-b0b9-35a1f89f8971","","TM256 identity only; clinical configuration, price and activation require separate approval.","1","","","","","false","false","Requires Clinical Validation","true","false","PricePending","[]","false","false","false","Routine","false","NumericMultiParameter"
"724030ff-46e8-4c2b-a13b-771afa748715","SEMEN_EXAMINATION","Semen Analysis structured service","","Clinical Pathology","Clinical Pathology","NoReporting","","0","","","","","","false","0","2026-08-29T08:52:41+05:45","2026-08-29T08:52:41+05:45","false","false","","Individual","Draft","cc8f47da-255c-4710-b970-26534098fd0c","","TM256 identity only; clinical configuration, price and activation require separate approval.","1","","","","","false","false","Requires Clinical Validation","false","false","PricePending","[]","false","false","false","NoClinicalReport","false","StructuredNested"
"c86ede97-7c31-4db1-9849-35f7d45e7bbb","CALCIUM","Serum Calcium (Total)","Calcium","Clinical Biochemistry","Minerals & Electrolytes","InHouse","","45000","Serum","Yellow Top (SST)","","2","","true","200","2026-08-19T08:29:33+05:45","2026-08-19T08:29:33+05:45","false","false","","Individual","Active","33e32ee7-a3d3-433f-a0b8-ed25da80db2c","","","1","","","","","true","false","Configured","true","false","Fixed","[""total calcium""]","true","false","true","Routine","false","NumericSingle"
"b37ddd84-d048-41cf-af57-89904ea7d030","CHLORIDE","Serum Chloride (Cl-)","Chloride","Clinical Biochemistry","Electrolytes","InHouse","","0","Serum","Yellow Top (SST)","","2","","true","190","2026-08-19T08:29:33+05:45","2026-08-19T08:29:33+05:45","false","false","","Individual","Active","33e32ee7-a3d3-433f-a0b8-ed25da80db2c","","","1","","","","","false","false","Configured","true","false","PricePending","[""serum chloride""]","true","false","true","Routine","false","NumericSingle"
"32f4606b-b969-4a61-86d6-8728600fbda1","SERUM_CHOLINESTERASE","Serum Cholinesterase","","Clinical Biochemistry","Biochemistry & Clinical Chemistry","InHouse","","0","","","","","","false","0","2026-08-29T08:52:41+05:45","2026-08-29T08:52:41+05:45","false","false","","Individual","Draft","33e32ee7-a3d3-433f-a0b8-ed25da80db2c","","TM256 identity only; clinical configuration, price and activation require separate approval.","1","","","","","false","false","Requires Clinical Validation","true","false","PricePending","[]","false","false","false","Routine","false","NumericSingle"
"4fd8916e-1013-4e58-b954-f34b67784e89","CORTISOL_SERUM","Serum Cortisol","Cortisol","Endocrinology / Hormone","Hormones & Endocrinology","InHouse","","0","","","","","","false","0","2026-08-29T08:52:41+05:45","2026-08-29T08:52:41+05:45","false","false","","Individual","Draft","9e7ad776-49d7-4ba8-ad4a-3919f1933ec7","","TM256 identity only; clinical configuration, price and activation require separate approval.","1","","","","","false","false","Requires Clinical Validation","true","false","PricePending","[]","false","false","false","Routine","false","NumericSingle"
"2e6ca035-ba04-4f17-90fa-6c184d80a725","CREATININE","Serum Creatinine","Creatinine","Clinical Biochemistry","Renal Function","InHouse","","35000","Serum","Yellow Top (SST)","","2","","true","150","2026-08-19T08:29:33+05:45","2026-08-19T08:29:33+05:45","false","false","","Individual","Active","33e32ee7-a3d3-433f-a0b8-ed25da80db2c","","","1","","","","","true","false","Configured","true","false","Fixed","[]","true","false","true","Routine","false","NumericSingle"
"fd236eef-0dda-42c6-b5e8-75a9e7a9511f","FERRITIN","Serum Ferritin","Ferritin","Clinical Biochemistry","Iron Studies","InHouse","","130000","Serum","Yellow Top (SST)","","4","","true","480","2026-08-19T08:29:33+05:45","2026-08-19T08:29:33+05:45","false","false","","Individual","Active","33e32ee7-a3d3-433f-a0b8-ed25da80db2c","","","1","","","","","true","false","Configured","true","false","Fixed","[]","true","false","true","Routine","false","NumericSingle"
"41babdc3-d607-4983-84fd-cb7c65f218ee","SERUM_IGA","Serum IgA","","Clinical Biochemistry","Biochemistry & Clinical Chemistry","InHouse","","0","","","","","","false","0","2026-08-29T08:52:41+05:45","2026-08-29T08:52:41+05:45","false","false","","Individual","Draft","33e32ee7-a3d3-433f-a0b8-ed25da80db2c","","TM256 identity only; clinical configuration, price and activation require separate approval.","1","","","","","false","false","Requires Clinical Validation","true","false","PricePending","[]","false","false","false","Routine","false","NumericSingle"
"d840aad9-7bbd-41e4-ad4a-a652a9cbd51e","SERUM_IGE","Serum IgE","","Clinical Biochemistry","Biochemistry & Clinical Chemistry","InHouse","","0","","","","","","false","0","2026-08-29T08:52:41+05:45","2026-08-29T08:52:41+05:45","false","false","","Individual","Draft","33e32ee7-a3d3-433f-a0b8-ed25da80db2c","","TM256 identity only; clinical configuration, price and activation require separate approval.","1","","","","","false","false","Requires Clinical Validation","true","false","PricePending","[]","false","false","false","Routine","false","NumericSingle"
"cb15b880-206a-4a40-9128-edb76b7a65e1","SERUM_IGG","Serum IgG","","Clinical Biochemistry","Biochemistry & Clinical Chemistry","InHouse","","0","","","","","","false","0","2026-08-29T08:52:41+05:45","2026-08-29T08:52:41+05:45","false","false","","Individual","Draft","33e32ee7-a3d3-433f-a0b8-ed25da80db2c","","TM256 identity only; clinical configuration, price and activation require separate approval.","1","","","","","false","false","Requires Clinical Validation","true","false","PricePending","[]","false","false","false","Routine","false","NumericSingle"
"a4eb54f8-922e-4425-9811-e774d34d722a","SERUM_IGM","Serum IgM","","Clinical Biochemistry","Biochemistry & Clinical Chemistry","InHouse","","0","","","","","","false","0","2026-08-29T08:52:41+05:45","2026-08-29T08:52:41+05:45","false","false","","Individual","Draft","33e32ee7-a3d3-433f-a0b8-ed25da80db2c","","TM256 identity only; clinical configuration, price and activation require separate approval.","1","","","","","false","false","Requires Clinical Validation","true","false","PricePending","[]","false","false","false","Routine","false","NumericSingle"
"a0d3f3a3-932c-4abc-b552-23556db89f93","IRON","Serum Iron","Iron","Clinical Biochemistry","Iron Studies","InHouse","","0","Serum","Yellow Top (SST)","","4","","true","490","2026-08-19T08:29:33+05:45","2026-08-19T08:29:33+05:45","false","false","","Individual","Active","33e32ee7-a3d3-433f-a0b8-ed25da80db2c","","","1","","","","","false","false","Configured","true","false","PricePending","[]","true","false","true","Routine","false","NumericSingle"
"899f2bd3-298d-4efe-8630-786d85f1cac7","MAGNESIUM","Serum Magnesium","Magnesium","Clinical Biochemistry","Minerals & Electrolytes","InHouse","","0","Serum","Yellow Top (SST)","","4","","true","220","2026-08-19T08:29:33+05:45","2026-08-19T08:29:33+05:45","false","false","","Individual","Active","33e32ee7-a3d3-433f-a0b8-ed25da80db2c","","","1","","","","","false","false","Configured","true","false","PricePending","[]","true","false","true","Routine","false","NumericSingle"
"5bdf2f41-b50f-4deb-a84b-854f409ad601","PHOSPHORUS","Serum Phosphorus (Inorganic)","Phosphorus","Clinical Biochemistry","Minerals & Electrolytes","InHouse","","0","Serum","Yellow Top (SST)","","2","","true","210","2026-08-19T08:29:33+05:45","2026-08-19T08:29:33+05:45","false","false","","Individual","Active","33e32ee7-a3d3-433f-a0b8-ed25da80db2c","","","1","","","","","false","false","Configured","true","false","PricePending","[""serum phosphorus""]","true","false","true","Routine","false","NumericSingle"
"d7c16fe4-daa5-4b88-bd1c-2a54bd7ee22f","POTASSIUM","Serum Potassium (K+)","Potassium","Clinical Biochemistry","Electrolytes","InHouse","","50000","Serum","Yellow Top (SST)","","2","","true","180","2026-08-19T08:29:33+05:45","2026-08-19T08:29:33+05:45","false","false","","Individual","Active","33e32ee7-a3d3-433f-a0b8-ed25da80db2c","","","1","","","","","true","false","Configured","true","false","Fixed","[""serum potassium""]","true","false","true","Routine","false","NumericSingle"
"601cfae2-8594-4dbd-82de-31d674705aed","SODIUM","Serum Sodium (Na+)","Sodium","Clinical Biochemistry","Electrolytes","InHouse","","50000","Serum","Yellow Top (SST)","","2","","true","170","2026-08-19T08:29:33+05:45","2026-08-19T08:29:33+05:45","false","false","","Individual","Active","33e32ee7-a3d3-433f-a0b8-ed25da80db2c","","","1","","","","","true","false","Configured","true","false","Fixed","[""serum sodium""]","true","false","true","Routine","false","NumericSingle"
"d8ce14f9-cbb4-4bea-9c83-9c5840d2ac9d","URIC_ACID","Serum Uric Acid","Uric Acid","Clinical Biochemistry","Renal Function","InHouse","","25000","Serum","Yellow Top (SST)","","2","","true","160","2026-08-19T08:29:33+05:45","2026-08-19T08:29:33+05:45","false","false","","Individual","Active","33e32ee7-a3d3-433f-a0b8-ed25da80db2c","","","1","","","","","true","false","Configured","true","false","Fixed","[""uric acid""]","true","false","true","Routine","false","NumericSingle"
"58ef118a-0a2a-4630-94c9-5bca75108322","SERUM_ZINC","Serum Zinc","","Clinical Biochemistry","Biochemistry & Clinical Chemistry","InHouse","","0","","","","","","false","0","2026-08-29T08:52:41+05:45","2026-08-29T08:52:41+05:45","false","false","","Individual","Draft","33e32ee7-a3d3-433f-a0b8-ed25da80db2c","","TM256 identity only; clinical configuration, price and activation require separate approval.","1","","","","","false","false","Requires Clinical Validation","true","false","PricePending","[]","false","false","false","Routine","false","NumericSingle"
"c1b39c37-b061-4a99-8947-c1fd59eccdb7","SKIN_SMEAR_FOR_AFB","Skin smear for AFB","","Microbiology","Microbiology & Culture","NoReporting","","0","","","","","","false","0","2026-08-29T08:52:41+05:45","2026-08-29T08:52:41+05:45","false","false","","Individual","Draft","1f3a7368-f9be-47b6-8295-b5788e968e1c","","TM256 identity only; clinical configuration, price and activation require separate approval.","1","","","","","false","false","Requires Clinical Validation","false","false","PricePending","[]","false","false","false","MicrobiologyMicroscopy","false","MixedTyped"
"38155c9d-51d9-491c-9795-6f8a0a635cd9","SKIN_TEST_FOR_LEPROSY","Skin test for Leprosy","","Cytology","Cytology","InHouse","","0","","","","","","false","0","2026-08-29T08:52:41+05:45","2026-08-29T08:52:41+05:45","false","false","","Individual","Draft","662f74e6-a41f-42fc-b23b-7dca003d5826","","TM256 identity only; clinical configuration, price and activation require separate approval.","1","","","","","false","false","Requires Clinical Validation","true","false","PricePending","[]","false","false","false","Routine","false","NumericSingle"
"d03e8b87-12cb-452a-9994-b4fc93f25ee2","STOOL_OB","Stool for Occult Blood (FOBT)","FOBT","Clinical Pathology","Clinical Pathology","InHouse","","20000","Fresh Stool Specimen","Stool Container","","2","","true","450","2026-08-19T08:29:33+05:45","2026-08-19T08:29:33+05:45","false","false","","Individual","Active","cc8f47da-255c-4710-b970-26534098fd0c","","","1","","","","","true","false","Configured","true","false","Fixed","[]","true","true","true","Routine","false","NumericSingle"
"af5f2637-e1b0-443a-8fde-92d386601dba","STOOL_ROUTINE_EXAMINATION","Stool R/E structured service","","Clinical Pathology","Clinical Pathology","NoReporting","","0","","","","","","false","0","2026-08-29T08:52:41+05:45","2026-08-29T08:52:41+05:45","false","false","","Individual","Draft","cc8f47da-255c-4710-b970-26534098fd0c","","TM256 identity only; clinical configuration, price and activation require separate approval.","1","","","","","false","false","Requires Clinical Validation","false","false","PricePending","[]","false","false","false","NoClinicalReport","false","StructuredNested"
"08619f65-d4fb-4805-a22e-aa36e3c18fec","STOOL_REDUCING_SUBSTANCES","Stool reducing substances","","Clinical Pathology","Clinical Pathology","InHouse","","0","","","","","","false","0","2026-08-29T08:52:41+05:45","2026-08-29T08:52:41+05:45","false","false","","Individual","Draft","cc8f47da-255c-4710-b970-26534098fd0c","","TM256 identity only; clinical configuration, price and activation require separate approval.","1","","","","","false","false","Requires Clinical Validation","true","false","PricePending","[]","false","false","false","Routine","false","NumericSingle"
"4af4f954-08a6-477d-bd54-201af29a3da6","STOOL_RE","Stool Routine & Microscopic Examination (Stool R/E)","Stool R/E","Clinical Pathology","Clinical Pathology","InHouse","","15000","Fresh Stool Specimen","Stool Container with Spoon","","2","","true","440","2026-08-19T08:29:33+05:45","2026-08-19T08:29:33+05:45","false","false","","Individual","Active","cc8f47da-255c-4710-b970-26534098fd0c","","","1","","","","","true","false","Configured","true","false","Fixed","[]","true","true","true","Routine","false","NumericMultiParameter"
"4cde3e2f-e14d-4b29-9b34-9a8aae9b7161","TB_GOLD_INTERFERON_GAMMA_RELEASE_ASSAY","TB GOLD, Interferon Gamma Release Assay","","Serology & Immunology","Serology & Immunology","InHouse","","0","","","","","","false","0","2026-08-29T08:52:41+05:45","2026-08-29T08:52:41+05:45","false","false","","Individual","Draft","5c47a8e4-7519-44cb-b0b9-35a1f89f8971","","TM256 identity only; clinical configuration, price and activation require separate approval.","1","","","","","false","false","Requires Clinical Validation","true","false","PricePending","[]","false","false","false","Routine","false","NumericMultiParameter"
"e87404d9-599a-41ec-aa35-b0636bd2edcd","TESTOSTERONE_FREE","Testosterone Free","","Endocrinology / Hormone","Hormones & Endocrinology","InHouse","","0","","","","","","false","0","2026-08-29T08:52:41+05:45","2026-08-29T08:52:41+05:45","false","false","","Individual","Draft","9e7ad776-49d7-4ba8-ad4a-3919f1933ec7","","TM256 identity only; clinical configuration, price and activation require separate approval.","1","","","","","false","false","Requires Clinical Validation","true","false","PricePending","[]","false","false","false","Routine","false","NumericSingle"
"db2e4b8a-4556-4f8e-91b0-2e61a21629c5","TESTOSTERONE_TOTAL","Testosterone Total","","Endocrinology / Hormone","Hormones & Endocrinology","InHouse","","0","","","","","","false","0","2026-08-29T08:52:41+05:45","2026-08-29T08:52:41+05:45","false","false","","Individual","Draft","9e7ad776-49d7-4ba8-ad4a-3919f1933ec7","","TM256 identity only; clinical configuration, price and activation require separate approval.","1","","","","","false","false","Requires Clinical Validation","true","false","PricePending","[]","false","false","false","Routine","false","NumericSingle"
"14fa5c20-7c65-42e7-9c81-a3719bfc3086","DLC_3PART","Three-Part Differential Leukocyte Count","3-Part DLC","Hematology","Hematology","InHouse","","0","","","","","","false","0","2026-08-29T08:52:41+05:45","2026-08-29T08:52:41+05:45","false","false","","Individual","Draft","50a22a24-84f3-4ec4-aa5c-65c52f9b1c29","","TM256 identity only; clinical configuration, price and activation require separate approval.","1","","","","","false","false","Requires Clinical Validation","true","false","PricePending","[]","false","false","false","Routine","false","NumericMultiParameter"
"160084bf-3c6d-46db-b89e-c9a093e1bd5d","THYROGLOBULIN_TG","Thyroglobulin (TG)","","Endocrinology / Hormone","Hormones & Endocrinology","InHouse","","0","","","","","","false","0","2026-08-29T08:52:41+05:45","2026-08-29T08:52:41+05:45","false","false","","Individual","Draft","9e7ad776-49d7-4ba8-ad4a-3919f1933ec7","","TM256 identity only; clinical configuration, price and activation require separate approval.","1","","","","","false","false","Requires Clinical Validation","true","false","PricePending","[]","false","false","false","Routine","false","NumericSingle"
"60971361-8849-4fd7-a674-ce6ae79d8dc1","THYROGLOBULIN_ANTIBODY_TGAB","Thyroglobulin Antibody (TgAb)","","Endocrinology / Hormone","Hormones & Endocrinology","InHouse","","0","","","","","","false","0","2026-08-29T08:52:41+05:45","2026-08-29T08:52:41+05:45","false","false","","Individual","Draft","9e7ad776-49d7-4ba8-ad4a-3919f1933ec7","","TM256 identity only; clinical configuration, price and activation require separate approval.","1","","","","","false","false","Requires Clinical Validation","true","false","PricePending","[]","false","false","false","Routine","false","Qualitative"
"10000000-0000-0000-0000-000000000005","THYROID_ECLIA","Thyroid Function Panel (FT3, FT4, Sensitive TSH)","","Immunology & Serology","Endocrinology","OutsourceWithBimalReport","","120000","Serum","Yellow Top (SST)","","24","","true","5","2026-08-19T07:08:19+05:45","2026-08-19T07:08:19+05:45","false","false","","Profile","Active","5c47a8e4-7519-44cb-b0b9-35a1f89f8971","","","1","","","","","true","false","Configured","true","false","Fixed","[]","true","false","true","Routine","false","Profile"
"da7fae3f-f430-4d3b-88e1-60be66877cde","THYROID_PROFILE","Thyroid Profile (T3, T4, TSH)","TFT","Immunology & Endocrinology","Endocrinology","InHouse","","120000","Serum","Yellow Top (SST)","","6","","true","260","2026-08-19T08:29:33+05:45","2026-08-19T08:29:33+05:45","false","false","","Profile","Active","9e7ad776-49d7-4ba8-ad4a-3919f1933ec7","","","1","","","","","true","false","Configured","true","false","Fixed","[]","true","false","true","Routine","false","Profile"
"233f0074-7dee-4471-8c0e-cbf7ce528d2a","TSH","Thyroid Stimulating Hormone (TSH, Ultrasensitive)","TSH","Immunology & Endocrinology","Endocrinology","InHouse","","50000","Serum","Yellow Top (SST)","","4","","true","290","2026-08-19T08:29:33+05:45","2026-08-19T08:29:33+05:45","false","false","","Individual","Active","9e7ad776-49d7-4ba8-ad4a-3919f1933ec7","","","1","","","","","true","false","Configured","true","false","Fixed","[""thyroid-stimulating hormone, tsh"",""tsh""]","true","false","true","Routine","false","NumericSingle"
"80f86bdc-e6d7-4817-a899-4c77b5b1f066","T4","Thyroxine Total (T4)","T4","Immunology & Endocrinology","Endocrinology","InHouse","","50000","Serum","Yellow Top (SST)","","6","","true","280","2026-08-19T08:29:33+05:45","2026-08-19T08:29:33+05:45","false","false","","Individual","Active","9e7ad776-49d7-4ba8-ad4a-3919f1933ec7","","","1","","","","","true","false","Configured","true","false","Fixed","[""t4""]","true","false","true","Routine","false","NumericSingle"
"28835feb-dd76-4397-8764-f366fbbce2f7","CHOL_TOTAL","Total Cholesterol","","Biochemistry & Clinical Chemistry","Biochemistry & Clinical Chemistry","NoReporting","","0","","","","","","false","0","2026-08-26T21:05:55+05:45","2026-08-26T21:05:55+05:45","false","false","","Individual","Draft","33e32ee7-a3d3-433f-a0b8-ed25da80db2c","","Reviewed reference-catalogue identity; clinical configuration required.","1","","","","","false","false","Requires Clinical Validation","true","false","Fixed","[]","false","false","false","NoClinicalReport","false","NarrativeDocument"
"4041d088-8509-4c66-add2-20f684191dce","TIBC","Total Iron Binding Capacity (TIBC)","TIBC","Clinical Biochemistry","Iron Studies","InHouse","","70000","Serum","Yellow Top (SST)","","4","","true","500","2026-08-19T08:29:33+05:45","2026-08-19T08:29:33+05:45","false","false","","Individual","Active","33e32ee7-a3d3-433f-a0b8-ed25da80db2c","","","1","","","","","true","false","Configured","true","false","Fixed","[]","true","false","true","Routine","false","NumericSingle"
"eaf00dec-35af-46ef-9287-557b462a7844","TLC","Total Leukocyte Count (TLC / WBC)","TLC","Hematology","Routine Hematology","InHouse","","10000","Whole Blood","EDTA / Lavender Top","","2","","true","30","2026-08-19T08:29:33+05:45","2026-08-19T08:29:33+05:45","false","false","","Individual","Active","50a22a24-84f3-4ec4-aa5c-65c52f9b1c29","","","1","","","","","true","false","Configured","true","false","Fixed","[""wbc"",""tlc"",""wbc count"",""total leukocyte count"",""wbc_count"",""white blood cell count"",""tc""]","true","false","true","Routine","false","NumericSingle"
"a2921463-3ab3-430e-bb4a-6bbed1df158f","TOXO_IGG","Toxo IgG","","Clinical Biochemistry","Biochemistry & Clinical Chemistry","InHouse","","0","","","","","","false","0","2026-08-29T08:52:41+05:45","2026-08-29T08:52:41+05:45","false","false","","Individual","Draft","33e32ee7-a3d3-433f-a0b8-ed25da80db2c","","TM256 identity only; clinical configuration, price and activation require separate approval.","1","","","","","false","false","Requires Clinical Validation","true","false","PricePending","[]","false","false","false","Routine","false","NumericSingle"
"1fadb65b-5ba0-46ce-b092-fc4711764838","TOXO_IGM","Toxo IgM","","Clinical Biochemistry","Biochemistry & Clinical Chemistry","InHouse","","0","","","","","","false","0","2026-08-29T08:52:41+05:45","2026-08-29T08:52:41+05:45","false","false","","Individual","Draft","33e32ee7-a3d3-433f-a0b8-ed25da80db2c","","TM256 identity only; clinical configuration, price and activation require separate approval.","1","","","","","false","false","Requires Clinical Validation","true","false","PricePending","[]","false","false","false","Routine","false","NumericSingle"
"121141a6-cea6-4626-aee8-2c3d84213b80","TPHA","Treponema Pallidum Hemagglutination Assay","TPHA","Serology & Immunology","Serology & Immunology","InHouse","","0","","","","","","false","0","2026-08-29T08:52:41+05:45","2026-08-29T08:52:41+05:45","false","false","","Individual","Draft","5c47a8e4-7519-44cb-b0b9-35a1f89f8971","","TM256 identity only; clinical configuration, price and activation require separate approval.","1","","","","","false","false","Requires Clinical Validation","true","false","PricePending","[""tpha""]","false","false","false","Routine","false","Qualitative"
"26b4708e-4c66-4ac5-8eab-2fc3fb667112","TRIGLYCERIDES","Triglycerides","","Biochemistry & Clinical Chemistry","Biochemistry & Clinical Chemistry","NoReporting","","0","","","","","","false","0","2026-08-26T21:05:55+05:45","2026-08-26T21:05:55+05:45","false","false","","Individual","Draft","33e32ee7-a3d3-433f-a0b8-ed25da80db2c","","Potential profile-component collision; review required.","1","","","","","false","false","Requires Clinical Validation","true","false","Fixed","[]","false","false","false","NoClinicalReport","false","NarrativeDocument"
"6c08e557-2ad1-468b-a86c-5aa6c885eb6a","T3","Triiodothyronine Total (T3)","T3","Immunology & Endocrinology","Endocrinology","InHouse","","50000","Serum","Yellow Top (SST)","","6","","true","270","2026-08-19T08:29:33+05:45","2026-08-19T08:29:33+05:45","false","false","","Individual","Active","9e7ad776-49d7-4ba8-ad4a-3919f1933ec7","","","1","","","","","true","false","Configured","true","false","Fixed","[""t3""]","true","false","true","Routine","false","NumericSingle"
"17967b9d-a1f1-4ebe-a94a-a2390f69decb","TROPONIN_I","Troponin I","","Clinical Biochemistry / Immunoassay","Biochemistry & Clinical Chemistry","InHouse","","0","","","","","","false","0","2026-08-29T08:52:41+05:45","2026-08-29T08:52:41+05:45","false","false","","Individual","Draft","33e32ee7-a3d3-433f-a0b8-ed25da80db2c","","TM256 identity only; clinical configuration, price and activation require separate approval.","1","","","","","false","false","Requires Clinical Validation","true","false","PricePending","[]","false","false","false","Routine","false","NumericSingle"
"f332658e-decb-47c8-a87b-ede111497d27","TROPONIN_I_RAPID","Troponin I Rapid","","Clinical Biochemistry / Immunoassay","Biochemistry & Clinical Chemistry","InHouse","","0","","","","","","false","0","2026-08-29T08:52:41+05:45","2026-08-29T08:52:41+05:45","false","false","","Individual","Draft","33e32ee7-a3d3-433f-a0b8-ed25da80db2c","","TM256 identity only; clinical configuration, price and activation require separate approval.","1","","","","","false","false","Requires Clinical Validation","true","false","PricePending","[]","false","false","false","Routine","false","Qualitative"
"d1ec0b12-3276-4cdc-b410-76c6e04bc139","TROPONIN_T","Troponin T","","Clinical Biochemistry / Immunoassay","Biochemistry & Clinical Chemistry","InHouse","","0","","","","","","false","0","2026-08-29T08:52:41+05:45","2026-08-29T08:52:41+05:45","false","false","","Individual","Draft","33e32ee7-a3d3-433f-a0b8-ed25da80db2c","","TM256 identity only; clinical configuration, price and activation require separate approval.","1","","","","","false","false","Requires Clinical Validation","true","false","PricePending","[]","false","false","false","Routine","false","NumericSingle"
"7b19de0d-7cb4-43f0-8754-35faaa60a00d","TYPHIDOT_ANTIBODIES","Typhidot Antibodies","","Serology & Immunology","Serology & Immunology","InHouse","","0","","","","","","false","0","2026-08-29T08:52:41+05:45","2026-08-29T08:52:41+05:45","false","false","","Individual","Draft","5c47a8e4-7519-44cb-b0b9-35a1f89f8971","","TM256 identity only; clinical configuration, price and activation require separate approval.","1","","","","","false","false","Requires Clinical Validation","true","false","PricePending","[]","false","false","false","Routine","false","NumericMultiParameter"
"85089389-bc0c-4650-a278-e49a30e63f22","UIBC","UIBC","","Clinical Biochemistry","Biochemistry & Clinical Chemistry","InHouse","","0","","","","","","false","0","2026-08-29T08:52:41+05:45","2026-08-29T08:52:41+05:45","false","false","","Individual","Draft","33e32ee7-a3d3-433f-a0b8-ed25da80db2c","","TM256 identity only; clinical configuration, price and activation require separate approval.","1","","","","","false","false","Requires Clinical Validation","true","false","PricePending","[]","false","false","false","Routine","false","NumericSingle"
"f6dc9193-3b5e-43f0-bd98-5b3f7018acbc","URINE_BILE_PIGMENT","Urine Bile Pigment","","Clinical Pathology","Clinical Pathology","InHouse","","0","","","","","","false","0","2026-08-29T08:52:41+05:45","2026-08-29T08:52:41+05:45","false","false","","Individual","Draft","cc8f47da-255c-4710-b970-26534098fd0c","","TM256 identity only; clinical configuration, price and activation require separate approval.","1","","","","","false","false","Requires Clinical Validation","true","false","PricePending","[]","false","false","false","Routine","false","NumericSingle"
"3694f751-ef18-4bc9-9801-b85aa133d247","URINE_BILE_SALT","Urine Bile Salt","","Clinical Pathology","Clinical Pathology","InHouse","","0","","","","","","false","0","2026-08-29T08:52:41+05:45","2026-08-29T08:52:41+05:45","false","false","","Individual","Draft","cc8f47da-255c-4710-b970-26534098fd0c","","TM256 identity only; clinical configuration, price and activation require separate approval.","1","","","","","false","false","Requires Clinical Validation","true","false","PricePending","[]","false","false","false","Routine","false","NumericSingle"
"60fd714a-158a-4890-85b4-01a486b6f016","CORTISOL_URINE","Urine Cortisol","Urine Cortisol","Clinical Pathology","Clinical Pathology","InHouse","","0","","","","","","false","0","2026-08-29T08:52:41+05:45","2026-08-29T08:52:41+05:45","false","false","","Individual","Draft","cc8f47da-255c-4710-b970-26534098fd0c","","TM256 identity only; clinical configuration, price and activation require separate approval.","1","","","","","false","false","Requires Clinical Validation","true","false","PricePending","[]","false","false","false","Routine","false","NumericSingle"
"22169131-6d68-4b47-99f5-c319a06d7923","UCT","Urine Cotinine","UCT","Clinical Pathology","Clinical Pathology","InHouse","","0","","","","","","false","0","2026-08-29T08:52:41+05:45","2026-08-29T08:52:41+05:45","false","false","","Individual","Draft","cc8f47da-255c-4710-b970-26534098fd0c","","TM256 identity only; clinical configuration, price and activation require separate approval.","1","","","","","false","false","Requires Clinical Validation","true","false","PricePending","[""uct""]","false","false","false","Routine","false","NumericSingle"
"0ec4be7c-0bd2-4433-ba56-e310d60c8b84","URINE_FOR_AFB_24_HOURS","Urine for AFB 24 hours","","Microbiology","Microbiology & Culture","InHouse","","0","","","","","","false","0","2026-08-29T08:52:41+05:45","2026-08-29T08:52:41+05:45","false","false","","Individual","Draft","1f3a7368-f9be-47b6-8295-b5788e968e1c","","TM256 identity only; clinical configuration, price and activation require separate approval.","1","","","","","false","false","Requires Clinical Validation","true","false","PricePending","[]","false","false","false","Routine","false","NumericSingle"
"424bc573-30ad-4ce7-ad32-fc78d488b9b0","URINE_FOR_CHYLE","Urine for Chyle","","Clinical Pathology","Clinical Pathology","InHouse","","0","","","","","","false","0","2026-08-29T08:52:41+05:45","2026-08-29T08:52:41+05:45","false","false","","Individual","Draft","cc8f47da-255c-4710-b970-26534098fd0c","","TM256 identity only; clinical configuration, price and activation require separate approval.","1","","","","","false","false","Requires Clinical Validation","true","false","PricePending","[]","false","false","false","Routine","false","NumericSingle"
"81a8cc61-60ed-4c39-967a-ba1a1fe3d505","URINE_FOR_CREATININE","Urine for creatinine","","Clinical Pathology","Clinical Pathology","InHouse","","0","","","","","","false","0","2026-08-29T08:52:41+05:45","2026-08-29T08:52:41+05:45","false","false","","Individual","Draft","cc8f47da-255c-4710-b970-26534098fd0c","","TM256 identity only; clinical configuration, price and activation require separate approval.","1","","","","","false","false","Requires Clinical Validation","true","false","PricePending","[]","false","false","false","Routine","false","NumericSingle"
"6771132d-cdb6-4336-a976-0f4f33b0f3f0","URINE_FOR_ELISA_PREGNANCY","Urine for ELISA (Pregnancy)","","Clinical Pathology","Clinical Pathology","InHouse","","0","","","","","","false","0","2026-08-29T08:52:41+05:45","2026-08-29T08:52:41+05:45","false","false","","Individual","Draft","cc8f47da-255c-4710-b970-26534098fd0c","","TM256 identity only; clinical configuration, price and activation require separate approval.","1","","","","","false","false","Requires Clinical Validation","true","false","PricePending","[]","false","false","false","Routine","false","Qualitative"
"8b95a0b5-7f67-4f53-ae2d-14c8e65fac4d","URINE_FOR_FUNGAL","Urine for Fungal","","Clinical Pathology","Clinical Pathology","InHouse","","0","","","","","","false","0","2026-08-29T08:52:41+05:45","2026-08-29T08:52:41+05:45","false","false","","Individual","Draft","cc8f47da-255c-4710-b970-26534098fd0c","","TM256 identity only; clinical configuration, price and activation require separate approval.","1","","","","","false","false","Requires Clinical Validation","true","false","PricePending","[]","false","false","false","Routine","false","NumericSingle"
"b77723e5-89dd-4b81-89fb-41c3e93b975a","URINE_FOR_KETONE","Urine for Ketone","","Clinical Pathology","Clinical Pathology","InHouse","","0","","","","","","false","0","2026-08-29T08:52:41+05:45","2026-08-29T08:52:41+05:45","false","false","","Individual","Draft","cc8f47da-255c-4710-b970-26534098fd0c","","TM256 identity only; clinical configuration, price and activation require separate approval.","1","","","","","false","false","Requires Clinical Validation","true","false","PricePending","[]","false","false","false","Routine","false","NumericSingle"
"f50afe67-e593-4009-b2a7-9506ee44bebc","URINE_FOR_MICROALBUMIN","Urine for Microalbumin","","Clinical Pathology","Clinical Pathology","InHouse","","0","","","","","","false","0","2026-08-29T08:52:41+05:45","2026-08-29T08:52:41+05:45","false","false","","Individual","Draft","cc8f47da-255c-4710-b970-26534098fd0c","","TM256 identity only; clinical configuration, price and activation require separate approval.","1","","","","","false","false","Requires Clinical Validation","true","false","PricePending","[]","false","false","false","Routine","false","NumericSingle"
"8aa7dfd5-d05f-4de6-b80d-a7339372d8fe","URINE_FOR_PROTEIN","Urine for Protein","","Clinical Pathology","Clinical Pathology","InHouse","","0","","","","","","false","0","2026-08-29T08:52:41+05:45","2026-08-29T08:52:41+05:45","false","false","","Individual","Draft","cc8f47da-255c-4710-b970-26534098fd0c","","TM256 identity only; clinical configuration, price and activation require separate approval.","1","","","","","false","false","Requires Clinical Validation","true","false","PricePending","[]","false","false","false","Routine","false","NumericSingle"
"46d40e3c-43bb-4bd6-9561-a6127f6fceef","UPT","Urine Pregnancy Test","UPT","Clinical Pathology","Clinical Pathology","InHouse","","0","","","","","","false","0","2026-08-29T08:52:41+05:45","2026-08-29T08:52:41+05:45","false","false","","Individual","Draft","cc8f47da-255c-4710-b970-26534098fd0c","","TM256 identity only; clinical configuration, price and activation require separate approval.","1","","","","","false","false","Requires Clinical Validation","true","false","PricePending","[""upt""]","false","false","false","Routine","false","Qualitative"
"a4a2fbea-e105-47be-9447-dbaea51c3bb3","UPCR","Urine Protein Creatinine Ratio","UPCR","Molecular Diagnostics","Molecular & PCR","InHouse","","0","","","","","","false","0","2026-08-29T08:52:41+05:45","2026-08-29T08:52:41+05:45","false","false","","Individual","Draft","d30b1a72-728b-47f6-86eb-2bc93768c824","","TM256 identity only; clinical configuration, price and activation require separate approval.","1","","","","","false","false","Requires Clinical Validation","true","false","PricePending","[""upcr""]","false","false","false","Routine","false","NumericSingle"
"25c18a03-b214-40bf-a7d4-8b0550cba632","URINE_ROUTINE_EXAMINATION","Urine R/E structured service","","Clinical Pathology","Clinical Pathology","NoReporting","","0","","","","","","false","0","2026-08-29T08:52:41+05:45","2026-08-29T08:52:41+05:45","false","false","","Individual","Draft","cc8f47da-255c-4710-b970-26534098fd0c","","TM256 identity only; clinical configuration, price and activation require separate approval.","1","","","","","false","false","Requires Clinical Validation","false","false","PricePending","[]","false","false","false","NoClinicalReport","false","StructuredNested"
"ecaba295-74f4-473c-a9b5-c9d96c382f17","URINE_RE","Urine Routine & Microscopic Examination (Urine R/E)","Urine R/E","Clinical Pathology","Clinical Pathology","InHouse","","15000","Clean Catch Midstream Urine","Sterile Urine Container","","2","","true","430","2026-08-19T08:29:33+05:45","2026-08-19T08:29:33+05:45","false","false","","Individual","Active","cc8f47da-255c-4710-b970-26534098fd0c","","","1","","","","","true","false","Configured","true","false","Fixed","[]","true","false","true","Routine","false","NumericMultiParameter"
"7fd6dec4-0106-4117-94c6-15691db9e77e","URINE_SUGAR_FASTING","Urine Sugar Fasting","","Clinical Pathology","Clinical Pathology","InHouse","","0","","","","","","false","0","2026-08-29T08:52:41+05:45","2026-08-29T08:52:41+05:45","false","false","","Individual","Draft","cc8f47da-255c-4710-b970-26534098fd0c","","TM256 identity only; clinical configuration, price and activation require separate approval.","1","","","","","false","false","Requires Clinical Validation","true","false","PricePending","[]","false","false","false","Routine","false","NumericSingle"
"1e9b1dbb-f9be-4a7b-9eeb-408c7ca3f274","URINE_SUGAR_PP","Urine Sugar PP","","Clinical Pathology","Clinical Pathology","InHouse","","0","","","","","","false","0","2026-08-29T08:52:41+05:45","2026-08-29T08:52:41+05:45","false","false","","Individual","Draft","cc8f47da-255c-4710-b970-26534098fd0c","","TM256 identity only; clinical configuration, price and activation require separate approval.","1","","","","","false","false","Requires Clinical Validation","true","false","PricePending","[]","false","false","false","Routine","false","NumericSingle"
"5dba3402-9d76-45f1-9d54-59d7efcd3cf4","URINE_SUGAR_RANDOM","Urine Sugar Random","","Clinical Pathology","Clinical Pathology","InHouse","","0","","","","","","false","0","2026-08-29T08:52:41+05:45","2026-08-29T08:52:41+05:45","false","false","","Individual","Draft","cc8f47da-255c-4710-b970-26534098fd0c","","TM256 identity only; clinical configuration, price and activation require separate approval.","1","","","","","false","false","Requires Clinical Validation","true","false","PricePending","[]","false","false","false","Routine","false","NumericSingle"
"d8b93c66-6e7f-4a04-9f76-20a8dc5d05e1","VDRL","VDRL / RPR (Syphilis Serology)","VDRL","Serology & Immunology","Infectious Serology","InHouse","","0","Serum","Yellow Top (SST)","","2","","true","380","2026-08-19T08:29:33+05:45","2026-08-19T08:29:33+05:45","false","false","","Individual","Active","5c47a8e4-7519-44cb-b0b9-35a1f89f8971","","","1","","","","","false","false","Configured","true","false","PricePending","[""vdrl""]","true","true","true","Routine","false","NumericSingle"
"b91e8a0d-e791-4b44-bed9-01f1b8b39710","VITAMIN_B12","Vitamin B12 (Cyanocobalamin)","Vit B12","Clinical Biochemistry","Vitamins","InHouse","","180000","Serum","Yellow Top (SST)","","6","","true","470","2026-08-19T08:29:33+05:45","2026-08-19T08:29:33+05:45","false","false","","Individual","Active","33e32ee7-a3d3-433f-a0b8-ed25da80db2c","","","1","","","","","true","false","Configured","true","false","Fixed","[""vitamin b12""]","true","false","true","Routine","false","NumericSingle"
"dab17fca-0312-4981-88ed-be354452e3b6","WEIL_FELIX_TEST_SERUM","WEIL FELIX TEST, SERUM","","Serology & Immunology","Serology & Immunology","InHouse","","0","","","","","","false","0","2026-08-29T08:52:41+05:45","2026-08-29T08:52:41+05:45","false","false","","Individual","Draft","5c47a8e4-7519-44cb-b0b9-35a1f89f8971","","TM256 identity only; clinical configuration, price and activation require separate approval.","1","","","","","false","false","Requires Clinical Validation","true","false","PricePending","[]","false","false","false","Routine","false","NumericMultiParameter"
"5b85cb76-1c25-4f00-bcaf-9d5425a50ddf","WIDAL_TUBE_METHOD","Widal (Tube Method)","","Serology & Immunology","Serology & Immunology","NoReporting","","0","","","","","","false","0","2026-08-29T08:52:41+05:45","2026-08-29T08:52:41+05:45","false","false","","Individual","Draft","5c47a8e4-7519-44cb-b0b9-35a1f89f8971","","TM256 identity only; clinical configuration, price and activation require separate approval.","1","","","","","false","false","Requires Clinical Validation","true","false","PricePending","[]","false","false","false","NoClinicalReport","false","StructuredNested"
"7577ffae-65db-4314-ae72-6cbde1e01922","WIDAL","Widal Agglutination Test (Typhoid)","Widal","Serology & Immunology","Infectious Serology","InHouse","","0","Serum","Yellow Top (SST)","","2","","true","420","2026-08-19T08:29:33+05:45","2026-08-19T08:29:33+05:45","false","false","","Individual","Active","5c47a8e4-7519-44cb-b0b9-35a1f89f8971","","","1","","","","","false","false","Configured","true","false","PricePending","[]","true","true","true","Routine","false","NumericMultiParameter"
"30f2819f-cc4a-40f1-9c14-fdaa0a271ebe","WIDAL_SLIDE","Widal Test, Slide Method","Widal Slide","Serology & Immunology","Serology & Immunology","InHouse","","0","","","","","","false","0","2026-08-29T08:52:41+05:45","2026-08-29T08:52:41+05:45","false","false","","Individual","Draft","5c47a8e4-7519-44cb-b0b9-35a1f89f8971","","TM256 identity only; clinical configuration, price and activation require separate approval.","1","","","","","false","false","Requires Clinical Validation","true","false","PricePending","[]","false","false","false","Routine","false","MixedTyped"